{
  "count": 2,
  "value": [
    {
      "id": 18,
      "rev": 2,
      "fields": {
        "System.AreaPath": "$ProjectName$",
        "System.TeamProject": "$ProjectName$",
        "System.IterationPath": "$ProjectName$",
        "System.WorkItemType": "Epic",
        "System.State": "New",
        "System.Reason": "New epic",
        "System.CreatedDate": "2020-01-06T07:58:55.787Z",
        "System.CreatedBy": "Parag Varshney <Parag.Varshney@lntinfotech.com>",
        "System.ChangedDate": "2020-01-06T08:02:29.893Z",
        "System.ChangedBy": "Parag Varshney <Parag.Varshney@lntinfotech.com>",
        "System.Title": "Add docker support for .NETCORE project",
        "Microsoft.VSTS.Scheduling.Effort": 30.0,
        "System.Description": "<div>Add docker support for .NETCORE project by adding below files:</div><div><br></div><div>1. Dockerfile</div><div>2. DockerCompose.yml</div>",
        "System.AssignedTo": null,
        "Microsoft.VSTS.Scheduling.RemainingWork": 0.0,
        "Microsoft.VSTS.Common.Priority": 2.0,
        "System.BoardLane": null,
        "System.Tags": null,
        "Microsoft.VSTS.TCM.Steps": null,
        "Microsoft.VSTS.TCM.Parameters": null,
        "Microsoft.VSTS.TCM.LocalDataSource": null,
        "Microsoft.VSTS.TCM.AutomationStatus": null,
        "System.History": null
      },
      "relations": [
        {
          "rel": "System.LinkTypes.Hierarchy-Forward",
          "url": "https://dev.azure.com/DojoXtes/_apis/wit/workItems/4",
          "attributes": {
            "isLocked": "false",
            "comment": "Making a new link for the dependency",
            "name": "Child"
          }
        },
        {
          "rel": "System.LinkTypes.Hierarchy-Forward",
          "url": "https://dev.azure.com/DojoXtes/_apis/wit/workItems/3",
          "attributes": {
            "isLocked": "false",
            "comment": "Making a new link for the dependency",
            "name": "Child"
          }
        }
      ],
      "url": "https://dev.azure.com/DojoXtes/_apis/wit/workItems/18"
    },
    {
      "id": 17,
      "rev": 2,
      "fields": {
        "System.AreaPath": "$ProjectName$",
        "System.TeamProject": "$ProjectName$",
        "System.IterationPath": "$ProjectName$",
        "System.WorkItemType": "Epic",
        "System.State": "New",
        "System.Reason": "New epic",
        "System.CreatedDate": "2020-01-06T07:58:55.5Z",
        "System.CreatedBy": "Parag Varshney <Parag.Varshney@lntinfotech.com>",
        "System.ChangedDate": "2020-01-06T08:02:29.893Z",
        "System.ChangedBy": "Parag Varshney <Parag.Varshney@lntinfotech.com>",
        "System.Title": "Create CI-CD pipeline",
        "Microsoft.VSTS.Scheduling.Effort": 40.0,
        "System.Description": "Create CI-CD pipeline using VSTS and Azure",
        "System.AssignedTo": null,
        "Microsoft.VSTS.Scheduling.RemainingWork": 0.0,
        "Microsoft.VSTS.Common.Priority": 2.0,
        "System.BoardLane": null,
        "System.Tags": null,
        "Microsoft.VSTS.TCM.Steps": null,
        "Microsoft.VSTS.TCM.Parameters": null,
        "Microsoft.VSTS.TCM.LocalDataSource": null,
        "Microsoft.VSTS.TCM.AutomationStatus": null,
        "System.History": null
      },
      "relations": [
        {
          "rel": "System.LinkTypes.Hierarchy-Forward",
          "url": "https://dev.azure.com/DojoXtes/_apis/wit/workItems/1",
          "attributes": {
            "isLocked": "false",
            "comment": "Making a new link for the dependency",
            "name": "Child"
          }
        },
        {
          "rel": "System.LinkTypes.Hierarchy-Forward",
          "url": "https://dev.azure.com/DojoXtes/_apis/wit/workItems/2",
          "attributes": {
            "isLocked": "false",
            "comment": "Making a new link for the dependency",
            "name": "Child"
          }
        }
      ],
      "url": "https://dev.azure.com/DojoXtes/_apis/wit/workItems/17"
    }
  ],
  "HttpStatusCode": 0,
  "Message": null
}