{
  "count": 4,
  "value": [
    {
      "id": 4,
      "rev": 2,
      "fields": {
        "System.AreaPath": "$ProjectName$",
        "System.TeamProject": "$ProjectName$",
        "System.IterationPath": "$ProjectName$",
        "System.WorkItemType": "Feature",
        "System.State": "New",
        "System.Reason": "New feature",
        "System.CreatedDate": "2020-01-06T07:58:51.497Z",
        "System.CreatedBy": "Parag Varshney <Parag.Varshney@lntinfotech.com>",
        "System.ChangedDate": "2020-01-06T08:02:35.027Z",
        "System.ChangedBy": "Parag Varshney <Parag.Varshney@lntinfotech.com>",
        "System.Title": "Create DockerCompose.yml files",
        "Microsoft.VSTS.Scheduling.Effort": 10.0,
        "System.Description": "Create DockerCompose.yml files",
        "System.AssignedTo": null,
        "Microsoft.VSTS.Scheduling.RemainingWork": 0.0,
        "Microsoft.VSTS.Common.Priority": 2.0,
        "System.BoardLane": null,
        "System.Tags": null,
        "Microsoft.VSTS.TCM.Steps": null,
        "Microsoft.VSTS.TCM.Parameters": null,
        "Microsoft.VSTS.TCM.LocalDataSource": null,
        "Microsoft.VSTS.TCM.AutomationStatus": null,
        "System.History": null
      },
      "relations": [
        {
          "rel": "System.LinkTypes.Hierarchy-Forward",
          "url": "https://dev.azure.com/DojoXtes/_apis/wit/workItems/8",
          "attributes": {
            "isLocked": "false",
            "comment": "Making a new link for the dependency",
            "name": "Child"
          }
        },
        {
          "rel": "System.LinkTypes.Hierarchy-Reverse",
          "url": "https://dev.azure.com/DojoXtes/_apis/wit/workItems/18",
          "attributes": {
            "isLocked": "false",
            "comment": "Making a new link for the dependency",
            "name": "Parent"
          }
        }
      ],
      "url": "https://dev.azure.com/DojoXtes/_apis/wit/workItems/4"
    },
    {
      "id": 3,
      "rev": 2,
      "fields": {
        "System.AreaPath": "$ProjectName$",
        "System.TeamProject": "$ProjectName$",
        "System.IterationPath": "$ProjectName$",
        "System.WorkItemType": "Feature",
        "System.State": "New",
        "System.Reason": "New feature",
        "System.CreatedDate": "2020-01-06T07:58:50.813Z",
        "System.CreatedBy": "Parag Varshney <Parag.Varshney@lntinfotech.com>",
        "System.ChangedDate": "2020-01-06T08:02:35.027Z",
        "System.ChangedBy": "Parag Varshney <Parag.Varshney@lntinfotech.com>",
        "System.Title": "Create Dockerfile for .web project",
        "Microsoft.VSTS.Scheduling.Effort": 10.0,
        "System.Description": "<div>Create Dockerfile for .web project</div>",
        "System.AssignedTo": null,
        "Microsoft.VSTS.Scheduling.RemainingWork": 0.0,
        "Microsoft.VSTS.Common.Priority": 2.0,
        "System.BoardLane": null,
        "System.Tags": null,
        "Microsoft.VSTS.TCM.Steps": null,
        "Microsoft.VSTS.TCM.Parameters": null,
        "Microsoft.VSTS.TCM.LocalDataSource": null,
        "Microsoft.VSTS.TCM.AutomationStatus": null,
        "System.History": null
      },
      "relations": [
        {
          "rel": "System.LinkTypes.Hierarchy-Reverse",
          "url": "https://dev.azure.com/DojoXtes/_apis/wit/workItems/18",
          "attributes": {
            "isLocked": "false",
            "comment": "Making a new link for the dependency",
            "name": "Parent"
          }
        },
        {
          "rel": "System.LinkTypes.Hierarchy-Forward",
          "url": "https://dev.azure.com/DojoXtes/_apis/wit/workItems/10",
          "attributes": {
            "isLocked": "false",
            "comment": "Making a new link for the dependency",
            "name": "Child"
          }
        }
      ],
      "url": "https://dev.azure.com/DojoXtes/_apis/wit/workItems/3"
    },
    {
      "id": 2,
      "rev": 2,
      "fields": {
        "System.AreaPath": "$ProjectName$",
        "System.TeamProject": "$ProjectName$",
        "System.IterationPath": "$ProjectName$",
        "System.WorkItemType": "Feature",
        "System.State": "New",
        "System.Reason": "New feature",
        "System.CreatedDate": "2020-01-06T07:58:50.437Z",
        "System.CreatedBy": "Parag Varshney <Parag.Varshney@lntinfotech.com>",
        "System.ChangedDate": "2020-01-06T08:02:35.027Z",
        "System.ChangedBy": "Parag Varshney <Parag.Varshney@lntinfotech.com>",
        "System.Title": "Create Endpoints in VSTS",
        "Microsoft.VSTS.Scheduling.Effort": 5.0,
        "System.Description": "Create Endpoints in VSTS so that VSTS is connected to Azure components",
        "System.AssignedTo": null,
        "Microsoft.VSTS.Scheduling.RemainingWork": 0.0,
        "Microsoft.VSTS.Common.Priority": 2.0,
        "System.BoardLane": null,
        "System.Tags": null,
        "Microsoft.VSTS.TCM.Steps": null,
        "Microsoft.VSTS.TCM.Parameters": null,
        "Microsoft.VSTS.TCM.LocalDataSource": null,
        "Microsoft.VSTS.TCM.AutomationStatus": null,
        "System.History": null
      },
      "relations": [
        {
          "rel": "System.LinkTypes.Hierarchy-Reverse",
          "url": "https://dev.azure.com/DojoXtes/_apis/wit/workItems/17",
          "attributes": {
            "isLocked": "false",
            "comment": "Making a new link for the dependency",
            "name": "Parent"
          }
        },
        {
          "rel": "System.LinkTypes.Hierarchy-Forward",
          "url": "https://dev.azure.com/DojoXtes/_apis/wit/workItems/5",
          "attributes": {
            "isLocked": "false",
            "comment": "Making a new link for the dependency",
            "name": "Child"
          }
        },
        {
          "rel": "System.LinkTypes.Hierarchy-Forward",
          "url": "https://dev.azure.com/DojoXtes/_apis/wit/workItems/6",
          "attributes": {
            "isLocked": "false",
            "comment": "Making a new link for the dependency",
            "name": "Child"
          }
        }
      ],
      "url": "https://dev.azure.com/DojoXtes/_apis/wit/workItems/2"
    },
    {
      "id": 1,
      "rev": 2,
      "fields": {
        "System.AreaPath": "$ProjectName$",
        "System.TeamProject": "$ProjectName$",
        "System.IterationPath": "$ProjectName$",
        "System.WorkItemType": "Feature",
        "System.State": "New",
        "System.Reason": "New feature",
        "System.CreatedDate": "2020-01-06T07:58:49.993Z",
        "System.CreatedBy": "Parag Varshney <Parag.Varshney@lntinfotech.com>",
        "System.ChangedDate": "2020-01-06T08:02:35.027Z",
        "System.ChangedBy": "Parag Varshney <Parag.Varshney@lntinfotech.com>",
        "System.Title": "Create Azure components through ARM template",
        "Microsoft.VSTS.Scheduling.Effort": 3.0,
        "System.Description": "<div>Create Azure components through ARM template, such as:</div><div><br></div><div>1. Azure Container Registry</div><div>2. Azure Web App which uses Linux OS</div>",
        "System.AssignedTo": null,
        "Microsoft.VSTS.Scheduling.RemainingWork": 0.0,
        "Microsoft.VSTS.Common.Priority": 2.0,
        "System.BoardLane": null,
        "System.Tags": null,
        "Microsoft.VSTS.TCM.Steps": null,
        "Microsoft.VSTS.TCM.Parameters": null,
        "Microsoft.VSTS.TCM.LocalDataSource": null,
        "Microsoft.VSTS.TCM.AutomationStatus": null,
        "System.History": null
      },
      "relations": [
        {
          "rel": "System.LinkTypes.Hierarchy-Forward",
          "url": "https://dev.azure.com/DojoXtes/_apis/wit/workItems/7",
          "attributes": {
            "isLocked": "false",
            "comment": "Making a new link for the dependency",
            "name": "Child"
          }
        },
        {
          "rel": "System.LinkTypes.Hierarchy-Reverse",
          "url": "https://dev.azure.com/DojoXtes/_apis/wit/workItems/17",
          "attributes": {
            "isLocked": "false",
            "comment": "Making a new link for the dependency",
            "name": "Parent"
          }
        },
        {
          "rel": "System.LinkTypes.Hierarchy-Forward",
          "url": "https://dev.azure.com/DojoXtes/_apis/wit/workItems/9",
          "attributes": {
            "isLocked": "false",
            "comment": "Making a new link for the dependency",
            "name": "Child"
          }
        }
      ],
      "url": "https://dev.azure.com/DojoXtes/_apis/wit/workItems/1"
    }
  ],
  "HttpStatusCode": 0,
  "Message": null
}