{
  "count": 6,
  "value": [
    {
      "id": 10,
      "rev": 1,
      "fields": {
        "System.AreaPath": "$ProjectName$",
        "System.TeamProject": "$ProjectName$",
        "System.IterationPath": "$ProjectName$",
        "System.WorkItemType": "Product Backlog Item",
        "System.State": "Approved",
        "System.Reason": "Approved by the Product Owner",
        "System.CreatedDate": "2020-01-06T07:58:53.437Z",
        "System.CreatedBy": "Parag Varshney <Parag.Varshney@lntinfotech.com>",
        "System.ChangedDate": "2020-01-06T07:58:53.437Z",
        "System.ChangedBy": "Parag Varshney <Parag.Varshney@lntinfotech.com>",
        "System.Title": "Add Dockerfile to .web project",
        "Microsoft.VSTS.Scheduling.Effort": 10.0,
        "System.Description": "<div>Add Dockerfile to .web project</div>",
        "System.AssignedTo": null,
        "Microsoft.VSTS.Scheduling.RemainingWork": 0.0,
        "Microsoft.VSTS.Common.Priority": 2.0,
        "System.BoardLane": null,
        "System.Tags": "Docker",
        "Microsoft.VSTS.TCM.Steps": null,
        "Microsoft.VSTS.TCM.Parameters": null,
        "Microsoft.VSTS.TCM.LocalDataSource": null,
        "Microsoft.VSTS.TCM.AutomationStatus": null,
        "System.History": null
      },
      "relations": [
        {
          "rel": "System.LinkTypes.Hierarchy-Forward",
          "url": "https://dev.azure.com/DojoXtes/_apis/wit/workItems/15",
          "attributes": {
            "isLocked": "false",
            "comment": "Making a new link for the dependency",
            "name": "Child"
          }
        },
        {
          "rel": "System.LinkTypes.Hierarchy-Reverse",
          "url": "https://dev.azure.com/DojoXtes/_apis/wit/workItems/3",
          "attributes": {
            "isLocked": "false",
            "comment": "Making a new link for the dependency",
            "name": "Parent"
          }
        }
      ],
      "url": "https://dev.azure.com/DojoXtes/_apis/wit/workItems/10"
    },
    {
      "id": 9,
      "rev": 1,
      "fields": {
        "System.AreaPath": "$ProjectName$",
        "System.TeamProject": "$ProjectName$",
        "System.IterationPath": "$ProjectName$",
        "System.WorkItemType": "Product Backlog Item",
        "System.State": "Approved",
        "System.Reason": "Approved by the Product Owner",
        "System.CreatedDate": "2020-01-06T07:58:53.147Z",
        "System.CreatedBy": "Parag Varshney <Parag.Varshney@lntinfotech.com>",
        "System.ChangedDate": "2020-01-06T07:58:53.147Z",
        "System.ChangedBy": "Parag Varshney <Parag.Varshney@lntinfotech.com>",
        "System.Title": "Develop ARM template",
        "Microsoft.VSTS.Scheduling.Effort": 2.0,
        "System.Description": "<div>Develop ARM template with below components:</div><div><br></div><div>1. azuredeploy.json</div><div>2. azuredeploy.parameters.json</div>",
        "System.AssignedTo": null,
        "Microsoft.VSTS.Scheduling.RemainingWork": 0.0,
        "Microsoft.VSTS.Common.Priority": 2.0,
        "System.BoardLane": null,
        "System.Tags": "Templates",
        "Microsoft.VSTS.TCM.Steps": null,
        "Microsoft.VSTS.TCM.Parameters": null,
        "Microsoft.VSTS.TCM.LocalDataSource": null,
        "Microsoft.VSTS.TCM.AutomationStatus": null,
        "System.History": null
      },
      "relations": [
        {
          "rel": "System.LinkTypes.Hierarchy-Reverse",
          "url": "https://dev.azure.com/DojoXtes/_apis/wit/workItems/1",
          "attributes": {
            "isLocked": "false",
            "comment": "Making a new link for the dependency",
            "name": "Parent"
          }
        },
        {
          "rel": "System.LinkTypes.Hierarchy-Forward",
          "url": "https://dev.azure.com/DojoXtes/_apis/wit/workItems/11",
          "attributes": {
            "isLocked": "false",
            "comment": "Making a new link for the dependency",
            "name": "Child"
          }
        },
        {
          "rel": "System.LinkTypes.Hierarchy-Forward",
          "url": "https://dev.azure.com/DojoXtes/_apis/wit/workItems/12",
          "attributes": {
            "isLocked": "false",
            "comment": "Making a new link for the dependency",
            "name": "Child"
          }
        }
      ],
      "url": "https://dev.azure.com/DojoXtes/_apis/wit/workItems/9"
    },
    {
      "id": 8,
      "rev": 1,
      "fields": {
        "System.AreaPath": "$ProjectName$",
        "System.TeamProject": "$ProjectName$",
        "System.IterationPath": "$ProjectName$",
        "System.WorkItemType": "Product Backlog Item",
        "System.State": "New",
        "System.Reason": "New backlog item",
        "System.CreatedDate": "2020-01-06T07:58:52.823Z",
        "System.CreatedBy": "Parag Varshney <Parag.Varshney@lntinfotech.com>",
        "System.ChangedDate": "2020-01-06T07:58:52.823Z",
        "System.ChangedBy": "Parag Varshney <Parag.Varshney@lntinfotech.com>",
        "System.Title": "Add Dockercompose.yml files",
        "Microsoft.VSTS.Scheduling.Effort": 10.0,
        "System.Description": "<div>Add below files:</div><div><br></div><div>1. docker-compose.ci.build.yml<br>2. docker-compose.yml </div><div>3. Under (2) add docker-compose.override.yml</div>",
        "System.AssignedTo": null,
        "Microsoft.VSTS.Scheduling.RemainingWork": 0.0,
        "Microsoft.VSTS.Common.Priority": 2.0,
        "System.BoardLane": null,
        "System.Tags": "Docker",
        "Microsoft.VSTS.TCM.Steps": null,
        "Microsoft.VSTS.TCM.Parameters": null,
        "Microsoft.VSTS.TCM.LocalDataSource": null,
        "Microsoft.VSTS.TCM.AutomationStatus": null,
        "System.History": null
      },
      "relations": [
        {
          "rel": "System.LinkTypes.Hierarchy-Reverse",
          "url": "https://dev.azure.com/DojoXtes/_apis/wit/workItems/4",
          "attributes": {
            "isLocked": "false",
            "comment": "Making a new link for the dependency",
            "name": "Parent"
          }
        },
        {
          "rel": "System.LinkTypes.Hierarchy-Forward",
          "url": "https://dev.azure.com/DojoXtes/_apis/wit/workItems/16",
          "attributes": {
            "isLocked": "false",
            "comment": "Making a new link for the dependency",
            "name": "Child"
          }
        }
      ],
      "url": "https://dev.azure.com/DojoXtes/_apis/wit/workItems/8"
    },
    {
      "id": 7,
      "rev": 1,
      "fields": {
        "System.AreaPath": "$ProjectName$",
        "System.TeamProject": "$ProjectName$",
        "System.IterationPath": "$ProjectName$",
        "System.WorkItemType": "Product Backlog Item",
        "System.State": "New",
        "System.Reason": "New backlog item",
        "System.CreatedDate": "2020-01-06T07:58:52.463Z",
        "System.CreatedBy": "Parag Varshney <Parag.Varshney@lntinfotech.com>",
        "System.ChangedDate": "2020-01-06T07:58:52.463Z",
        "System.ChangedBy": "Parag Varshney <Parag.Varshney@lntinfotech.com>",
        "System.Title": "Identify Azure components required",
        "Microsoft.VSTS.Scheduling.Effort": 2.0,
        "System.Description": "Identify Azure components required",
        "System.AssignedTo": null,
        "Microsoft.VSTS.Scheduling.RemainingWork": 0.0,
        "Microsoft.VSTS.Common.Priority": 2.0,
        "System.BoardLane": null,
        "System.Tags": "Azure",
        "Microsoft.VSTS.TCM.Steps": null,
        "Microsoft.VSTS.TCM.Parameters": null,
        "Microsoft.VSTS.TCM.LocalDataSource": null,
        "Microsoft.VSTS.TCM.AutomationStatus": null,
        "System.History": null
      },
      "relations": [
        {
          "rel": "System.LinkTypes.Hierarchy-Reverse",
          "url": "https://dev.azure.com/DojoXtes/_apis/wit/workItems/1",
          "attributes": {
            "isLocked": "false",
            "comment": "Making a new link for the dependency",
            "name": "Parent"
          }
        }
      ],
      "url": "https://dev.azure.com/DojoXtes/_apis/wit/workItems/7"
    },
    {
      "id": 6,
      "rev": 1,
      "fields": {
        "System.AreaPath": "$ProjectName$",
        "System.TeamProject": "$ProjectName$",
        "System.IterationPath": "$ProjectName$",
        "System.WorkItemType": "Product Backlog Item",
        "System.State": "New",
        "System.Reason": "New backlog item",
        "System.CreatedDate": "2020-01-06T07:58:52.16Z",
        "System.CreatedBy": "Parag Varshney <Parag.Varshney@lntinfotech.com>",
        "System.ChangedDate": "2020-01-06T07:58:52.16Z",
        "System.ChangedBy": "Parag Varshney <Parag.Varshney@lntinfotech.com>",
        "System.Title": "Create Endpoint for Azure Container Registry",
        "Microsoft.VSTS.Scheduling.Effort": 1.0,
        "System.Description": "Create Endpoint for Azure Container Registry in VSTS",
        "System.AssignedTo": null,
        "Microsoft.VSTS.Scheduling.RemainingWork": 0.0,
        "Microsoft.VSTS.Common.Priority": 2.0,
        "System.BoardLane": null,
        "System.Tags": "Azure; VSTS",
        "Microsoft.VSTS.TCM.Steps": null,
        "Microsoft.VSTS.TCM.Parameters": null,
        "Microsoft.VSTS.TCM.LocalDataSource": null,
        "Microsoft.VSTS.TCM.AutomationStatus": null,
        "System.History": null
      },
      "relations": [
        {
          "rel": "System.LinkTypes.Hierarchy-Reverse",
          "url": "https://dev.azure.com/DojoXtes/_apis/wit/workItems/2",
          "attributes": {
            "isLocked": "false",
            "comment": "Making a new link for the dependency",
            "name": "Parent"
          }
        },
        {
          "rel": "System.LinkTypes.Hierarchy-Forward",
          "url": "https://dev.azure.com/DojoXtes/_apis/wit/workItems/14",
          "attributes": {
            "isLocked": "false",
            "comment": "Making a new link for the dependency",
            "name": "Child"
          }
        }
      ],
      "url": "https://dev.azure.com/DojoXtes/_apis/wit/workItems/6"
    },
    {
      "id": 5,
      "rev": 1,
      "fields": {
        "System.AreaPath": "$ProjectName$",
        "System.TeamProject": "$ProjectName$",
        "System.IterationPath": "$ProjectName$",
        "System.WorkItemType": "Product Backlog Item",
        "System.State": "New",
        "System.Reason": "New backlog item",
        "System.CreatedDate": "2020-01-06T07:58:51.82Z",
        "System.CreatedBy": "Parag Varshney <Parag.Varshney@lntinfotech.com>",
        "System.ChangedDate": "2020-01-06T07:58:51.82Z",
        "System.ChangedBy": "Parag Varshney <Parag.Varshney@lntinfotech.com>",
        "System.Title": "Create Endpoint for Azure Resource Manager",
        "Microsoft.VSTS.Scheduling.Effort": 1.0,
        "System.Description": "Create Endpoint for Azure Resource Manager such that it points to your active Azure subscription",
        "System.AssignedTo": null,
        "Microsoft.VSTS.Scheduling.RemainingWork": 0.0,
        "Microsoft.VSTS.Common.Priority": 2.0,
        "System.BoardLane": null,
        "System.Tags": "Azure; VSTS",
        "Microsoft.VSTS.TCM.Steps": null,
        "Microsoft.VSTS.TCM.Parameters": null,
        "Microsoft.VSTS.TCM.LocalDataSource": null,
        "Microsoft.VSTS.TCM.AutomationStatus": null,
        "System.History": null
      },
      "relations": [
        {
          "rel": "System.LinkTypes.Hierarchy-Forward",
          "url": "https://dev.azure.com/DojoXtes/_apis/wit/workItems/13",
          "attributes": {
            "isLocked": "false",
            "comment": "Making a new link for the dependency",
            "name": "Child"
          }
        },
        {
          "rel": "System.LinkTypes.Hierarchy-Reverse",
          "url": "https://dev.azure.com/DojoXtes/_apis/wit/workItems/2",
          "attributes": {
            "isLocked": "false",
            "comment": "Making a new link for the dependency",
            "name": "Parent"
          }
        }
      ],
      "url": "https://dev.azure.com/DojoXtes/_apis/wit/workItems/5"
    }
  ],
  "HttpStatusCode": 0,
  "Message": null
}