{
  "source": "userInterface",
  "revision": 13,
  "description": null,
  "createdBy": "{}",
  "createdOn": "",
  "modifiedBy": "{}",
  "modifiedOn": "",
  "isDeleted": false,
  "lastRelease": {
    "id": 211,
    "name": "Release-13",
    "artifacts": [],
    "_links": {},
    "description": "",
    "releaseDefinition": {
      "id": 23,
      "projectReference": null,
      "_links": {}
    },
    "createdOn": "2019-09-26T18:00:40.573Z",
    "createdBy": {
      "displayName": "Aakanksha .",
      "url": "https://vssps.dev.azure.com/e/Microsoft/_apis/Identities/cb9715f6-e4a0-6958-99d4-f54dba591bb5",
      "_links": {
        "avatar": {
          "href": "https://dev.azure.com/servicescode/_apis/GraphProfile/MemberAvatars/aad.Y2I5NzE1ZjYtZTRhMC03OTU4LTk5ZDQtZjU0ZGJhNTkxYmI1"
        }
      },
      "id": "cb9715f6-e4a0-6958-99d4-f54dba591bb5",
      "uniqueName": "aak@microsoft.com",
      "imageUrl": "https://dev.azure.com/servicescode/_apis/GraphProfile/MemberAvatars/aad.Y2I5NzE1ZjYtZTRhMC03OTU4LTk5ZDQtZjU0ZGJhNTkxYmI1",
      "descriptor": "aad.Y2I5NzE1ZjYtZTRhMC03OTU4LTk5ZDQtZjU0ZGJhNTkxYmI1"
    }
  },
  "variables": {
    "system.debug": {
      "value": "true"
    }
  },
  "variableGroups": [
    "$All-Stages-Booking$"
  ],
  "environments": [
    {
      "id": 144,
      "name": "Release to DEV",
      "rank": 1,
      "owner": {
        "displayName": "$OwnerDisplayName$",
        "url": "",
        "_links": "{}",
        "id": "$OwnerId$",
        "uniqueName": "$OwnerUniqueName$",
        "imageUrl": "",
        "descriptor": ""
      },
      "variables": {},
      "variableGroups": [
        "$Bookings-DEV$"
      ],
      "preDeployApprovals": {
        "approvals": [
          {
            "rank": 1,
            "isAutomated": true,
            "isNotificationOn": false,
            "id": 437
          }
        ],
        "approvalOptions": {
          "requiredApproverCount": null,
          "releaseCreatorCanBeApprover": false,
          "autoTriggeredAndPreviousEnvironmentApprovedCanBeSkipped": false,
          "enforceIdentityRevalidation": false,
          "timeoutInMinutes": 0,
          "executionOrder": "beforeGates"
        }
      },
      "deployStep": {
        "id": 456
      },
      "postDeployApprovals": {
        "approvals": [
          {
            "rank": 1,
            "isAutomated": true,
            "isNotificationOn": false,
            "id": 457
          }
        ],
        "approvalOptions": {
          "requiredApproverCount": null,
          "releaseCreatorCanBeApprover": false,
          "autoTriggeredAndPreviousEnvironmentApprovedCanBeSkipped": false,
          "enforceIdentityRevalidation": false,
          "timeoutInMinutes": 0,
          "executionOrder": "afterSuccessfulGates"
        }
      },
      "deployPhases": [
        {
          "deploymentInput": {
            "parallelExecution": {
              "parallelExecutionType": "none"
            },
            "agentSpecification": null,
            "skipArtifactsDownload": false,
            "artifactsDownloadInput": {
              "downloadInputs": [
                {
                  "alias": "_Build Shared Services and PaaS",
                  "artifactType": "Build",
                  "artifactDownloadMode": "All",
                  "artifactItems": []
                }
              ]
            },
            "queueId": "$Hosted VS2017$",
            "demands": [],
            "enableAccessToken": false,
            "timeoutInMinutes": 0,
            "jobCancelTimeoutInMinutes": 1,
            "condition": "succeeded()",
            "overrideInputs": {}
          },
          "rank": 1,
          "phaseType": "agentBasedDeployment",
          "name": "Provision and Deploy",
          "refName": null,
          "workflowTasks": [
            {
              "environment": {},
              "taskId": "10070d96-f7d7-4c22-9f56-9a52a4c0a2c3",
              "version": "1.*",
              "name": "Bookings-CD-CQ-CS",
              "refName": "",
              "enabled": true,
              "alwaysRun": true,
              "continueOnError": true,
              "timeoutInMinutes": 0,
              "definitionType": "metaTask",
              "overrideInputs": {},
              "condition": "succeededOrFailed()",
              "inputs": {
                "administratorLogin": "$(administratorLogin)",
                "administratorPassword": "$(administratorPassword)",
                "administratorsid": "$(administratorsid)",
                "appserviceplan": "$(appserviceplan)",
                "armAppServiceOutput": "$(armAppServiceOutput)",
                "authenticationMode": "$(authenticationMode)",
                "databasename": "$(databasename)",
                "diagnosticStorageAccountName": "$(diagnosticStorageAccountName)",
                "diagnosticStorageResourceGroup": "$(diagnosticStorageResourceGroup)",
                "keyvaultlogstorageaccountaccesskey": "$(keyvaultlogstorageaccountaccesskey)",
                "keyvaultname": "$(keyvaultname)",
                "keyvaultserviceprincipalclientid": "$(keyvaultserviceprincipalclientid)",
                "keyvaultserviceprincipalclientpassword": "$(keyvaultserviceprincipalclientpassword)",
                "localsqlserveradmin": "$(localsqlserveradmin)",
                "localsqlserveradministratorpassword": "$(localsqlserveradministratorpassword)",
                "logAnalyticsWorkspaceName": "$(logAnalyticsWorkspaceName)",
                "logAnalyticsWorkspaceResourceGroup": "$(logAnalyticsWorkspaceResourceGroup)",
                "objectId": "$(objectId)",
                "resourcegroup": "$(resourcegroup)",
                "rglocation": "$(rglocation)",
                "securitylogstorageaccountaccesskey": "$(securitylogstorageaccountaccesskey)",
                "securitylogstorageaccountendpoint": "$(securitylogstorageaccountendpoint)",
                "sqlsecuritylogstorageaccountname": "$(sqlsecuritylogstorageaccountname)",
                "sqlserver": "$(sqlserver)",
                "sqlserveradmin": "$(sqlserveradmin)",
                "sqlserveradministratorpassword": "$(sqlserveradministratorpassword)",
                "storageAccountOutput": "$(storageAccountOutput)",
                "storageAccountResourceId": "$(storageAccountResourceId)",
                "tenantId": "$(tenantId)",
                "vaultsku": "$(vaultsku)",
                "webapp": "$(webapp)"
              }
            }
          ]
        }
      ],
      "environmentOptions": {
        "emailNotificationType": "OnlyOnFailure",
        "emailRecipients": "release.environment.owner;release.creator",
        "skipArtifactsDownload": false,
        "timeoutInMinutes": 0,
        "enableAccessToken": false,
        "publishDeploymentStatus": true,
        "badgeEnabled": false,
        "autoLinkWorkItems": false,
        "pullRequestDeploymentEnabled": false
      },
      "demands": [],
      "conditions": [
        {
          "name": "ReleaseStarted",
          "conditionType": "event",
          "value": ""
        }
      ],
      "executionPolicy": {
        "concurrencyCount": 1,
        "queueDepthCount": 0
      },
      "schedules": [],
      "currentRelease": {
        "id": 206,
        "url": "https://vsrm.dev.azure.com/servicescode/1c2ab7e5-8ba6-4f8d-bad9-d112e6996d51/_apis/Release/releases/206",
        "_links": {}
      },
      "retentionPolicy": {
        "daysToKeep": 30,
        "releasesToKeep": 3,
        "retainBuild": true
      },
      "processParameters": {},
      "properties": {
        "LinkBoardsWorkItems": {
          "$type": "System.String",
          "$value": "False"
        }
      },
      "preDeploymentGates": {
        "id": 0,
        "gatesOptions": {
          "isEnabled": false,
          "timeout": 1440,
          "samplingInterval": 15,
          "stabilizationTime": 5,
          "minimumSuccessDuration": 0
        },
        "gates": []
      },
      "postDeploymentGates": {
        "id": 0,
        "gatesOptions": null,
        "gates": []
      },
      "environmentTriggers": [],
      "badgeUrl": ""
    },
    {
      "id": 145,
      "name": "Undeploy DEV",
      "rank": 2,
      "owner": {
        "displayName": "$OwnerDisplayName$",
        "url": "",
        "_links": "{}",
        "id": "$OwnerId$",
        "uniqueName": "$OwnerUniqueName$",
        "imageUrl": "",
        "descriptor": ""
      },
      "variables": {},
      "variableGroups": [
        "$Bookings-DEV$"
      ],
      "preDeployApprovals": {
        "approvals": [
          {
            "rank": 1,
            "isAutomated": false,
            "isNotificationOn": false,
            "approver": {
              "displayName": "[DevOps-Dojo-WhiteBelt]\\DevOps-Dojo-WhiteBelt Team",
              "url": "https://vssps.dev.azure.com/e/Microsoft/_apis/Identities/3a718057-7af6-49c0-9abb-be956be6cc3d",
              "_links": {
                "avatar": {
                  "href": "https://dev.azure.com/servicescode/_apis/GraphProfile/MemberAvatars/vssgp.Uy0xLTktMTU1MTM3NDI0NS0zODUzOTg2MzMyLTI3OTQxNjM1MzUtMzEzNDgzNzAxMC0zODY4ODE0NjczLTEtMzI0ODU1NDk2Mi00NzQyMjAwOTYtMzE2NjE5MzQ0Ni0xMTEwNTE2Mjcx"
                }
              },
              "id": "3a718057-7af6-49c0-9abb-be956be6cc3d",
              "uniqueName": "vstfs:///Classification/TeamProject/1c2ab7e5-8ba6-4f8d-bad9-d112e6996d51\\DevOps-Dojo-WhiteBelt Team",
              "imageUrl": "https://dev.azure.com/servicescode/_apis/GraphProfile/MemberAvatars/vssgp.Uy0xLTktMTU1MTM3NDI0NS0zODUzOTg2MzMyLTI3OTQxNjM1MzUtMzEzNDgzNzAxMC0zODY4ODE0NjczLTEtMzI0ODU1NDk2Mi00NzQyMjAwOTYtMzE2NjE5MzQ0Ni0xMTEwNTE2Mjcx",
              "isContainer": true,
              "descriptor": "vssgp.Uy0xLTktMTU1MTM3NDI0NS0zODUzOTg2MzMyLTI3OTQxNjM1MzUtMzEzNDgzNzAxMC0zODY4ODE0NjczLTEtMzI0ODU1NDk2Mi00NzQyMjAwOTYtMzE2NjE5MzQ0Ni0xMTEwNTE2Mjcx"
            },
            "id": 438
          }
        ],
        "approvalOptions": {
          "requiredApproverCount": null,
          "releaseCreatorCanBeApprover": true,
          "autoTriggeredAndPreviousEnvironmentApprovedCanBeSkipped": false,
          "enforceIdentityRevalidation": false,
          "timeoutInMinutes": 0,
          "executionOrder": "beforeGates"
        }
      },
      "deployStep": {
        "id": 455
      },
      "postDeployApprovals": {
        "approvals": [
          {
            "rank": 1,
            "isAutomated": true,
            "isNotificationOn": false,
            "id": 458
          }
        ],
        "approvalOptions": {
          "requiredApproverCount": null,
          "releaseCreatorCanBeApprover": false,
          "autoTriggeredAndPreviousEnvironmentApprovedCanBeSkipped": false,
          "enforceIdentityRevalidation": false,
          "timeoutInMinutes": 0,
          "executionOrder": "afterSuccessfulGates"
        }
      },
      "deployPhases": [
        {
          "deploymentInput": {
            "parallelExecution": {
              "parallelExecutionType": "none"
            },
            "agentSpecification": null,
            "skipArtifactsDownload": false,
            "artifactsDownloadInput": {
              "downloadInputs": []
            },
            "queueId": "$Hosted VS2017$",
            "demands": [],
            "enableAccessToken": false,
            "timeoutInMinutes": 0,
            "jobCancelTimeoutInMinutes": 1,
            "condition": "succeeded()",
            "overrideInputs": {}
          },
          "rank": 1,
          "phaseType": "agentBasedDeployment",
          "name": "Undeploy DEV",
          "refName": null,
          "workflowTasks": [
            {
              "environment": {},
              "taskId": "72a1931b-effb-4d2e-8fd8-f8472a07cb62",
              "version": "4.*",
              "name": "Azure PowerShell script: FilePath",
              "refName": "",
              "enabled": true,
              "alwaysRun": false,
              "continueOnError": false,
              "timeoutInMinutes": 0,
              "definitionType": "task",
              "overrideInputs": {},
              "condition": "succeeded()",
              "inputs": {
                "ConnectedServiceNameARM": "",
                "ScriptType": "FilePath",
                "ScriptPath": "$(System.DefaultWorkingDirectory)/_Bookings-CI/drop/ModernizationWithAppServiceDotNET/SmartHotel360.Registration.ARM/AppServices/UndeployAppService.ps1",
                "Inline": "# You can write your azure powershell scripts inline here. \n# You can also pass predefined and custom variables to this script using arguments",
                "ScriptArguments": "-ResourceGroupName '$(resourcegroup)' -WebAppName '$(webapp)' -AppServicePlanName '$(appserviceplan)' -SqlServerName '$(sqlserver)'",
                "errorActionPreference": "stop",
                "FailOnStandardError": "false",
                "TargetAzurePs": "LatestVersion",
                "CustomTargetAzurePs": ""
              }
            }
          ]
        }
      ],
      "environmentOptions": {
        "emailNotificationType": "OnlyOnFailure",
        "emailRecipients": "release.environment.owner;release.creator",
        "skipArtifactsDownload": false,
        "timeoutInMinutes": 0,
        "enableAccessToken": false,
        "publishDeploymentStatus": true,
        "badgeEnabled": false,
        "autoLinkWorkItems": false,
        "pullRequestDeploymentEnabled": false
      },
      "demands": [],
      "conditions": [
        {
          "name": "Release to DEV",
          "conditionType": "environmentState",
          "value": "132"
        }
      ],
      "executionPolicy": {
        "concurrencyCount": 1,
        "queueDepthCount": 0
      },
      "schedules": [],
      "currentRelease": {
        "id": 0,
        "url": "https://vsrm.dev.azure.com/servicescode/1c2ab7e5-8ba6-4f8d-bad9-d112e6996d51/_apis/Release/releases/0",
        "_links": {}
      },
      "retentionPolicy": {
        "daysToKeep": 30,
        "releasesToKeep": 3,
        "retainBuild": true
      },
      "processParameters": {},
      "properties": {
        "LinkBoardsWorkItems": {
          "$type": "System.String",
          "$value": "False"
        }
      },
      "preDeploymentGates": {
        "id": 0,
        "gatesOptions": null,
        "gates": []
      },
      "postDeploymentGates": {
        "id": 0,
        "gatesOptions": null,
        "gates": []
      },
      "environmentTriggers": [],
      "badgeUrl": ""
    },
    {
      "id": 146,
      "name": "Release to QA",
      "rank": 3,
      "owner": {
        "displayName": "$OwnerDisplayName$",
        "url": "",
        "_links": "{}",
        "id": "$OwnerId$",
        "uniqueName": "$OwnerUniqueName$",
        "imageUrl": "",
        "descriptor": ""
      },
      "variables": {},
      "variableGroups": [
        "$Bookings-QA$"
      ],
      "preDeployApprovals": {
        "approvals": [
          {
            "rank": 1,
            "isAutomated": false,
            "isNotificationOn": false,
            "approver": {
              "displayName": "[DevOps-Dojo-WhiteBelt]\\DevOps-Dojo-WhiteBelt Team",
              "url": "https://vssps.dev.azure.com/e/Microsoft/_apis/Identities/3a718057-7af6-49c0-9abb-be956be6cc3d",
              "_links": {
                "avatar": {
                  "href": "https://dev.azure.com/servicescode/_apis/GraphProfile/MemberAvatars/vssgp.Uy0xLTktMTU1MTM3NDI0NS0zODUzOTg2MzMyLTI3OTQxNjM1MzUtMzEzNDgzNzAxMC0zODY4ODE0NjczLTEtMzI0ODU1NDk2Mi00NzQyMjAwOTYtMzE2NjE5MzQ0Ni0xMTEwNTE2Mjcx"
                }
              },
              "id": "3a718057-7af6-49c0-9abb-be956be6cc3d",
              "uniqueName": "vstfs:///Classification/TeamProject/1c2ab7e5-8ba6-4f8d-bad9-d112e6996d51\\DevOps-Dojo-WhiteBelt Team",
              "imageUrl": "https://dev.azure.com/servicescode/_apis/GraphProfile/MemberAvatars/vssgp.Uy0xLTktMTU1MTM3NDI0NS0zODUzOTg2MzMyLTI3OTQxNjM1MzUtMzEzNDgzNzAxMC0zODY4ODE0NjczLTEtMzI0ODU1NDk2Mi00NzQyMjAwOTYtMzE2NjE5MzQ0Ni0xMTEwNTE2Mjcx",
              "isContainer": true,
              "descriptor": "vssgp.Uy0xLTktMTU1MTM3NDI0NS0zODUzOTg2MzMyLTI3OTQxNjM1MzUtMzEzNDgzNzAxMC0zODY4ODE0NjczLTEtMzI0ODU1NDk2Mi00NzQyMjAwOTYtMzE2NjE5MzQ0Ni0xMTEwNTE2Mjcx"
            },
            "id": 439
          }
        ],
        "approvalOptions": {
          "requiredApproverCount": null,
          "releaseCreatorCanBeApprover": true,
          "autoTriggeredAndPreviousEnvironmentApprovedCanBeSkipped": false,
          "enforceIdentityRevalidation": false,
          "timeoutInMinutes": 0,
          "executionOrder": "beforeGates"
        }
      },
      "deployStep": {
        "id": 454
      },
      "postDeployApprovals": {
        "approvals": [
          {
            "rank": 1,
            "isAutomated": true,
            "isNotificationOn": false,
            "id": 459
          }
        ],
        "approvalOptions": {
          "requiredApproverCount": null,
          "releaseCreatorCanBeApprover": false,
          "autoTriggeredAndPreviousEnvironmentApprovedCanBeSkipped": false,
          "enforceIdentityRevalidation": false,
          "timeoutInMinutes": 0,
          "executionOrder": "afterSuccessfulGates"
        }
      },
      "deployPhases": [
        {
          "deploymentInput": {
            "parallelExecution": {
              "parallelExecutionType": "none"
            },
            "agentSpecification": null,
            "skipArtifactsDownload": false,
            "artifactsDownloadInput": {
              "downloadInputs": [
                {
                  "alias": "_Build Shared Services and PaaS",
                  "artifactType": "Build",
                  "artifactDownloadMode": "All",
                  "artifactItems": []
                }
              ]
            },
            "queueId": "$Hosted VS2017$",
            "demands": [],
            "enableAccessToken": false,
            "timeoutInMinutes": 0,
            "jobCancelTimeoutInMinutes": 1,
            "condition": "succeeded()",
            "overrideInputs": {}
          },
          "rank": 1,
          "phaseType": "agentBasedDeployment",
          "name": "Provision and Deploy",
          "refName": null,
          "workflowTasks": [
            {
              "environment": {},
              "taskId": "10070d96-f7d7-4c22-9f56-9a52a4c0a2c3",
              "version": "1.*",
              "name": "Bookings-CD-CQ-CS",
              "refName": "",
              "enabled": true,
              "alwaysRun": true,
              "continueOnError": true,
              "timeoutInMinutes": 0,
              "definitionType": "metaTask",
              "overrideInputs": {},
              "condition": "succeededOrFailed()",
              "inputs": {
                "administratorLogin": "$(administratorLogin)",
                "administratorPassword": "$(administratorPassword)",
                "administratorsid": "$(administratorsid)",
                "appserviceplan": "$(appserviceplan)",
                "armAppServiceOutput": "$(armAppServiceOutput)",
                "authenticationMode": "$(authenticationMode)",
                "databasename": "$(databasename)",
                "diagnosticStorageAccountName": "$(diagnosticStorageAccountName)",
                "diagnosticStorageResourceGroup": "$(diagnosticStorageResourceGroup)",
                "keyvaultlogstorageaccountaccesskey": "$(keyvaultlogstorageaccountaccesskey)",
                "keyvaultname": "$(keyvaultname)",
                "keyvaultserviceprincipalclientid": "$(keyvaultserviceprincipalclientid)",
                "keyvaultserviceprincipalclientpassword": "$(keyvaultserviceprincipalclientpassword)",
                "localsqlserveradmin": "$(localsqlserveradmin)",
                "localsqlserveradministratorpassword": "$(localsqlserveradministratorpassword)",
                "logAnalyticsWorkspaceName": "$(logAnalyticsWorkspaceName)",
                "logAnalyticsWorkspaceResourceGroup": "$(logAnalyticsWorkspaceResourceGroup)",
                "objectId": "$(objectId)",
                "resourcegroup": "$(resourcegroup)",
                "rglocation": "$(rglocation)",
                "securitylogstorageaccountaccesskey": "$(securitylogstorageaccountaccesskey)",
                "securitylogstorageaccountendpoint": "$(securitylogstorageaccountendpoint)",
                "sqlsecuritylogstorageaccountname": "$(sqlsecuritylogstorageaccountname)",
                "sqlserver": "$(sqlserver)",
                "sqlserveradmin": "$(sqlserveradmin)",
                "sqlserveradministratorpassword": "$(sqlserveradministratorpassword)",
                "storageAccountOutput": "$(storageAccountOutput)",
                "storageAccountResourceId": "$(storageAccountResourceId)",
                "tenantId": "$(tenantId)",
                "vaultsku": "$(vaultsku)",
                "webapp": "$(webapp)"
              }
            }
          ]
        },
        {
          "deploymentInput": {
            "parallelExecution": {
              "parallelExecutionType": "none"
            },
            "agentSpecification": {
              "identifier": "vs2017-win2016"
            },
            "skipArtifactsDownload": false,
            "artifactsDownloadInput": {
              "downloadInputs": []
            },
            "queueId": "$Azure Pipelines$",
            "demands": [],
            "enableAccessToken": false,
            "timeoutInMinutes": 0,
            "jobCancelTimeoutInMinutes": 1,
            "condition": "succeeded()",
            "overrideInputs": {}
          },
          "rank": 2,
          "phaseType": "agentBasedDeployment",
          "name": "Run BDD Automated Functional Tests",
          "refName": null,
          "workflowTasks": [
            {
              "environment": {},
              "taskId": "e213ff0f-5d5c-4791-802d-52ea3e7be1f1",
              "version": "2.*",
              "name": "Update App Settings for BDD automated functional tests",
              "refName": "",
              "enabled": true,
              "alwaysRun": false,
              "continueOnError": false,
              "timeoutInMinutes": 0,
              "definitionType": "task",
              "overrideInputs": {},
              "condition": "succeeded()",
              "inputs": {
                "targetType": "filePath",
                "filePath": "$(System.DefaultWorkingDirectory)/_Bookings-CI/drop/ModernizationWithAppServiceDotNET/SmartHotel360.Registration.ARM/SpecflowIntegrationTest/UpdateAppConfigAtRunTime.ps1",
                "arguments": "$(System.DefaultWorkingDirectory)/_Bookings-CI/drop/ModernizationWithAppServiceDotNET/SmartHotel360.Registration.Web.Int.Tests/bin/Release/SmartHotel360.Registration.Web.Integration.Tests.dll.config $(authenticationMode) $(sqlserver) $(databasename) \"https://$(keyvaultname).vault.azure.net/\" $(keyvaultserviceprincipalclientid) $(keyvaultserviceprincipalclientpassword)",
                "script": "# Write your PowerShell commands here.\n\nWrite-Host \"Hello World\"\n",
                "errorActionPreference": "stop",
                "failOnStderr": "false",
                "ignoreLASTEXITCODE": "false",
                "pwsh": "false",
                "workingDirectory": ""
              }
            },
            {
              "environment": {},
              "taskId": "ef087383-ee5e-42c7-9a53-ab56c98420f9",
              "version": "2.*",
              "name": "BDD Automated Functional Tests using Specflow",
              "refName": "",
              "enabled": true,
              "alwaysRun": false,
              "continueOnError": false,
              "timeoutInMinutes": 0,
              "definitionType": "task",
              "overrideInputs": {},
              "condition": "succeeded()",
              "inputs": {
                "testSelector": "testAssemblies",
                "testAssemblyVer2": "**\\*integration.tests*.dll\n!**\\*TestAdapter.dll\n!**\\obj\\**",
                "testPlan": "",
                "testSuite": "",
                "testConfiguration": "",
                "tcmTestRun": "$(test.RunId)",
                "searchFolder": "$(System.DefaultWorkingDirectory)",
                "testFiltercriteria": "",
                "runOnlyImpactedTests": "False",
                "runAllTestsAfterXBuilds": "50",
                "uiTests": "false",
                "vstestLocationMethod": "version",
                "vsTestVersion": "latest",
                "vstestLocation": "",
                "runSettingsFile": "",
                "overrideTestrunParameters": "",
                "pathtoCustomTestAdapters": "",
                "runInParallel": "False",
                "runTestsInIsolation": "False",
                "codeCoverageEnabled": "False",
                "otherConsoleOptions": "",
                "distributionBatchType": "basedOnTestCases",
                "batchingBasedOnAgentsOption": "autoBatchSize",
                "customBatchSizeValue": "10",
                "batchingBasedOnExecutionTimeOption": "autoBatchSize",
                "customRunTimePerBatchValue": "60",
                "dontDistribute": "False",
                "testRunTitle": "",
                "platform": "",
                "configuration": "",
                "publishRunAttachments": "true",
                "diagnosticsEnabled": "true",
                "collectDumpOn": "onAbortOnly",
                "rerunFailedTests": "False",
                "rerunType": "basedOnTestFailurePercentage",
                "rerunFailedThreshold": "30",
                "rerunFailedTestCasesMaxLimit": "5",
                "rerunMaxAttempts": "3"
              }
            }
          ]
        }
      ],
      "environmentOptions": {
        "emailNotificationType": "OnlyOnFailure",
        "emailRecipients": "release.environment.owner;release.creator",
        "skipArtifactsDownload": false,
        "timeoutInMinutes": 0,
        "enableAccessToken": false,
        "publishDeploymentStatus": true,
        "badgeEnabled": false,
        "autoLinkWorkItems": false,
        "pullRequestDeploymentEnabled": false
      },
      "demands": [],
      "conditions": [
        {
          "name": "Release to DEV",
          "conditionType": "environmentState",
          "value": "4"
        }
      ],
      "executionPolicy": {
        "concurrencyCount": 1,
        "queueDepthCount": 0
      },
      "schedules": [],
      "currentRelease": {
        "id": 211,
        "url": "https://vsrm.dev.azure.com/servicescode/1c2ab7e5-8ba6-4f8d-bad9-d112e6996d51/_apis/Release/releases/211",
        "_links": {}
      },
      "retentionPolicy": {
        "daysToKeep": 30,
        "releasesToKeep": 3,
        "retainBuild": true
      },
      "processParameters": {},
      "properties": {
        "LinkBoardsWorkItems": {
          "$type": "System.String",
          "$value": "False"
        }
      },
      "preDeploymentGates": {
        "id": 0,
        "gatesOptions": {
          "isEnabled": false,
          "timeout": 1440,
          "samplingInterval": 15,
          "stabilizationTime": 5,
          "minimumSuccessDuration": 0
        },
        "gates": []
      },
      "postDeploymentGates": {
        "id": 0,
        "gatesOptions": null,
        "gates": []
      },
      "environmentTriggers": [],
      "badgeUrl": ""
    },
    {
      "id": 147,
      "name": "Undeploy QA",
      "rank": 4,
      "owner": {
        "displayName": "$OwnerDisplayName$",
        "url": "",
        "_links": "{}",
        "id": "$OwnerId$",
        "uniqueName": "$OwnerUniqueName$",
        "imageUrl": "",
        "descriptor": ""
      },
      "variables": {},
      "variableGroups": [
        "$Bookings-QA$"
      ],
      "preDeployApprovals": {
        "approvals": [
          {
            "rank": 1,
            "isAutomated": false,
            "isNotificationOn": false,
            "approver": {
              "displayName": "[DevOps-Dojo-WhiteBelt]\\DevOps-Dojo-WhiteBelt Team",
              "url": "https://vssps.dev.azure.com/e/Microsoft/_apis/Identities/3a718057-7af6-49c0-9abb-be956be6cc3d",
              "_links": {
                "avatar": {
                  "href": "https://dev.azure.com/servicescode/_apis/GraphProfile/MemberAvatars/vssgp.Uy0xLTktMTU1MTM3NDI0NS0zODUzOTg2MzMyLTI3OTQxNjM1MzUtMzEzNDgzNzAxMC0zODY4ODE0NjczLTEtMzI0ODU1NDk2Mi00NzQyMjAwOTYtMzE2NjE5MzQ0Ni0xMTEwNTE2Mjcx"
                }
              },
              "id": "3a718057-7af6-49c0-9abb-be956be6cc3d",
              "uniqueName": "vstfs:///Classification/TeamProject/1c2ab7e5-8ba6-4f8d-bad9-d112e6996d51\\DevOps-Dojo-WhiteBelt Team",
              "imageUrl": "https://dev.azure.com/servicescode/_apis/GraphProfile/MemberAvatars/vssgp.Uy0xLTktMTU1MTM3NDI0NS0zODUzOTg2MzMyLTI3OTQxNjM1MzUtMzEzNDgzNzAxMC0zODY4ODE0NjczLTEtMzI0ODU1NDk2Mi00NzQyMjAwOTYtMzE2NjE5MzQ0Ni0xMTEwNTE2Mjcx",
              "isContainer": true,
              "descriptor": "vssgp.Uy0xLTktMTU1MTM3NDI0NS0zODUzOTg2MzMyLTI3OTQxNjM1MzUtMzEzNDgzNzAxMC0zODY4ODE0NjczLTEtMzI0ODU1NDk2Mi00NzQyMjAwOTYtMzE2NjE5MzQ0Ni0xMTEwNTE2Mjcx"
            },
            "id": 440
          }
        ],
        "approvalOptions": {
          "requiredApproverCount": null,
          "releaseCreatorCanBeApprover": true,
          "autoTriggeredAndPreviousEnvironmentApprovedCanBeSkipped": false,
          "enforceIdentityRevalidation": false,
          "timeoutInMinutes": 0,
          "executionOrder": "beforeGates"
        }
      },
      "deployStep": {
        "id": 453
      },
      "postDeployApprovals": {
        "approvals": [
          {
            "rank": 1,
            "isAutomated": true,
            "isNotificationOn": false,
            "id": 460
          }
        ],
        "approvalOptions": {
          "requiredApproverCount": null,
          "releaseCreatorCanBeApprover": false,
          "autoTriggeredAndPreviousEnvironmentApprovedCanBeSkipped": false,
          "enforceIdentityRevalidation": false,
          "timeoutInMinutes": 0,
          "executionOrder": "afterSuccessfulGates"
        }
      },
      "deployPhases": [
        {
          "deploymentInput": {
            "parallelExecution": {
              "parallelExecutionType": "none"
            },
            "agentSpecification": null,
            "skipArtifactsDownload": false,
            "artifactsDownloadInput": {
              "downloadInputs": [
                {
                  "alias": "_Build Shared Services and PaaS",
                  "artifactType": "Build",
                  "artifactDownloadMode": "All",
                  "artifactItems": []
                }
              ]
            },
            "queueId": "$Hosted VS2017$",
            "demands": [],
            "enableAccessToken": false,
            "timeoutInMinutes": 0,
            "jobCancelTimeoutInMinutes": 1,
            "condition": "succeeded()",
            "overrideInputs": {}
          },
          "rank": 1,
          "phaseType": "agentBasedDeployment",
          "name": "Undeploy QA",
          "refName": null,
          "workflowTasks": [
            {
              "environment": {},
              "taskId": "72a1931b-effb-4d2e-8fd8-f8472a07cb62",
              "version": "4.*",
              "name": "Azure PowerShell script: FilePath",
              "refName": "",
              "enabled": true,
              "alwaysRun": false,
              "continueOnError": false,
              "timeoutInMinutes": 0,
              "definitionType": "task",
              "overrideInputs": {},
              "condition": "succeeded()",
              "inputs": {
                "ConnectedServiceNameARM": "",
                "ScriptType": "FilePath",
                "ScriptPath": "$(System.DefaultWorkingDirectory)/_Bookings-CI/drop/ModernizationWithAppServiceDotNET/SmartHotel360.Registration.ARM/AppServices/UndeployAppService.ps1",
                "Inline": "# You can write your azure powershell scripts inline here. \n# You can also pass predefined and custom variables to this script using arguments",
                "ScriptArguments": "-ResourceGroupName '$(resourcegroup)' -WebAppName '$(webapp)' -AppServicePlanName '$(appserviceplan)' -SqlServerName '$(sqlserver)'",
                "errorActionPreference": "stop",
                "FailOnStandardError": "false",
                "TargetAzurePs": "LatestVersion",
                "CustomTargetAzurePs": ""
              }
            }
          ]
        }
      ],
      "environmentOptions": {
        "emailNotificationType": "OnlyOnFailure",
        "emailRecipients": "release.environment.owner;release.creator",
        "skipArtifactsDownload": false,
        "timeoutInMinutes": 0,
        "enableAccessToken": false,
        "publishDeploymentStatus": true,
        "badgeEnabled": false,
        "autoLinkWorkItems": false,
        "pullRequestDeploymentEnabled": false
      },
      "demands": [],
      "conditions": [
        {
          "name": "Release to QA",
          "conditionType": "environmentState",
          "value": "132"
        }
      ],
      "executionPolicy": {
        "concurrencyCount": 1,
        "queueDepthCount": 0
      },
      "schedules": [],
      "currentRelease": {
        "id": 0,
        "url": "https://vsrm.dev.azure.com/servicescode/1c2ab7e5-8ba6-4f8d-bad9-d112e6996d51/_apis/Release/releases/0",
        "_links": {}
      },
      "retentionPolicy": {
        "daysToKeep": 30,
        "releasesToKeep": 3,
        "retainBuild": true
      },
      "processParameters": {},
      "properties": {
        "LinkBoardsWorkItems": {
          "$type": "System.String",
          "$value": "False"
        }
      },
      "preDeploymentGates": {
        "id": 0,
        "gatesOptions": null,
        "gates": []
      },
      "postDeploymentGates": {
        "id": 0,
        "gatesOptions": null,
        "gates": []
      },
      "environmentTriggers": [],
      "badgeUrl": ""
    },
    {
      "id": 148,
      "name": "Release to SIT",
      "rank": 5,
      "owner": {
        "displayName": "$OwnerDisplayName$",
        "url": "",
        "_links": "{}",
        "id": "$OwnerId$",
        "uniqueName": "$OwnerUniqueName$",
        "imageUrl": "",
        "descriptor": ""
      },
      "variables": {},
      "variableGroups": [
        "$Bookings-SIT$"
      ],
      "preDeployApprovals": {
        "approvals": [
          {
            "rank": 1,
            "isAutomated": true,
            "isNotificationOn": false,
            "id": 441
          }
        ],
        "approvalOptions": {
          "requiredApproverCount": null,
          "releaseCreatorCanBeApprover": false,
          "autoTriggeredAndPreviousEnvironmentApprovedCanBeSkipped": false,
          "enforceIdentityRevalidation": false,
          "timeoutInMinutes": 0,
          "executionOrder": "beforeGates"
        }
      },
      "deployStep": {
        "id": 452
      },
      "postDeployApprovals": {
        "approvals": [
          {
            "rank": 1,
            "isAutomated": true,
            "isNotificationOn": false,
            "id": 461
          }
        ],
        "approvalOptions": {
          "requiredApproverCount": null,
          "releaseCreatorCanBeApprover": false,
          "autoTriggeredAndPreviousEnvironmentApprovedCanBeSkipped": false,
          "enforceIdentityRevalidation": false,
          "timeoutInMinutes": 0,
          "executionOrder": "afterSuccessfulGates"
        }
      },
      "deployPhases": [
        {
          "deploymentInput": {
            "parallelExecution": {
              "parallelExecutionType": "none"
            },
            "agentSpecification": null,
            "skipArtifactsDownload": false,
            "artifactsDownloadInput": {
              "downloadInputs": [
                {
                  "alias": "_Build Shared Services and PaaS",
                  "artifactType": "Build",
                  "artifactDownloadMode": "All",
                  "artifactItems": []
                }
              ]
            },
            "queueId": "$Hosted VS2017$",
            "demands": [],
            "enableAccessToken": false,
            "timeoutInMinutes": 0,
            "jobCancelTimeoutInMinutes": 1,
            "condition": "succeeded()",
            "overrideInputs": {}
          },
          "rank": 1,
          "phaseType": "agentBasedDeployment",
          "name": "Provision and Deploy",
          "refName": null,
          "workflowTasks": [
            {
              "environment": {},
              "taskId": "10070d96-f7d7-4c22-9f56-9a52a4c0a2c3",
              "version": "1.*",
              "name": "Bookings-CD-CQ-CS",
              "refName": "",
              "enabled": true,
              "alwaysRun": true,
              "continueOnError": true,
              "timeoutInMinutes": 0,
              "definitionType": "metaTask",
              "overrideInputs": {},
              "condition": "succeededOrFailed()",
              "inputs": {
                "administratorLogin": "$(administratorLogin)",
                "administratorPassword": "$(administratorPassword)",
                "administratorsid": "$(administratorsid)",
                "appserviceplan": "$(appserviceplan)",
                "armAppServiceOutput": "$(armAppServiceOutput)",
                "authenticationMode": "$(authenticationMode)",
                "databasename": "$(databasename)",
                "diagnosticStorageAccountName": "$(diagnosticStorageAccountName)",
                "diagnosticStorageResourceGroup": "$(diagnosticStorageResourceGroup)",
                "keyvaultlogstorageaccountaccesskey": "$(keyvaultlogstorageaccountaccesskey)",
                "keyvaultname": "$(keyvaultname)",
                "keyvaultserviceprincipalclientid": "$(keyvaultserviceprincipalclientid)",
                "keyvaultserviceprincipalclientpassword": "$(keyvaultserviceprincipalclientpassword)",
                "localsqlserveradmin": "$(localsqlserveradmin)",
                "localsqlserveradministratorpassword": "$(localsqlserveradministratorpassword)",
                "logAnalyticsWorkspaceName": "$(logAnalyticsWorkspaceName)",
                "logAnalyticsWorkspaceResourceGroup": "$(logAnalyticsWorkspaceResourceGroup)",
                "objectId": "$(objectId)",
                "resourcegroup": "$(resourcegroup)",
                "rglocation": "$(rglocation)",
                "securitylogstorageaccountaccesskey": "$(securitylogstorageaccountaccesskey)",
                "securitylogstorageaccountendpoint": "$(securitylogstorageaccountendpoint)",
                "sqlsecuritylogstorageaccountname": "$(sqlsecuritylogstorageaccountname)",
                "sqlserver": "$(sqlserver)",
                "sqlserveradmin": "$(sqlserveradmin)",
                "sqlserveradministratorpassword": "$(sqlserveradministratorpassword)",
                "storageAccountOutput": "$(storageAccountOutput)",
                "storageAccountResourceId": "$(storageAccountResourceId)",
                "tenantId": "$(tenantId)",
                "vaultsku": "$(vaultsku)",
                "webapp": "$(webapp)"
              }
            }
          ]
        },
        {
          "deploymentInput": {
            "parallelExecution": {
              "parallelExecutionType": "none"
            },
            "agentSpecification": {
              "identifier": "vs2017-win2016"
            },
            "skipArtifactsDownload": false,
            "artifactsDownloadInput": {
              "downloadInputs": []
            },
            "queueId": "$Azure Pipelines$",
            "demands": [],
            "enableAccessToken": false,
            "timeoutInMinutes": 0,
            "jobCancelTimeoutInMinutes": 1,
            "condition": "succeeded()",
            "overrideInputs": {}
          },
          "rank": 2,
          "phaseType": "agentBasedDeployment",
          "name": "Run UI Tests",
          "refName": null,
          "workflowTasks": [
            {
              "environment": {},
              "taskId": "e213ff0f-5d5c-4791-802d-52ea3e7be1f1",
              "version": "2.*",
              "name": "Update app config for UI Tests",
              "refName": "",
              "enabled": true,
              "alwaysRun": false,
              "continueOnError": false,
              "timeoutInMinutes": 0,
              "definitionType": "task",
              "overrideInputs": {},
              "condition": "succeeded()",
              "inputs": {
                "targetType": "filePath",
                "filePath": "$(System.DefaultWorkingDirectory)/_Bookings-CI/drop/ModernizationWithAppServiceDotNET/SmartHotel360.Registration.ARM/UITest/UpdateAppConfigSettingsUITests.ps1",
                "arguments": "$(System.DefaultWorkingDirectory)/_Bookings-CI/drop/ModernizationWithAppServiceDotNET/SmartHotel360.Registration.Web.Tests/bin/Release/SmartHotel360.Registration.Web.Tests.dll.config \"https://$(webapp).azurewebsites.net\"",
                "script": "# Write your PowerShell commands here.\n\nWrite-Host \"Hello World\"\n",
                "errorActionPreference": "stop",
                "failOnStderr": "false",
                "ignoreLASTEXITCODE": "false",
                "pwsh": "false",
                "workingDirectory": ""
              }
            },
            {
              "environment": {},
              "taskId": "ef087383-ee5e-42c7-9a53-ab56c98420f9",
              "version": "2.*",
              "name": "UI Test",
              "refName": "",
              "enabled": true,
              "alwaysRun": false,
              "continueOnError": false,
              "timeoutInMinutes": 0,
              "definitionType": "task",
              "overrideInputs": {},
              "condition": "succeeded()",
              "inputs": {
                "testSelector": "testAssemblies",
                "testAssemblyVer2": "**\\*test*.dll\n!**\\*TestAdapter.dll\n!**\\obj\\**",
                "testPlan": "",
                "testSuite": "",
                "testConfiguration": "",
                "tcmTestRun": "$(test.RunId)",
                "searchFolder": "$(System.DefaultWorkingDirectory)",
                "testFiltercriteria": "TestCategory=UITest",
                "runOnlyImpactedTests": "False",
                "runAllTestsAfterXBuilds": "50",
                "uiTests": "true",
                "vstestLocationMethod": "version",
                "vsTestVersion": "latest",
                "vstestLocation": "",
                "runSettingsFile": "",
                "overrideTestrunParameters": "",
                "pathtoCustomTestAdapters": "",
                "runInParallel": "False",
                "runTestsInIsolation": "False",
                "codeCoverageEnabled": "False",
                "otherConsoleOptions": "",
                "distributionBatchType": "basedOnTestCases",
                "batchingBasedOnAgentsOption": "autoBatchSize",
                "customBatchSizeValue": "10",
                "batchingBasedOnExecutionTimeOption": "autoBatchSize",
                "customRunTimePerBatchValue": "60",
                "dontDistribute": "False",
                "testRunTitle": "",
                "platform": "",
                "configuration": "",
                "publishRunAttachments": "true",
                "diagnosticsEnabled": "false",
                "collectDumpOn": "onAbortOnly",
                "rerunFailedTests": "False",
                "rerunType": "basedOnTestFailurePercentage",
                "rerunFailedThreshold": "30",
                "rerunFailedTestCasesMaxLimit": "5",
                "rerunMaxAttempts": "3"
              }
            }
          ]
        },
        {
          "deploymentInput": {
            "parallelExecution": {
              "parallelExecutionType": "none"
            },
            "agentSpecification": {
              "identifier": "vs2017-win2016"
            },
            "skipArtifactsDownload": false,
            "artifactsDownloadInput": {
              "downloadInputs": []
            },
            "queueId": "$Azure Pipelines$",
            "demands": [],
            "enableAccessToken": false,
            "timeoutInMinutes": 0,
            "jobCancelTimeoutInMinutes": 1,
            "condition": "succeeded()",
            "overrideInputs": {}
          },
          "rank": 3,
          "phaseType": "agentBasedDeployment",
          "name": "Run Performance Tests",
          "refName": null,
          "workflowTasks": [
            {
              "environment": {},
              "taskId": "9648625c-1523-4eb5-b015-dfe7c685840c",
              "version": "1.*",
              "name": "Quick Web Performance Test BookingQuickPerformanceTest",
              "refName": "",
              "enabled": true,
              "alwaysRun": false,
              "continueOnError": false,
              "timeoutInMinutes": 0,
              "definitionType": "task",
              "overrideInputs": {},
              "condition": "succeeded()",
              "inputs": {
                "connectedServiceName": "",
                "websiteUrl": "https://$(webapp).azurewebsites.net",
                "testName": "BookingQuickPerformanceTest",
                "vuLoad": "1",
                "runDuration": "60",
                "geoLocation": "Default",
                "machineType": "0",
                "resourceGroupName": "default",
                "numOfSelfProvisionedAgents": "1",
                "avgResponseTimeThreshold": "0"
              }
            }
          ]
        }
      ],
      "environmentOptions": {
        "emailNotificationType": "OnlyOnFailure",
        "emailRecipients": "release.environment.owner;release.creator",
        "skipArtifactsDownload": false,
        "timeoutInMinutes": 0,
        "enableAccessToken": false,
        "publishDeploymentStatus": true,
        "badgeEnabled": false,
        "autoLinkWorkItems": false,
        "pullRequestDeploymentEnabled": false
      },
      "demands": [],
      "conditions": [
        {
          "name": "Release to QA",
          "conditionType": "environmentState",
          "value": "4"
        }
      ],
      "executionPolicy": {
        "concurrencyCount": 1,
        "queueDepthCount": 0
      },
      "schedules": [],
      "currentRelease": {
        "id": 206,
        "url": "https://vsrm.dev.azure.com/servicescode/1c2ab7e5-8ba6-4f8d-bad9-d112e6996d51/_apis/Release/releases/206",
        "_links": {}
      },
      "retentionPolicy": {
        "daysToKeep": 30,
        "releasesToKeep": 3,
        "retainBuild": true
      },
      "processParameters": {},
      "properties": {
        "LinkBoardsWorkItems": {
          "$type": "System.String",
          "$value": "False"
        }
      },
      "preDeploymentGates": {
        "id": 0,
        "gatesOptions": {
          "isEnabled": false,
          "timeout": 1440,
          "samplingInterval": 15,
          "stabilizationTime": 5,
          "minimumSuccessDuration": 0
        },
        "gates": []
      },
      "postDeploymentGates": {
        "id": 0,
        "gatesOptions": null,
        "gates": []
      },
      "environmentTriggers": [],
      "badgeUrl": ""
    },
    {
      "id": 149,
      "name": "Undeploy SIT",
      "rank": 6,
      "owner": {
        "displayName": "$OwnerDisplayName$",
        "url": "",
        "_links": "{}",
        "id": "$OwnerId$",
        "uniqueName": "$OwnerUniqueName$",
        "imageUrl": "",
        "descriptor": ""
      },
      "variables": {},
      "variableGroups": [
        "$Bookings-SIT$"
      ],
      "preDeployApprovals": {
        "approvals": [
          {
            "rank": 1,
            "isAutomated": false,
            "isNotificationOn": false,
            "approver": {
              "displayName": "[DevOps-Dojo-WhiteBelt]\\DevOps-Dojo-WhiteBelt Team",
              "url": "https://vssps.dev.azure.com/e/Microsoft/_apis/Identities/3a718057-7af6-49c0-9abb-be956be6cc3d",
              "_links": {
                "avatar": {
                  "href": "https://dev.azure.com/servicescode/_apis/GraphProfile/MemberAvatars/vssgp.Uy0xLTktMTU1MTM3NDI0NS0zODUzOTg2MzMyLTI3OTQxNjM1MzUtMzEzNDgzNzAxMC0zODY4ODE0NjczLTEtMzI0ODU1NDk2Mi00NzQyMjAwOTYtMzE2NjE5MzQ0Ni0xMTEwNTE2Mjcx"
                }
              },
              "id": "3a718057-7af6-49c0-9abb-be956be6cc3d",
              "uniqueName": "vstfs:///Classification/TeamProject/1c2ab7e5-8ba6-4f8d-bad9-d112e6996d51\\DevOps-Dojo-WhiteBelt Team",
              "imageUrl": "https://dev.azure.com/servicescode/_apis/GraphProfile/MemberAvatars/vssgp.Uy0xLTktMTU1MTM3NDI0NS0zODUzOTg2MzMyLTI3OTQxNjM1MzUtMzEzNDgzNzAxMC0zODY4ODE0NjczLTEtMzI0ODU1NDk2Mi00NzQyMjAwOTYtMzE2NjE5MzQ0Ni0xMTEwNTE2Mjcx",
              "isContainer": true,
              "descriptor": "vssgp.Uy0xLTktMTU1MTM3NDI0NS0zODUzOTg2MzMyLTI3OTQxNjM1MzUtMzEzNDgzNzAxMC0zODY4ODE0NjczLTEtMzI0ODU1NDk2Mi00NzQyMjAwOTYtMzE2NjE5MzQ0Ni0xMTEwNTE2Mjcx"
            },
            "id": 442
          }
        ],
        "approvalOptions": {
          "requiredApproverCount": null,
          "releaseCreatorCanBeApprover": true,
          "autoTriggeredAndPreviousEnvironmentApprovedCanBeSkipped": false,
          "enforceIdentityRevalidation": false,
          "timeoutInMinutes": 0,
          "executionOrder": "beforeGates"
        }
      },
      "deployStep": {
        "id": 451
      },
      "postDeployApprovals": {
        "approvals": [
          {
            "rank": 1,
            "isAutomated": true,
            "isNotificationOn": false,
            "id": 462
          }
        ],
        "approvalOptions": {
          "requiredApproverCount": null,
          "releaseCreatorCanBeApprover": false,
          "autoTriggeredAndPreviousEnvironmentApprovedCanBeSkipped": false,
          "enforceIdentityRevalidation": false,
          "timeoutInMinutes": 0,
          "executionOrder": "afterSuccessfulGates"
        }
      },
      "deployPhases": [
        {
          "deploymentInput": {
            "parallelExecution": {
              "parallelExecutionType": "none"
            },
            "agentSpecification": null,
            "skipArtifactsDownload": false,
            "artifactsDownloadInput": {
              "downloadInputs": []
            },
            "queueId": "$Hosted VS2017$",
            "demands": [],
            "enableAccessToken": false,
            "timeoutInMinutes": 0,
            "jobCancelTimeoutInMinutes": 1,
            "condition": "succeeded()",
            "overrideInputs": {}
          },
          "rank": 1,
          "phaseType": "agentBasedDeployment",
          "name": "Undeploy SIT",
          "refName": null,
          "workflowTasks": [
            {
              "environment": {},
              "taskId": "72a1931b-effb-4d2e-8fd8-f8472a07cb62",
              "version": "4.*",
              "name": "Azure PowerShell script: FilePath",
              "refName": "",
              "enabled": true,
              "alwaysRun": false,
              "continueOnError": false,
              "timeoutInMinutes": 0,
              "definitionType": "task",
              "overrideInputs": {},
              "condition": "succeeded()",
              "inputs": {
                "ConnectedServiceNameARM": "",
                "ScriptType": "FilePath",
                "ScriptPath": "$(System.DefaultWorkingDirectory)/_Bookings-CI/drop/ModernizationWithAppServiceDotNET/SmartHotel360.Registration.ARM/AppServices/UndeployAppService.ps1",
                "Inline": "# You can write your azure powershell scripts inline here. \n# You can also pass predefined and custom variables to this script using arguments",
                "ScriptArguments": "-ResourceGroupName '$(resourcegroup)' -WebAppName '$(webapp)' -AppServicePlanName '$(appserviceplan)' -SqlServerName '$(sqlserver)'",
                "errorActionPreference": "stop",
                "FailOnStandardError": "false",
                "TargetAzurePs": "LatestVersion",
                "CustomTargetAzurePs": ""
              }
            }
          ]
        }
      ],
      "environmentOptions": {
        "emailNotificationType": "OnlyOnFailure",
        "emailRecipients": "release.environment.owner;release.creator",
        "skipArtifactsDownload": false,
        "timeoutInMinutes": 0,
        "enableAccessToken": false,
        "publishDeploymentStatus": true,
        "badgeEnabled": false,
        "autoLinkWorkItems": false,
        "pullRequestDeploymentEnabled": false
      },
      "demands": [],
      "conditions": [
        {
          "name": "Release to SIT",
          "conditionType": "environmentState",
          "value": "132"
        }
      ],
      "executionPolicy": {
        "concurrencyCount": 1,
        "queueDepthCount": 0
      },
      "schedules": [],
      "currentRelease": {
        "id": 0,
        "url": "https://vsrm.dev.azure.com/servicescode/1c2ab7e5-8ba6-4f8d-bad9-d112e6996d51/_apis/Release/releases/0",
        "_links": {}
      },
      "retentionPolicy": {
        "daysToKeep": 30,
        "releasesToKeep": 3,
        "retainBuild": true
      },
      "processParameters": {},
      "properties": {
        "LinkBoardsWorkItems": {
          "$type": "System.String",
          "$value": "False"
        }
      },
      "preDeploymentGates": {
        "id": 0,
        "gatesOptions": null,
        "gates": []
      },
      "postDeploymentGates": {
        "id": 0,
        "gatesOptions": null,
        "gates": []
      },
      "environmentTriggers": [],
      "badgeUrl": ""
    },
    {
      "id": 150,
      "name": "Release to STG",
      "rank": 7,
      "owner": {
        "displayName": "$OwnerDisplayName$",
        "url": "",
        "_links": "{}",
        "id": "$OwnerId$",
        "uniqueName": "$OwnerUniqueName$",
        "imageUrl": "",
        "descriptor": ""
      },
      "variables": {},
      "variableGroups": [
        "$Bookings-STG$"
      ],
      "preDeployApprovals": {
        "approvals": [
          {
            "rank": 1,
            "isAutomated": true,
            "isNotificationOn": false,
            "id": 443
          }
        ],
        "approvalOptions": {
          "requiredApproverCount": null,
          "releaseCreatorCanBeApprover": false,
          "autoTriggeredAndPreviousEnvironmentApprovedCanBeSkipped": false,
          "enforceIdentityRevalidation": false,
          "timeoutInMinutes": 0,
          "executionOrder": "beforeGates"
        }
      },
      "deployStep": {
        "id": 450
      },
      "postDeployApprovals": {
        "approvals": [
          {
            "rank": 1,
            "isAutomated": true,
            "isNotificationOn": false,
            "id": 463
          }
        ],
        "approvalOptions": {
          "requiredApproverCount": null,
          "releaseCreatorCanBeApprover": false,
          "autoTriggeredAndPreviousEnvironmentApprovedCanBeSkipped": false,
          "enforceIdentityRevalidation": false,
          "timeoutInMinutes": 0,
          "executionOrder": "afterSuccessfulGates"
        }
      },
      "deployPhases": [
        {
          "deploymentInput": {
            "parallelExecution": {
              "parallelExecutionType": "none"
            },
            "agentSpecification": null,
            "skipArtifactsDownload": false,
            "artifactsDownloadInput": {
              "downloadInputs": [
                {
                  "alias": "_Build Shared Services and PaaS",
                  "artifactType": "Build",
                  "artifactDownloadMode": "All",
                  "artifactItems": []
                }
              ]
            },
            "queueId": "$Hosted VS2017$",
            "demands": [],
            "enableAccessToken": false,
            "timeoutInMinutes": 0,
            "jobCancelTimeoutInMinutes": 1,
            "condition": "succeeded()",
            "overrideInputs": {}
          },
          "rank": 1,
          "phaseType": "agentBasedDeployment",
          "name": "Provision and Deploy",
          "refName": null,
          "workflowTasks": [
            {
              "environment": {},
              "taskId": "10070d96-f7d7-4c22-9f56-9a52a4c0a2c3",
              "version": "1.*",
              "name": "Bookings-CD-CQ-CS",
              "refName": "",
              "enabled": true,
              "alwaysRun": true,
              "continueOnError": true,
              "timeoutInMinutes": 0,
              "definitionType": "metaTask",
              "overrideInputs": {},
              "condition": "succeededOrFailed()",
              "inputs": {
                "administratorLogin": "$(administratorLogin)",
                "administratorPassword": "$(administratorPassword)",
                "administratorsid": "$(administratorsid)",
                "appserviceplan": "$(appserviceplan)",
                "armAppServiceOutput": "$(armAppServiceOutput)",
                "authenticationMode": "$(authenticationMode)",
                "databasename": "$(databasename)",
                "diagnosticStorageAccountName": "$(diagnosticStorageAccountName)",
                "diagnosticStorageResourceGroup": "$(diagnosticStorageResourceGroup)",
                "keyvaultlogstorageaccountaccesskey": "$(keyvaultlogstorageaccountaccesskey)",
                "keyvaultname": "$(keyvaultname)",
                "keyvaultserviceprincipalclientid": "$(keyvaultserviceprincipalclientid)",
                "keyvaultserviceprincipalclientpassword": "$(keyvaultserviceprincipalclientpassword)",
                "localsqlserveradmin": "$(localsqlserveradmin)",
                "localsqlserveradministratorpassword": "$(localsqlserveradministratorpassword)",
                "logAnalyticsWorkspaceName": "$(logAnalyticsWorkspaceName)",
                "logAnalyticsWorkspaceResourceGroup": "$(logAnalyticsWorkspaceResourceGroup)",
                "objectId": "$(objectId)",
                "resourcegroup": "$(resourcegroup)",
                "rglocation": "$(rglocation)",
                "securitylogstorageaccountaccesskey": "$(securitylogstorageaccountaccesskey)",
                "securitylogstorageaccountendpoint": "$(securitylogstorageaccountendpoint)",
                "sqlsecuritylogstorageaccountname": "$(sqlsecuritylogstorageaccountname)",
                "sqlserver": "$(sqlserver)",
                "sqlserveradmin": "$(sqlserveradmin)",
                "sqlserveradministratorpassword": "$(sqlserveradministratorpassword)",
                "storageAccountOutput": "$(storageAccountOutput)",
                "storageAccountResourceId": "$(storageAccountResourceId)",
                "tenantId": "$(tenantId)",
                "vaultsku": "$(vaultsku)",
                "webapp": "$(webapp)"
              }
            }
          ]
        }
      ],
      "environmentOptions": {
        "emailNotificationType": "OnlyOnFailure",
        "emailRecipients": "release.environment.owner;release.creator",
        "skipArtifactsDownload": false,
        "timeoutInMinutes": 0,
        "enableAccessToken": false,
        "publishDeploymentStatus": true,
        "badgeEnabled": false,
        "autoLinkWorkItems": false,
        "pullRequestDeploymentEnabled": false
      },
      "demands": [],
      "conditions": [
        {
          "name": "Release to SIT",
          "conditionType": "environmentState",
          "value": "4"
        }
      ],
      "executionPolicy": {
        "concurrencyCount": 1,
        "queueDepthCount": 0
      },
      "schedules": [],
      "currentRelease": {
        "id": 95,
        "url": "https://vsrm.dev.azure.com/servicescode/1c2ab7e5-8ba6-4f8d-bad9-d112e6996d51/_apis/Release/releases/95",
        "_links": {}
      },
      "retentionPolicy": {
        "daysToKeep": 30,
        "releasesToKeep": 3,
        "retainBuild": true
      },
      "processParameters": {},
      "properties": {
        "LinkBoardsWorkItems": {
          "$type": "System.String",
          "$value": "False"
        }
      },
      "preDeploymentGates": {
        "id": 0,
        "gatesOptions": {
          "isEnabled": false,
          "timeout": 1440,
          "samplingInterval": 15,
          "stabilizationTime": 5,
          "minimumSuccessDuration": 0
        },
        "gates": []
      },
      "postDeploymentGates": {
        "id": 0,
        "gatesOptions": null,
        "gates": []
      },
      "environmentTriggers": [],
      "badgeUrl": ""
    },
    {
      "id": 151,
      "name": "Undeploy STG",
      "rank": 8,
      "owner": {
        "displayName": "$OwnerDisplayName$",
        "url": "",
        "_links": "{}",
        "id": "$OwnerId$",
        "uniqueName": "$OwnerUniqueName$",
        "imageUrl": "",
        "descriptor": ""
      },
      "variables": {},
      "variableGroups": [
        "$Bookings-STG$"
      ],
      "preDeployApprovals": {
        "approvals": [
          {
            "rank": 1,
            "isAutomated": false,
            "isNotificationOn": false,
            "approver": {
              "displayName": "[DevOps-Dojo-WhiteBelt]\\DevOps-Dojo-WhiteBelt Team",
              "url": "https://vssps.dev.azure.com/e/Microsoft/_apis/Identities/3a718057-7af6-49c0-9abb-be956be6cc3d",
              "_links": {
                "avatar": {
                  "href": "https://dev.azure.com/servicescode/_apis/GraphProfile/MemberAvatars/vssgp.Uy0xLTktMTU1MTM3NDI0NS0zODUzOTg2MzMyLTI3OTQxNjM1MzUtMzEzNDgzNzAxMC0zODY4ODE0NjczLTEtMzI0ODU1NDk2Mi00NzQyMjAwOTYtMzE2NjE5MzQ0Ni0xMTEwNTE2Mjcx"
                }
              },
              "id": "3a718057-7af6-49c0-9abb-be956be6cc3d",
              "uniqueName": "vstfs:///Classification/TeamProject/1c2ab7e5-8ba6-4f8d-bad9-d112e6996d51\\DevOps-Dojo-WhiteBelt Team",
              "imageUrl": "https://dev.azure.com/servicescode/_apis/GraphProfile/MemberAvatars/vssgp.Uy0xLTktMTU1MTM3NDI0NS0zODUzOTg2MzMyLTI3OTQxNjM1MzUtMzEzNDgzNzAxMC0zODY4ODE0NjczLTEtMzI0ODU1NDk2Mi00NzQyMjAwOTYtMzE2NjE5MzQ0Ni0xMTEwNTE2Mjcx",
              "isContainer": true,
              "descriptor": "vssgp.Uy0xLTktMTU1MTM3NDI0NS0zODUzOTg2MzMyLTI3OTQxNjM1MzUtMzEzNDgzNzAxMC0zODY4ODE0NjczLTEtMzI0ODU1NDk2Mi00NzQyMjAwOTYtMzE2NjE5MzQ0Ni0xMTEwNTE2Mjcx"
            },
            "id": 444
          }
        ],
        "approvalOptions": {
          "requiredApproverCount": null,
          "releaseCreatorCanBeApprover": true,
          "autoTriggeredAndPreviousEnvironmentApprovedCanBeSkipped": false,
          "enforceIdentityRevalidation": false,
          "timeoutInMinutes": 0,
          "executionOrder": "beforeGates"
        }
      },
      "deployStep": {
        "id": 449
      },
      "postDeployApprovals": {
        "approvals": [
          {
            "rank": 1,
            "isAutomated": true,
            "isNotificationOn": false,
            "id": 464
          }
        ],
        "approvalOptions": {
          "requiredApproverCount": null,
          "releaseCreatorCanBeApprover": false,
          "autoTriggeredAndPreviousEnvironmentApprovedCanBeSkipped": false,
          "enforceIdentityRevalidation": false,
          "timeoutInMinutes": 0,
          "executionOrder": "afterSuccessfulGates"
        }
      },
      "deployPhases": [
        {
          "deploymentInput": {
            "parallelExecution": {
              "parallelExecutionType": "none"
            },
            "agentSpecification": null,
            "skipArtifactsDownload": false,
            "artifactsDownloadInput": {
              "downloadInputs": []
            },
            "queueId": "$Hosted VS2017$",
            "demands": [],
            "enableAccessToken": false,
            "timeoutInMinutes": 0,
            "jobCancelTimeoutInMinutes": 1,
            "condition": "succeeded()",
            "overrideInputs": {}
          },
          "rank": 1,
          "phaseType": "agentBasedDeployment",
          "name": "Undeploy SIT",
          "refName": null,
          "workflowTasks": [
            {
              "environment": {},
              "taskId": "72a1931b-effb-4d2e-8fd8-f8472a07cb62",
              "version": "4.*",
              "name": "Azure PowerShell script: FilePath",
              "refName": "",
              "enabled": true,
              "alwaysRun": false,
              "continueOnError": false,
              "timeoutInMinutes": 0,
              "definitionType": "task",
              "overrideInputs": {},
              "condition": "succeeded()",
              "inputs": {
                "ConnectedServiceNameARM": "",
                "ScriptType": "FilePath",
                "ScriptPath": "$(System.DefaultWorkingDirectory)/_Bookings-CI/drop/ModernizationWithAppServiceDotNET/SmartHotel360.Registration.ARM/AppServices/UndeployAppService.ps1",
                "Inline": "# You can write your azure powershell scripts inline here. \n# You can also pass predefined and custom variables to this script using arguments",
                "ScriptArguments": "-ResourceGroupName '$(resourcegroup)' -WebAppName '$(webapp)' -AppServicePlanName '$(appserviceplan)' -SqlServerName '$(sqlserver)'",
                "errorActionPreference": "stop",
                "FailOnStandardError": "false",
                "TargetAzurePs": "LatestVersion",
                "CustomTargetAzurePs": ""
              }
            }
          ]
        }
      ],
      "environmentOptions": {
        "emailNotificationType": "OnlyOnFailure",
        "emailRecipients": "release.environment.owner;release.creator",
        "skipArtifactsDownload": false,
        "timeoutInMinutes": 0,
        "enableAccessToken": false,
        "publishDeploymentStatus": true,
        "badgeEnabled": false,
        "autoLinkWorkItems": false,
        "pullRequestDeploymentEnabled": false
      },
      "demands": [],
      "conditions": [
        {
          "name": "Release to STG",
          "conditionType": "environmentState",
          "value": "132"
        }
      ],
      "executionPolicy": {
        "concurrencyCount": 1,
        "queueDepthCount": 0
      },
      "schedules": [],
      "currentRelease": {
        "id": 0,
        "url": "https://vsrm.dev.azure.com/servicescode/1c2ab7e5-8ba6-4f8d-bad9-d112e6996d51/_apis/Release/releases/0",
        "_links": {}
      },
      "retentionPolicy": {
        "daysToKeep": 30,
        "releasesToKeep": 3,
        "retainBuild": true
      },
      "processParameters": {},
      "properties": {
        "LinkBoardsWorkItems": {
          "$type": "System.String",
          "$value": "False"
        }
      },
      "preDeploymentGates": {
        "id": 0,
        "gatesOptions": null,
        "gates": []
      },
      "postDeploymentGates": {
        "id": 0,
        "gatesOptions": null,
        "gates": []
      },
      "environmentTriggers": [],
      "badgeUrl": ""
    },
    {
      "id": 152,
      "name": "Release to PRD",
      "rank": 9,
      "owner": {
        "displayName": "$OwnerDisplayName$",
        "url": "",
        "_links": "{}",
        "id": "$OwnerId$",
        "uniqueName": "$OwnerUniqueName$",
        "imageUrl": "",
        "descriptor": ""
      },
      "variables": {},
      "variableGroups": [
        "$Bookings-PRD$"
      ],
      "preDeployApprovals": {
        "approvals": [
          {
            "rank": 1,
            "isAutomated": false,
            "isNotificationOn": false,
            "approver": {
              "displayName": "[DevOps-Dojo-WhiteBelt]\\DevOps-Dojo-WhiteBelt Team",
              "url": "https://vssps.dev.azure.com/e/Microsoft/_apis/Identities/3a718057-7af6-49c0-9abb-be956be6cc3d",
              "_links": {
                "avatar": {
                  "href": "https://dev.azure.com/servicescode/_apis/GraphProfile/MemberAvatars/vssgp.Uy0xLTktMTU1MTM3NDI0NS0zODUzOTg2MzMyLTI3OTQxNjM1MzUtMzEzNDgzNzAxMC0zODY4ODE0NjczLTEtMzI0ODU1NDk2Mi00NzQyMjAwOTYtMzE2NjE5MzQ0Ni0xMTEwNTE2Mjcx"
                }
              },
              "id": "3a718057-7af6-49c0-9abb-be956be6cc3d",
              "uniqueName": "vstfs:///Classification/TeamProject/1c2ab7e5-8ba6-4f8d-bad9-d112e6996d51\\DevOps-Dojo-WhiteBelt Team",
              "imageUrl": "https://dev.azure.com/servicescode/_apis/GraphProfile/MemberAvatars/vssgp.Uy0xLTktMTU1MTM3NDI0NS0zODUzOTg2MzMyLTI3OTQxNjM1MzUtMzEzNDgzNzAxMC0zODY4ODE0NjczLTEtMzI0ODU1NDk2Mi00NzQyMjAwOTYtMzE2NjE5MzQ0Ni0xMTEwNTE2Mjcx",
              "isContainer": true,
              "descriptor": "vssgp.Uy0xLTktMTU1MTM3NDI0NS0zODUzOTg2MzMyLTI3OTQxNjM1MzUtMzEzNDgzNzAxMC0zODY4ODE0NjczLTEtMzI0ODU1NDk2Mi00NzQyMjAwOTYtMzE2NjE5MzQ0Ni0xMTEwNTE2Mjcx"
            },
            "id": 445
          }
        ],
        "approvalOptions": {
          "requiredApproverCount": null,
          "releaseCreatorCanBeApprover": true,
          "autoTriggeredAndPreviousEnvironmentApprovedCanBeSkipped": false,
          "enforceIdentityRevalidation": false,
          "timeoutInMinutes": 0,
          "executionOrder": "beforeGates"
        }
      },
      "deployStep": {
        "id": 448
      },
      "postDeployApprovals": {
        "approvals": [
          {
            "rank": 1,
            "isAutomated": true,
            "isNotificationOn": false,
            "id": 465
          }
        ],
        "approvalOptions": {
          "requiredApproverCount": null,
          "releaseCreatorCanBeApprover": false,
          "autoTriggeredAndPreviousEnvironmentApprovedCanBeSkipped": false,
          "enforceIdentityRevalidation": false,
          "timeoutInMinutes": 0,
          "executionOrder": "afterSuccessfulGates"
        }
      },
      "deployPhases": [
        {
          "deploymentInput": {
            "parallelExecution": {
              "parallelExecutionType": "none"
            },
            "agentSpecification": null,
            "skipArtifactsDownload": false,
            "artifactsDownloadInput": {
              "downloadInputs": [
                {
                  "alias": "_Build Shared Services and PaaS",
                  "artifactType": "Build",
                  "artifactDownloadMode": "All",
                  "artifactItems": []
                }
              ]
            },
            "queueId": "$Hosted VS2017$",
            "demands": [],
            "enableAccessToken": false,
            "timeoutInMinutes": 0,
            "jobCancelTimeoutInMinutes": 1,
            "condition": "succeeded()",
            "overrideInputs": {}
          },
          "rank": 1,
          "phaseType": "agentBasedDeployment",
          "name": "Provision and Deploy",
          "refName": null,
          "workflowTasks": [
            {
              "environment": {},
              "taskId": "10070d96-f7d7-4c22-9f56-9a52a4c0a2c3",
              "version": "1.*",
              "name": "Bookings-CD-CQ-CS",
              "refName": "",
              "enabled": true,
              "alwaysRun": true,
              "continueOnError": true,
              "timeoutInMinutes": 0,
              "definitionType": "metaTask",
              "overrideInputs": {},
              "condition": "succeededOrFailed()",
              "inputs": {
                "administratorLogin": "$(administratorLogin)",
                "administratorPassword": "$(administratorPassword)",
                "administratorsid": "$(administratorsid)",
                "appserviceplan": "$(appserviceplan)",
                "armAppServiceOutput": "$(armAppServiceOutput)",
                "authenticationMode": "$(authenticationMode)",
                "databasename": "$(databasename)",
                "diagnosticStorageAccountName": "$(diagnosticStorageAccountName)",
                "diagnosticStorageResourceGroup": "$(diagnosticStorageResourceGroup)",
                "keyvaultlogstorageaccountaccesskey": "$(keyvaultlogstorageaccountaccesskey)",
                "keyvaultname": "$(keyvaultname)",
                "keyvaultserviceprincipalclientid": "$(keyvaultserviceprincipalclientid)",
                "keyvaultserviceprincipalclientpassword": "$(keyvaultserviceprincipalclientpassword)",
                "localsqlserveradmin": "$(localsqlserveradmin)",
                "localsqlserveradministratorpassword": "$(localsqlserveradministratorpassword)",
                "logAnalyticsWorkspaceName": "$(logAnalyticsWorkspaceName)",
                "logAnalyticsWorkspaceResourceGroup": "$(logAnalyticsWorkspaceResourceGroup)",
                "objectId": "$(objectId)",
                "resourcegroup": "$(resourcegroup)",
                "rglocation": "$(rglocation)",
                "securitylogstorageaccountaccesskey": "$(securitylogstorageaccountaccesskey)",
                "securitylogstorageaccountendpoint": "$(securitylogstorageaccountendpoint)",
                "sqlsecuritylogstorageaccountname": "$(sqlsecuritylogstorageaccountname)",
                "sqlserver": "$(sqlserver)",
                "sqlserveradmin": "$(sqlserveradmin)",
                "sqlserveradministratorpassword": "$(sqlserveradministratorpassword)",
                "storageAccountOutput": "$(storageAccountOutput)",
                "storageAccountResourceId": "$(storageAccountResourceId)",
                "tenantId": "$(tenantId)",
                "vaultsku": "$(vaultsku)",
                "webapp": "$(webapp)"
              }
            }
          ]
        }
      ],
      "environmentOptions": {
        "emailNotificationType": "OnlyOnFailure",
        "emailRecipients": "release.environment.owner;release.creator",
        "skipArtifactsDownload": false,
        "timeoutInMinutes": 0,
        "enableAccessToken": false,
        "publishDeploymentStatus": true,
        "badgeEnabled": false,
        "autoLinkWorkItems": false,
        "pullRequestDeploymentEnabled": false
      },
      "demands": [],
      "conditions": [
        {
          "name": "Release to STG",
          "conditionType": "environmentState",
          "value": "4"
        }
      ],
      "executionPolicy": {
        "concurrencyCount": 1,
        "queueDepthCount": 0
      },
      "schedules": [],
      "currentRelease": {
        "id": 95,
        "url": "https://vsrm.dev.azure.com/servicescode/1c2ab7e5-8ba6-4f8d-bad9-d112e6996d51/_apis/Release/releases/95",
        "_links": {}
      },
      "retentionPolicy": {
        "daysToKeep": 30,
        "releasesToKeep": 3,
        "retainBuild": true
      },
      "processParameters": {},
      "properties": {
        "LinkBoardsWorkItems": {
          "$type": "System.String",
          "$value": "False"
        }
      },
      "preDeploymentGates": {
        "id": 0,
        "gatesOptions": {
          "isEnabled": false,
          "timeout": 1440,
          "samplingInterval": 15,
          "stabilizationTime": 5,
          "minimumSuccessDuration": 0
        },
        "gates": []
      },
      "postDeploymentGates": {
        "id": 0,
        "gatesOptions": null,
        "gates": []
      },
      "environmentTriggers": [],
      "badgeUrl": ""
    },
    {
      "id": 153,
      "name": "Undeploy PRD",
      "rank": 10,
      "owner": {
        "displayName": "$OwnerDisplayName$",
        "url": "",
        "_links": "{}",
        "id": "$OwnerId$",
        "uniqueName": "$OwnerUniqueName$",
        "imageUrl": "",
        "descriptor": ""
      },
      "variables": {},
      "variableGroups": [
        "$Bookings-PRD$"
      ],
      "preDeployApprovals": {
        "approvals": [
          {
            "rank": 1,
            "isAutomated": false,
            "isNotificationOn": false,
            "approver": {
              "displayName": "[DevOps-Dojo-WhiteBelt]\\DevOps-Dojo-WhiteBelt Team",
              "url": "https://vssps.dev.azure.com/e/Microsoft/_apis/Identities/3a718057-7af6-49c0-9abb-be956be6cc3d",
              "_links": {
                "avatar": {
                  "href": "https://dev.azure.com/servicescode/_apis/GraphProfile/MemberAvatars/vssgp.Uy0xLTktMTU1MTM3NDI0NS0zODUzOTg2MzMyLTI3OTQxNjM1MzUtMzEzNDgzNzAxMC0zODY4ODE0NjczLTEtMzI0ODU1NDk2Mi00NzQyMjAwOTYtMzE2NjE5MzQ0Ni0xMTEwNTE2Mjcx"
                }
              },
              "id": "3a718057-7af6-49c0-9abb-be956be6cc3d",
              "uniqueName": "vstfs:///Classification/TeamProject/1c2ab7e5-8ba6-4f8d-bad9-d112e6996d51\\DevOps-Dojo-WhiteBelt Team",
              "imageUrl": "https://dev.azure.com/servicescode/_apis/GraphProfile/MemberAvatars/vssgp.Uy0xLTktMTU1MTM3NDI0NS0zODUzOTg2MzMyLTI3OTQxNjM1MzUtMzEzNDgzNzAxMC0zODY4ODE0NjczLTEtMzI0ODU1NDk2Mi00NzQyMjAwOTYtMzE2NjE5MzQ0Ni0xMTEwNTE2Mjcx",
              "isContainer": true,
              "descriptor": "vssgp.Uy0xLTktMTU1MTM3NDI0NS0zODUzOTg2MzMyLTI3OTQxNjM1MzUtMzEzNDgzNzAxMC0zODY4ODE0NjczLTEtMzI0ODU1NDk2Mi00NzQyMjAwOTYtMzE2NjE5MzQ0Ni0xMTEwNTE2Mjcx"
            },
            "id": 446
          }
        ],
        "approvalOptions": {
          "requiredApproverCount": null,
          "releaseCreatorCanBeApprover": true,
          "autoTriggeredAndPreviousEnvironmentApprovedCanBeSkipped": false,
          "enforceIdentityRevalidation": false,
          "timeoutInMinutes": 0,
          "executionOrder": "beforeGates"
        }
      },
      "deployStep": {
        "id": 447
      },
      "postDeployApprovals": {
        "approvals": [
          {
            "rank": 1,
            "isAutomated": true,
            "isNotificationOn": false,
            "id": 466
          }
        ],
        "approvalOptions": {
          "requiredApproverCount": null,
          "releaseCreatorCanBeApprover": false,
          "autoTriggeredAndPreviousEnvironmentApprovedCanBeSkipped": false,
          "enforceIdentityRevalidation": false,
          "timeoutInMinutes": 0,
          "executionOrder": "afterSuccessfulGates"
        }
      },
      "deployPhases": [
        {
          "deploymentInput": {
            "parallelExecution": {
              "parallelExecutionType": "none"
            },
            "agentSpecification": null,
            "skipArtifactsDownload": false,
            "artifactsDownloadInput": {
              "downloadInputs": []
            },
            "queueId": "$Hosted VS2017$",
            "demands": [],
            "enableAccessToken": false,
            "timeoutInMinutes": 0,
            "jobCancelTimeoutInMinutes": 1,
            "condition": "succeeded()",
            "overrideInputs": {}
          },
          "rank": 1,
          "phaseType": "agentBasedDeployment",
          "name": "Undeploy PRD",
          "refName": null,
          "workflowTasks": [
            {
              "environment": {},
              "taskId": "72a1931b-effb-4d2e-8fd8-f8472a07cb62",
              "version": "4.*",
              "name": "Azure PowerShell script: FilePath",
              "refName": "",
              "enabled": true,
              "alwaysRun": false,
              "continueOnError": false,
              "timeoutInMinutes": 0,
              "definitionType": "task",
              "overrideInputs": {},
              "condition": "succeeded()",
              "inputs": {
                "ConnectedServiceNameARM": "",
                "ScriptType": "FilePath",
                "ScriptPath": "$(System.DefaultWorkingDirectory)/_Bookings-CI/drop/ModernizationWithAppServiceDotNET/SmartHotel360.Registration.ARM/AppServices/UndeployAppService.ps1",
                "Inline": "# You can write your azure powershell scripts inline here. \n# You can also pass predefined and custom variables to this script using arguments",
                "ScriptArguments": "-ResourceGroupName '$(resourcegroup)' -WebAppName '$(webapp)' -AppServicePlanName '$(appserviceplan)' -SqlServerName '$(sqlserver)'",
                "errorActionPreference": "stop",
                "FailOnStandardError": "false",
                "TargetAzurePs": "LatestVersion",
                "CustomTargetAzurePs": ""
              }
            }
          ]
        }
      ],
      "environmentOptions": {
        "emailNotificationType": "OnlyOnFailure",
        "emailRecipients": "release.environment.owner;release.creator",
        "skipArtifactsDownload": false,
        "timeoutInMinutes": 0,
        "enableAccessToken": false,
        "publishDeploymentStatus": true,
        "badgeEnabled": false,
        "autoLinkWorkItems": false,
        "pullRequestDeploymentEnabled": false
      },
      "demands": [],
      "conditions": [
        {
          "name": "Release to PRD",
          "conditionType": "environmentState",
          "value": "132"
        }
      ],
      "executionPolicy": {
        "concurrencyCount": 1,
        "queueDepthCount": 0
      },
      "schedules": [],
      "currentRelease": {
        "id": 0,
        "url": "https://vsrm.dev.azure.com/servicescode/1c2ab7e5-8ba6-4f8d-bad9-d112e6996d51/_apis/Release/releases/0",
        "_links": {}
      },
      "retentionPolicy": {
        "daysToKeep": 30,
        "releasesToKeep": 3,
        "retainBuild": true
      },
      "processParameters": {},
      "properties": {
        "LinkBoardsWorkItems": {
          "$type": "System.String",
          "$value": "False"
        }
      },
      "preDeploymentGates": {
        "id": 0,
        "gatesOptions": null,
        "gates": []
      },
      "postDeploymentGates": {
        "id": 0,
        "gatesOptions": null,
        "gates": []
      },
      "environmentTriggers": [],
      "badgeUrl": ""
    }
  ],
  "artifacts": [
    {
      "sourceId": "$ProjectId$:$Bookings-CI-CQ-CS-id$",
      "type": "Build",
      "alias": "_Bookings-CI",
      "definitionReference": {
        "artifactSourceDefinitionUrl": "{}",
        "defaultVersionBranch": {
          "id": "",
          "name": ""
        },
        "defaultVersionSpecific": {
          "id": "",
          "name": ""
        },
        "defaultVersionTags": {
          "id": "",
          "name": ""
        },
        "defaultVersionType": {
          "id": "latestType",
          "name": "Latest"
        },
        "definition": {
          "id": "$Bookings-CI-CQ-CS-id$",
          "name": "Bookings-CI-CQ-CS"
        },
        "definitions": {
          "id": "",
          "name": ""
        },
        "IsMultiDefinitionType": {
          "id": "False",
          "name": "False"
        },
        "project": {
          "id": "$ProjectId$",
          "name": "$ProjectName$"
        },
        "repository": {
          "id": "",
          "name": ""
        }
      },
      "isRetained": false
    },
    {
      "sourceId": "$ProjectId$:$Build Shared Services and PaaS-id$",
      "type": "Build",
      "alias": "_Build Shared Services and PaaS",
      "definitionReference": {
        "artifactSourceDefinitionUrl": "{}",
        "defaultVersionBranch": {
          "id": "",
          "name": ""
        },
        "defaultVersionSpecific": {
          "id": "",
          "name": ""
        },
        "defaultVersionTags": {
          "id": "",
          "name": ""
        },
        "defaultVersionType": {
          "id": "latestType",
          "name": "Latest"
        },
        "definition": {
          "id": "$Build Shared Services and PaaS-id$",
          "name": "Build Shared Services and PaaS"
        },
        "definitions": {
          "id": "",
          "name": ""
        },
        "IsMultiDefinitionType": {
          "id": "False",
          "name": "False"
        },
        "project": {
          "id": "$ProjectId$",
          "name": "$ProjectName$"
        },
        "repository": {
          "id": "",
          "name": ""
        }
      },
      "isPrimary": true,
      "isRetained": false
    }
  ],
  "triggers": [],
  "releaseNameFormat": "Release-$(rev:r)",
  "tags": [],
  "properties": {
    "DefinitionCreationSource": {
      "$type": "System.String",
      "$value": "ReleaseClone"
    },
    "IntegrateJiraWorkItems": {
      "$type": "System.String",
      "$value": "false"
    },
    "IntegrateBoardsWorkItems": {
      "$type": "System.String",
      "$value": "False"
    }
  },
  "id": "",
  "name": "Bookings-CD-CQ-CS",
  "path": "\\DevOps-Dojo-Bookings-CD(for reference)",
  "projectReference": null,
  "url": "",
  "_links": "{}"
}