{
  "source": "userInterface",
  "revision": 27,
  "description": null,
  "createdBy": "{}",
  "createdOn": "",
  "modifiedBy": "{}",
  "modifiedOn": "",
  "isDeleted": false,
  "lastRelease": {
    "id": 203,
    "name": "Release-4",
    "artifacts": [],
    "_links": {},
    "description": "",
    "releaseDefinition": {
      "id": 19,
      "projectReference": null,
      "_links": {}
    },
    "createdOn": "2019-09-26T10:14:05.517Z",
    "createdBy": {
      "displayName": "Aakanksha .",
      "url": "https://vssps.dev.azure.com/e/Microsoft/_apis/Identities/cb9715f6-e4a0-6958-99d4-f54dba591bb5",
      "_links": {
        "avatar": {
          "href": "https://dev.azure.com/servicescode/_apis/GraphProfile/MemberAvatars/aad.Y2I5NzE1ZjYtZTRhMC03OTU4LTk5ZDQtZjU0ZGJhNTkxYmI1"
        }
      },
      "id": "cb9715f6-e4a0-6958-99d4-f54dba591bb5",
      "uniqueName": "aak@microsoft.com",
      "imageUrl": "https://dev.azure.com/servicescode/_apis/GraphProfile/MemberAvatars/aad.Y2I5NzE1ZjYtZTRhMC03OTU4LTk5ZDQtZjU0ZGJhNTkxYmI1",
      "descriptor": "aad.Y2I5NzE1ZjYtZTRhMC03OTU4LTk5ZDQtZjU0ZGJhNTkxYmI1"
    }
  },
  "variables": {
    "system.debug": {
      "value": "true"
    }
  },
  "variableGroups": [
    "$All-Stages-Booking$"
  ],
  "environments": [
    {
      "id": 104,
      "name": "Release to DEV",
      "rank": 1,
      "owner": {
        "displayName": "$OwnerDisplayName$",
        "url": "",
        "_links": "{}",
        "id": "$OwnerId$",
        "uniqueName": "$OwnerUniqueName$",
        "imageUrl": "",
        "descriptor": ""
      },
      "variables": {},
      "variableGroups": [
        "$Bookings-DEV$"
      ],
      "preDeployApprovals": {
        "approvals": [
          {
            "rank": 1,
            "isAutomated": true,
            "isNotificationOn": false,
            "id": 311
          }
        ],
        "approvalOptions": {
          "requiredApproverCount": null,
          "releaseCreatorCanBeApprover": false,
          "autoTriggeredAndPreviousEnvironmentApprovedCanBeSkipped": false,
          "enforceIdentityRevalidation": false,
          "timeoutInMinutes": 0,
          "executionOrder": "beforeGates"
        }
      },
      "deployStep": {
        "id": 314
      },
      "postDeployApprovals": {
        "approvals": [
          {
            "rank": 1,
            "isAutomated": true,
            "isNotificationOn": false,
            "id": 315
          }
        ],
        "approvalOptions": {
          "requiredApproverCount": null,
          "releaseCreatorCanBeApprover": false,
          "autoTriggeredAndPreviousEnvironmentApprovedCanBeSkipped": false,
          "enforceIdentityRevalidation": false,
          "timeoutInMinutes": 0,
          "executionOrder": "afterSuccessfulGates"
        }
      },
      "deployPhases": [
        {
          "deploymentInput": {
            "parallelExecution": {
              "parallelExecutionType": "none"
            },
            "agentSpecification": null,
            "skipArtifactsDownload": false,
            "artifactsDownloadInput": {
              "downloadInputs": [
                {
                  "alias": "_Build Shared Services and PaaS",
                  "artifactType": "Build",
                  "artifactDownloadMode": "All",
                  "artifactItems": []
                }
              ]
            },
            "queueId": "$Hosted VS2017$",
            "demands": [],
            "enableAccessToken": false,
            "timeoutInMinutes": 0,
            "jobCancelTimeoutInMinutes": 1,
            "condition": "succeeded()",
            "overrideInputs": {}
          },
          "rank": 1,
          "phaseType": "agentBasedDeployment",
          "name": "Provision and Deploy",
          "refName": null,
          "workflowTasks": [
            {
              "environment": {},
              "taskId": "06aa2422-ce5e-4ebd-868b-155e651a5987",
              "version": "1.*",
              "name": "Task group: Bookings-CD-Base $(administratorLogin)",
              "refName": "",
              "enabled": true,
              "alwaysRun": true,
              "continueOnError": true,
              "timeoutInMinutes": 0,
              "definitionType": "metaTask",
              "overrideInputs": {},
              "condition": "succeededOrFailed()",
              "inputs": {
                "administratorLogin": "$(administratorLogin)",
                "administratorsid": "$(administratorsid)",
                "appserviceplan": "$(appserviceplan)",
                "authenticationMode": "$(authenticationMode)",
                "databasename": "$(databasename)",
                "resourcegroup": "$(resourcegroup)",
                "rglocation": "$(rglocation)",
                "securitylogstorageaccountaccesskey": "$(securitylogstorageaccountaccesskey)",
                "securitylogstorageaccountendpoint": "$(securitylogstorageaccountendpoint)",
                "sqlserver": "$(sqlserver)",
                "sqlserveradmin": "$(sqlserveradmin)",
                "sqlserveradministratorpassword": "$(sqlserveradministratorpassword)",
                "webapp": "$(webapp)"
              }
            }
          ]
        }
      ],
      "environmentOptions": {
        "emailNotificationType": "OnlyOnFailure",
        "emailRecipients": "release.environment.owner;release.creator",
        "skipArtifactsDownload": false,
        "timeoutInMinutes": 0,
        "enableAccessToken": false,
        "publishDeploymentStatus": true,
        "badgeEnabled": false,
        "autoLinkWorkItems": false,
        "pullRequestDeploymentEnabled": false
      },
      "demands": [],
      "conditions": [
        {
          "name": "ReleaseStarted",
          "conditionType": "event",
          "value": ""
        }
      ],
      "executionPolicy": {
        "concurrencyCount": 1,
        "queueDepthCount": 0
      },
      "schedules": [],
      "currentRelease": {
        "id": 203,
        "url": "https://vsrm.dev.azure.com/servicescode/1c2ab7e5-8ba6-4f8d-bad9-d112e6996d51/_apis/Release/releases/203",
        "_links": {}
      },
      "retentionPolicy": {
        "daysToKeep": 30,
        "releasesToKeep": 3,
        "retainBuild": true
      },
      "processParameters": {},
      "properties": {
        "LinkBoardsWorkItems": {
          "$type": "System.String",
          "$value": "False"
        }
      },
      "preDeploymentGates": {
        "id": 0,
        "gatesOptions": {
          "isEnabled": false,
          "timeout": 1440,
          "samplingInterval": 15,
          "stabilizationTime": 5,
          "minimumSuccessDuration": 0
        },
        "gates": []
      },
      "postDeploymentGates": {
        "id": 0,
        "gatesOptions": null,
        "gates": []
      },
      "environmentTriggers": [],
      "badgeUrl": ""
    },
    {
      "id": 105,
      "name": "Undeploy DEV",
      "rank": 2,
      "owner": {
        "displayName": "$OwnerDisplayName$",
        "url": "",
        "_links": "{}",
        "id": "$OwnerId$",
        "uniqueName": "$OwnerUniqueName$",
        "imageUrl": "",
        "descriptor": ""
      },
      "variables": {},
      "variableGroups": [
        "$Bookings-DEV$"
      ],
      "preDeployApprovals": {
        "approvals": [
          {
            "rank": 1,
            "isAutomated": false,
            "isNotificationOn": false,
            "approver": {
              "displayName": "[DevOps-Dojo-WhiteBelt]\\DevOps-Dojo-WhiteBelt Team",
              "url": "https://vssps.dev.azure.com/e/Microsoft/_apis/Identities/3a718057-7af6-49c0-9abb-be956be6cc3d",
              "_links": {
                "avatar": {
                  "href": "https://dev.azure.com/servicescode/_apis/GraphProfile/MemberAvatars/vssgp.Uy0xLTktMTU1MTM3NDI0NS0zODUzOTg2MzMyLTI3OTQxNjM1MzUtMzEzNDgzNzAxMC0zODY4ODE0NjczLTEtMzI0ODU1NDk2Mi00NzQyMjAwOTYtMzE2NjE5MzQ0Ni0xMTEwNTE2Mjcx"
                }
              },
              "id": "3a718057-7af6-49c0-9abb-be956be6cc3d",
              "uniqueName": "vstfs:///Classification/TeamProject/1c2ab7e5-8ba6-4f8d-bad9-d112e6996d51\\DevOps-Dojo-WhiteBelt Team",
              "imageUrl": "https://dev.azure.com/servicescode/_apis/GraphProfile/MemberAvatars/vssgp.Uy0xLTktMTU1MTM3NDI0NS0zODUzOTg2MzMyLTI3OTQxNjM1MzUtMzEzNDgzNzAxMC0zODY4ODE0NjczLTEtMzI0ODU1NDk2Mi00NzQyMjAwOTYtMzE2NjE5MzQ0Ni0xMTEwNTE2Mjcx",
              "isContainer": true,
              "descriptor": "vssgp.Uy0xLTktMTU1MTM3NDI0NS0zODUzOTg2MzMyLTI3OTQxNjM1MzUtMzEzNDgzNzAxMC0zODY4ODE0NjczLTEtMzI0ODU1NDk2Mi00NzQyMjAwOTYtMzE2NjE5MzQ0Ni0xMTEwNTE2Mjcx"
            },
            "id": 330
          }
        ],
        "approvalOptions": {
          "requiredApproverCount": null,
          "releaseCreatorCanBeApprover": true,
          "autoTriggeredAndPreviousEnvironmentApprovedCanBeSkipped": false,
          "enforceIdentityRevalidation": false,
          "timeoutInMinutes": 0,
          "executionOrder": "beforeGates"
        }
      },
      "deployStep": {
        "id": 313
      },
      "postDeployApprovals": {
        "approvals": [
          {
            "rank": 1,
            "isAutomated": true,
            "isNotificationOn": false,
            "id": 316
          }
        ],
        "approvalOptions": {
          "requiredApproverCount": null,
          "releaseCreatorCanBeApprover": false,
          "autoTriggeredAndPreviousEnvironmentApprovedCanBeSkipped": false,
          "enforceIdentityRevalidation": false,
          "timeoutInMinutes": 0,
          "executionOrder": "afterSuccessfulGates"
        }
      },
      "deployPhases": [
        {
          "deploymentInput": {
            "parallelExecution": {
              "parallelExecutionType": "none"
            },
            "agentSpecification": null,
            "skipArtifactsDownload": false,
            "artifactsDownloadInput": {
              "downloadInputs": []
            },
            "queueId": "$Hosted VS2017$",
            "demands": [],
            "enableAccessToken": false,
            "timeoutInMinutes": 0,
            "jobCancelTimeoutInMinutes": 1,
            "condition": "succeeded()",
            "overrideInputs": {}
          },
          "rank": 1,
          "phaseType": "agentBasedDeployment",
          "name": "Undeploy DEV",
          "refName": null,
          "workflowTasks": [
            {
              "environment": {},
              "taskId": "72a1931b-effb-4d2e-8fd8-f8472a07cb62",
              "version": "4.*",
              "name": "Azure PowerShell script: FilePath",
              "refName": "",
              "enabled": true,
              "alwaysRun": false,
              "continueOnError": false,
              "timeoutInMinutes": 0,
              "definitionType": "task",
              "overrideInputs": {},
              "condition": "succeeded()",
              "inputs": {
                "ConnectedServiceNameARM": "",
                "ScriptType": "FilePath",
                "ScriptPath": "$(System.DefaultWorkingDirectory)/_Bookings-CI/drop/ModernizationWithAppServiceDotNET/SmartHotel360.Registration.ARM/AppServices/UndeployAppService.ps1",
                "Inline": "# You can write your azure powershell scripts inline here. \n# You can also pass predefined and custom variables to this script using arguments",
                "ScriptArguments": "-ResourceGroupName '$(resourcegroup)' -WebAppName '$(webapp)' -AppServicePlanName '$(appserviceplan)' -SqlServerName '$(sqlserver)'",
                "errorActionPreference": "stop",
                "FailOnStandardError": "false",
                "TargetAzurePs": "LatestVersion",
                "CustomTargetAzurePs": ""
              }
            }
          ]
        }
      ],
      "environmentOptions": {
        "emailNotificationType": "OnlyOnFailure",
        "emailRecipients": "release.environment.owner;release.creator",
        "skipArtifactsDownload": false,
        "timeoutInMinutes": 0,
        "enableAccessToken": false,
        "publishDeploymentStatus": true,
        "badgeEnabled": false,
        "autoLinkWorkItems": false,
        "pullRequestDeploymentEnabled": false
      },
      "demands": [],
      "conditions": [
        {
          "name": "Release to DEV",
          "conditionType": "environmentState",
          "value": "132"
        }
      ],
      "executionPolicy": {
        "concurrencyCount": 1,
        "queueDepthCount": 0
      },
      "schedules": [],
      "currentRelease": {
        "id": 0,
        "url": "https://vsrm.dev.azure.com/servicescode/1c2ab7e5-8ba6-4f8d-bad9-d112e6996d51/_apis/Release/releases/0",
        "_links": {}
      },
      "retentionPolicy": {
        "daysToKeep": 30,
        "releasesToKeep": 3,
        "retainBuild": true
      },
      "processParameters": {},
      "properties": {
        "LinkBoardsWorkItems": {
          "$type": "System.String",
          "$value": "False"
        }
      },
      "preDeploymentGates": {
        "id": 0,
        "gatesOptions": null,
        "gates": []
      },
      "postDeploymentGates": {
        "id": 0,
        "gatesOptions": null,
        "gates": []
      },
      "environmentTriggers": [],
      "badgeUrl": ""
    },
    {
      "id": 106,
      "name": "Release to QA",
      "rank": 3,
      "owner": {
        "displayName": "$OwnerDisplayName$",
        "url": "",
        "_links": "{}",
        "id": "$OwnerId$",
        "uniqueName": "$OwnerUniqueName$",
        "imageUrl": "",
        "descriptor": ""
      },
      "variables": {},
      "variableGroups": [
        "$Bookings-QA$"
      ],
      "preDeployApprovals": {
        "approvals": [
          {
            "rank": 1,
            "isAutomated": false,
            "isNotificationOn": false,
            "approver": {
              "displayName": "[DevOps-Dojo-WhiteBelt]\\DevOps-Dojo-WhiteBelt Team",
              "url": "https://vssps.dev.azure.com/e/Microsoft/_apis/Identities/3a718057-7af6-49c0-9abb-be956be6cc3d",
              "_links": {
                "avatar": {
                  "href": "https://dev.azure.com/servicescode/_apis/GraphProfile/MemberAvatars/vssgp.Uy0xLTktMTU1MTM3NDI0NS0zODUzOTg2MzMyLTI3OTQxNjM1MzUtMzEzNDgzNzAxMC0zODY4ODE0NjczLTEtMzI0ODU1NDk2Mi00NzQyMjAwOTYtMzE2NjE5MzQ0Ni0xMTEwNTE2Mjcx"
                }
              },
              "id": "3a718057-7af6-49c0-9abb-be956be6cc3d",
              "uniqueName": "vstfs:///Classification/TeamProject/1c2ab7e5-8ba6-4f8d-bad9-d112e6996d51\\DevOps-Dojo-WhiteBelt Team",
              "imageUrl": "https://dev.azure.com/servicescode/_apis/GraphProfile/MemberAvatars/vssgp.Uy0xLTktMTU1MTM3NDI0NS0zODUzOTg2MzMyLTI3OTQxNjM1MzUtMzEzNDgzNzAxMC0zODY4ODE0NjczLTEtMzI0ODU1NDk2Mi00NzQyMjAwOTYtMzE2NjE5MzQ0Ni0xMTEwNTE2Mjcx",
              "isContainer": true,
              "descriptor": "vssgp.Uy0xLTktMTU1MTM3NDI0NS0zODUzOTg2MzMyLTI3OTQxNjM1MzUtMzEzNDgzNzAxMC0zODY4ODE0NjczLTEtMzI0ODU1NDk2Mi00NzQyMjAwOTYtMzE2NjE5MzQ0Ni0xMTEwNTE2Mjcx"
            },
            "id": 323
          }
        ],
        "approvalOptions": {
          "requiredApproverCount": null,
          "releaseCreatorCanBeApprover": true,
          "autoTriggeredAndPreviousEnvironmentApprovedCanBeSkipped": false,
          "enforceIdentityRevalidation": false,
          "timeoutInMinutes": 0,
          "executionOrder": "beforeGates"
        }
      },
      "deployStep": {
        "id": 318
      },
      "postDeployApprovals": {
        "approvals": [
          {
            "rank": 1,
            "isAutomated": true,
            "isNotificationOn": false,
            "id": 319
          }
        ],
        "approvalOptions": {
          "requiredApproverCount": null,
          "releaseCreatorCanBeApprover": false,
          "autoTriggeredAndPreviousEnvironmentApprovedCanBeSkipped": false,
          "enforceIdentityRevalidation": false,
          "timeoutInMinutes": 0,
          "executionOrder": "afterSuccessfulGates"
        }
      },
      "deployPhases": [
        {
          "deploymentInput": {
            "parallelExecution": {
              "parallelExecutionType": "none"
            },
            "agentSpecification": null,
            "skipArtifactsDownload": false,
            "artifactsDownloadInput": {
              "downloadInputs": [
                {
                  "alias": "_Build Shared Services and PaaS",
                  "artifactType": "Build",
                  "artifactDownloadMode": "All",
                  "artifactItems": []
                }
              ]
            },
            "queueId": "$Hosted VS2017$",
            "demands": [],
            "enableAccessToken": false,
            "timeoutInMinutes": 0,
            "jobCancelTimeoutInMinutes": 1,
            "condition": "succeeded()",
            "overrideInputs": {}
          },
          "rank": 1,
          "phaseType": "agentBasedDeployment",
          "name": "Provision and Deploy",
          "refName": null,
          "workflowTasks": [
            {
              "environment": {},
              "taskId": "06aa2422-ce5e-4ebd-868b-155e651a5987",
              "version": "1.*",
              "name": "Task group: Bookings-CD-Base $(administratorLogin)",
              "refName": "",
              "enabled": true,
              "alwaysRun": true,
              "continueOnError": true,
              "timeoutInMinutes": 0,
              "definitionType": "metaTask",
              "overrideInputs": {},
              "condition": "succeededOrFailed()",
              "inputs": {
                "administratorLogin": "$(administratorLogin)",
                "administratorsid": "$(administratorsid)",
                "appserviceplan": "$(appserviceplan)",
                "authenticationMode": "$(authenticationMode)",
                "databasename": "$(databasename)",
                "resourcegroup": "$(resourcegroup)",
                "rglocation": "$(rglocation)",
                "securitylogstorageaccountaccesskey": "$(securitylogstorageaccountaccesskey)",
                "securitylogstorageaccountendpoint": "$(securitylogstorageaccountendpoint)",
                "sqlserver": "$(sqlserver)",
                "sqlserveradmin": "$(sqlserveradmin)",
                "sqlserveradministratorpassword": "$(sqlserveradministratorpassword)",
                "webapp": "$(webapp)"
              }
            }
          ]
        }
      ],
      "environmentOptions": {
        "emailNotificationType": "OnlyOnFailure",
        "emailRecipients": "release.environment.owner;release.creator",
        "skipArtifactsDownload": false,
        "timeoutInMinutes": 0,
        "enableAccessToken": false,
        "publishDeploymentStatus": true,
        "badgeEnabled": false,
        "autoLinkWorkItems": false,
        "pullRequestDeploymentEnabled": false
      },
      "demands": [],
      "conditions": [
        {
          "name": "Release to DEV",
          "conditionType": "environmentState",
          "value": "4"
        }
      ],
      "executionPolicy": {
        "concurrencyCount": 1,
        "queueDepthCount": 0
      },
      "schedules": [],
      "currentRelease": {
        "id": 203,
        "url": "https://vsrm.dev.azure.com/servicescode/1c2ab7e5-8ba6-4f8d-bad9-d112e6996d51/_apis/Release/releases/203",
        "_links": {}
      },
      "retentionPolicy": {
        "daysToKeep": 30,
        "releasesToKeep": 3,
        "retainBuild": true
      },
      "processParameters": {},
      "properties": {
        "LinkBoardsWorkItems": {
          "$type": "System.String",
          "$value": "False"
        }
      },
      "preDeploymentGates": {
        "id": 0,
        "gatesOptions": {
          "isEnabled": false,
          "timeout": 1440,
          "samplingInterval": 15,
          "stabilizationTime": 5,
          "minimumSuccessDuration": 0
        },
        "gates": []
      },
      "postDeploymentGates": {
        "id": 0,
        "gatesOptions": null,
        "gates": []
      },
      "environmentTriggers": [],
      "badgeUrl": ""
    },
    {
      "id": 107,
      "name": "Undeploy QA",
      "rank": 4,
      "owner": {
        "displayName": "$OwnerDisplayName$",
        "url": "",
        "_links": "{}",
        "id": "$OwnerId$",
        "uniqueName": "$OwnerUniqueName$",
        "imageUrl": "",
        "descriptor": ""
      },
      "variables": {},
      "variableGroups": [
        "$Bookings-QA$"
      ],
      "preDeployApprovals": {
        "approvals": [
          {
            "rank": 1,
            "isAutomated": false,
            "isNotificationOn": false,
            "approver": {
              "displayName": "[DevOps-Dojo-WhiteBelt]\\DevOps-Dojo-WhiteBelt Team",
              "url": "https://vssps.dev.azure.com/e/Microsoft/_apis/Identities/3a718057-7af6-49c0-9abb-be956be6cc3d",
              "_links": {
                "avatar": {
                  "href": "https://dev.azure.com/servicescode/_apis/GraphProfile/MemberAvatars/vssgp.Uy0xLTktMTU1MTM3NDI0NS0zODUzOTg2MzMyLTI3OTQxNjM1MzUtMzEzNDgzNzAxMC0zODY4ODE0NjczLTEtMzI0ODU1NDk2Mi00NzQyMjAwOTYtMzE2NjE5MzQ0Ni0xMTEwNTE2Mjcx"
                }
              },
              "id": "3a718057-7af6-49c0-9abb-be956be6cc3d",
              "uniqueName": "vstfs:///Classification/TeamProject/1c2ab7e5-8ba6-4f8d-bad9-d112e6996d51\\DevOps-Dojo-WhiteBelt Team",
              "imageUrl": "https://dev.azure.com/servicescode/_apis/GraphProfile/MemberAvatars/vssgp.Uy0xLTktMTU1MTM3NDI0NS0zODUzOTg2MzMyLTI3OTQxNjM1MzUtMzEzNDgzNzAxMC0zODY4ODE0NjczLTEtMzI0ODU1NDk2Mi00NzQyMjAwOTYtMzE2NjE5MzQ0Ni0xMTEwNTE2Mjcx",
              "isContainer": true,
              "descriptor": "vssgp.Uy0xLTktMTU1MTM3NDI0NS0zODUzOTg2MzMyLTI3OTQxNjM1MzUtMzEzNDgzNzAxMC0zODY4ODE0NjczLTEtMzI0ODU1NDk2Mi00NzQyMjAwOTYtMzE2NjE5MzQ0Ni0xMTEwNTE2Mjcx"
            },
            "id": 331
          }
        ],
        "approvalOptions": {
          "requiredApproverCount": null,
          "releaseCreatorCanBeApprover": true,
          "autoTriggeredAndPreviousEnvironmentApprovedCanBeSkipped": false,
          "enforceIdentityRevalidation": false,
          "timeoutInMinutes": 0,
          "executionOrder": "beforeGates"
        }
      },
      "deployStep": {
        "id": 321
      },
      "postDeployApprovals": {
        "approvals": [
          {
            "rank": 1,
            "isAutomated": true,
            "isNotificationOn": false,
            "id": 322
          }
        ],
        "approvalOptions": {
          "requiredApproverCount": null,
          "releaseCreatorCanBeApprover": false,
          "autoTriggeredAndPreviousEnvironmentApprovedCanBeSkipped": false,
          "enforceIdentityRevalidation": false,
          "timeoutInMinutes": 0,
          "executionOrder": "afterSuccessfulGates"
        }
      },
      "deployPhases": [
        {
          "deploymentInput": {
            "parallelExecution": {
              "parallelExecutionType": "none"
            },
            "agentSpecification": null,
            "skipArtifactsDownload": false,
            "artifactsDownloadInput": {
              "downloadInputs": [
                {
                  "alias": "_Build Shared Services and PaaS",
                  "artifactType": "Build",
                  "artifactDownloadMode": "All",
                  "artifactItems": []
                }
              ]
            },
            "queueId": "$Hosted VS2017$",
            "demands": [],
            "enableAccessToken": false,
            "timeoutInMinutes": 0,
            "jobCancelTimeoutInMinutes": 1,
            "condition": "succeeded()",
            "overrideInputs": {}
          },
          "rank": 1,
          "phaseType": "agentBasedDeployment",
          "name": "Undeploy QA",
          "refName": null,
          "workflowTasks": [
            {
              "environment": {},
              "taskId": "72a1931b-effb-4d2e-8fd8-f8472a07cb62",
              "version": "4.*",
              "name": "Azure PowerShell script: FilePath",
              "refName": "",
              "enabled": true,
              "alwaysRun": false,
              "continueOnError": false,
              "timeoutInMinutes": 0,
              "definitionType": "task",
              "overrideInputs": {},
              "condition": "succeeded()",
              "inputs": {
                "ConnectedServiceNameARM": "",
                "ScriptType": "FilePath",
                "ScriptPath": "$(System.DefaultWorkingDirectory)/_Bookings-CI/drop/ModernizationWithAppServiceDotNET/SmartHotel360.Registration.ARM/AppServices/UndeployAppService.ps1",
                "Inline": "# You can write your azure powershell scripts inline here. \n# You can also pass predefined and custom variables to this script using arguments",
                "ScriptArguments": "-ResourceGroupName '$(resourcegroup)' -WebAppName '$(webapp)' -AppServicePlanName '$(appserviceplan)' -SqlServerName '$(sqlserver)'",
                "errorActionPreference": "stop",
                "FailOnStandardError": "false",
                "TargetAzurePs": "LatestVersion",
                "CustomTargetAzurePs": ""
              }
            }
          ]
        }
      ],
      "environmentOptions": {
        "emailNotificationType": "OnlyOnFailure",
        "emailRecipients": "release.environment.owner;release.creator",
        "skipArtifactsDownload": false,
        "timeoutInMinutes": 0,
        "enableAccessToken": false,
        "publishDeploymentStatus": true,
        "badgeEnabled": false,
        "autoLinkWorkItems": false,
        "pullRequestDeploymentEnabled": false
      },
      "demands": [],
      "conditions": [
        {
          "name": "Release to QA",
          "conditionType": "environmentState",
          "value": "132"
        }
      ],
      "executionPolicy": {
        "concurrencyCount": 1,
        "queueDepthCount": 0
      },
      "schedules": [],
      "currentRelease": {
        "id": 0,
        "url": "https://vsrm.dev.azure.com/servicescode/1c2ab7e5-8ba6-4f8d-bad9-d112e6996d51/_apis/Release/releases/0",
        "_links": {}
      },
      "retentionPolicy": {
        "daysToKeep": 30,
        "releasesToKeep": 3,
        "retainBuild": true
      },
      "processParameters": {},
      "properties": {
        "LinkBoardsWorkItems": {
          "$type": "System.String",
          "$value": "False"
        }
      },
      "preDeploymentGates": {
        "id": 0,
        "gatesOptions": null,
        "gates": []
      },
      "postDeploymentGates": {
        "id": 0,
        "gatesOptions": null,
        "gates": []
      },
      "environmentTriggers": [],
      "badgeUrl": ""
    },
    {
      "id": 108,
      "name": "Release to SIT",
      "rank": 5,
      "owner": {
        "displayName": "$OwnerDisplayName$",
        "url": "",
        "_links": "{}",
        "id": "$OwnerId$",
        "uniqueName": "$OwnerUniqueName$",
        "imageUrl": "",
        "descriptor": ""
      },
      "variables": {},
      "variableGroups": [
        "$Bookings-SIT$"
      ],
      "preDeployApprovals": {
        "approvals": [
          {
            "rank": 1,
            "isAutomated": true,
            "isNotificationOn": false,
            "id": 345
          }
        ],
        "approvalOptions": {
          "requiredApproverCount": null,
          "releaseCreatorCanBeApprover": false,
          "autoTriggeredAndPreviousEnvironmentApprovedCanBeSkipped": false,
          "enforceIdentityRevalidation": false,
          "timeoutInMinutes": 0,
          "executionOrder": "beforeGates"
        }
      },
      "deployStep": {
        "id": 325
      },
      "postDeployApprovals": {
        "approvals": [
          {
            "rank": 1,
            "isAutomated": true,
            "isNotificationOn": false,
            "id": 326
          }
        ],
        "approvalOptions": {
          "requiredApproverCount": null,
          "releaseCreatorCanBeApprover": false,
          "autoTriggeredAndPreviousEnvironmentApprovedCanBeSkipped": false,
          "enforceIdentityRevalidation": false,
          "timeoutInMinutes": 0,
          "executionOrder": "afterSuccessfulGates"
        }
      },
      "deployPhases": [
        {
          "deploymentInput": {
            "parallelExecution": {
              "parallelExecutionType": "none"
            },
            "agentSpecification": null,
            "skipArtifactsDownload": false,
            "artifactsDownloadInput": {
              "downloadInputs": [
                {
                  "alias": "_Build Shared Services and PaaS",
                  "artifactType": "Build",
                  "artifactDownloadMode": "All",
                  "artifactItems": []
                }
              ]
            },
            "queueId": "$Hosted VS2017$",
            "demands": [],
            "enableAccessToken": false,
            "timeoutInMinutes": 0,
            "jobCancelTimeoutInMinutes": 1,
            "condition": "succeeded()",
            "overrideInputs": {}
          },
          "rank": 1,
          "phaseType": "agentBasedDeployment",
          "name": "Provision and Deploy",
          "refName": null,
          "workflowTasks": [
            {
              "environment": {},
              "taskId": "06aa2422-ce5e-4ebd-868b-155e651a5987",
              "version": "1.*",
              "name": "Task group: Bookings-CD-Base $(administratorLogin)",
              "refName": "",
              "enabled": true,
              "alwaysRun": true,
              "continueOnError": true,
              "timeoutInMinutes": 0,
              "definitionType": "metaTask",
              "overrideInputs": {},
              "condition": "succeededOrFailed()",
              "inputs": {
                "administratorLogin": "$(administratorLogin)",
                "administratorsid": "$(administratorsid)",
                "appserviceplan": "$(appserviceplan)",
                "authenticationMode": "$(authenticationMode)",
                "databasename": "$(databasename)",
                "resourcegroup": "$(resourcegroup)",
                "rglocation": "$(rglocation)",
                "securitylogstorageaccountaccesskey": "$(securitylogstorageaccountaccesskey)",
                "securitylogstorageaccountendpoint": "$(securitylogstorageaccountendpoint)",
                "sqlserver": "$(sqlserver)",
                "sqlserveradmin": "$(sqlserveradmin)",
                "sqlserveradministratorpassword": "$(sqlserveradministratorpassword)",
                "webapp": "$(webapp)"
              }
            }
          ]
        }
      ],
      "environmentOptions": {
        "emailNotificationType": "OnlyOnFailure",
        "emailRecipients": "release.environment.owner;release.creator",
        "skipArtifactsDownload": false,
        "timeoutInMinutes": 0,
        "enableAccessToken": false,
        "publishDeploymentStatus": true,
        "badgeEnabled": false,
        "autoLinkWorkItems": false,
        "pullRequestDeploymentEnabled": false
      },
      "demands": [],
      "conditions": [
        {
          "name": "Release to QA",
          "conditionType": "environmentState",
          "value": "4"
        }
      ],
      "executionPolicy": {
        "concurrencyCount": 1,
        "queueDepthCount": 0
      },
      "schedules": [],
      "currentRelease": {
        "id": 203,
        "url": "https://vsrm.dev.azure.com/servicescode/1c2ab7e5-8ba6-4f8d-bad9-d112e6996d51/_apis/Release/releases/203",
        "_links": {}
      },
      "retentionPolicy": {
        "daysToKeep": 30,
        "releasesToKeep": 3,
        "retainBuild": true
      },
      "processParameters": {},
      "properties": {
        "LinkBoardsWorkItems": {
          "$type": "System.String",
          "$value": "False"
        }
      },
      "preDeploymentGates": {
        "id": 0,
        "gatesOptions": {
          "isEnabled": false,
          "timeout": 1440,
          "samplingInterval": 15,
          "stabilizationTime": 5,
          "minimumSuccessDuration": 0
        },
        "gates": []
      },
      "postDeploymentGates": {
        "id": 0,
        "gatesOptions": null,
        "gates": []
      },
      "environmentTriggers": [],
      "badgeUrl": ""
    },
    {
      "id": 109,
      "name": "Undeploy SIT",
      "rank": 6,
      "owner": {
        "displayName": "$OwnerDisplayName$",
        "url": "",
        "_links": "{}",
        "id": "$OwnerId$",
        "uniqueName": "$OwnerUniqueName$",
        "imageUrl": "",
        "descriptor": ""
      },
      "variables": {},
      "variableGroups": [
        "$Bookings-SIT$"
      ],
      "preDeployApprovals": {
        "approvals": [
          {
            "rank": 1,
            "isAutomated": false,
            "isNotificationOn": false,
            "approver": {
              "displayName": "[DevOps-Dojo-WhiteBelt]\\DevOps-Dojo-WhiteBelt Team",
              "url": "https://vssps.dev.azure.com/e/Microsoft/_apis/Identities/3a718057-7af6-49c0-9abb-be956be6cc3d",
              "_links": {
                "avatar": {
                  "href": "https://dev.azure.com/servicescode/_apis/GraphProfile/MemberAvatars/vssgp.Uy0xLTktMTU1MTM3NDI0NS0zODUzOTg2MzMyLTI3OTQxNjM1MzUtMzEzNDgzNzAxMC0zODY4ODE0NjczLTEtMzI0ODU1NDk2Mi00NzQyMjAwOTYtMzE2NjE5MzQ0Ni0xMTEwNTE2Mjcx"
                }
              },
              "id": "3a718057-7af6-49c0-9abb-be956be6cc3d",
              "uniqueName": "vstfs:///Classification/TeamProject/1c2ab7e5-8ba6-4f8d-bad9-d112e6996d51\\DevOps-Dojo-WhiteBelt Team",
              "imageUrl": "https://dev.azure.com/servicescode/_apis/GraphProfile/MemberAvatars/vssgp.Uy0xLTktMTU1MTM3NDI0NS0zODUzOTg2MzMyLTI3OTQxNjM1MzUtMzEzNDgzNzAxMC0zODY4ODE0NjczLTEtMzI0ODU1NDk2Mi00NzQyMjAwOTYtMzE2NjE5MzQ0Ni0xMTEwNTE2Mjcx",
              "isContainer": true,
              "descriptor": "vssgp.Uy0xLTktMTU1MTM3NDI0NS0zODUzOTg2MzMyLTI3OTQxNjM1MzUtMzEzNDgzNzAxMC0zODY4ODE0NjczLTEtMzI0ODU1NDk2Mi00NzQyMjAwOTYtMzE2NjE5MzQ0Ni0xMTEwNTE2Mjcx"
            },
            "id": 332
          }
        ],
        "approvalOptions": {
          "requiredApproverCount": null,
          "releaseCreatorCanBeApprover": true,
          "autoTriggeredAndPreviousEnvironmentApprovedCanBeSkipped": false,
          "enforceIdentityRevalidation": false,
          "timeoutInMinutes": 0,
          "executionOrder": "beforeGates"
        }
      },
      "deployStep": {
        "id": 328
      },
      "postDeployApprovals": {
        "approvals": [
          {
            "rank": 1,
            "isAutomated": true,
            "isNotificationOn": false,
            "id": 329
          }
        ],
        "approvalOptions": {
          "requiredApproverCount": null,
          "releaseCreatorCanBeApprover": false,
          "autoTriggeredAndPreviousEnvironmentApprovedCanBeSkipped": false,
          "enforceIdentityRevalidation": false,
          "timeoutInMinutes": 0,
          "executionOrder": "afterSuccessfulGates"
        }
      },
      "deployPhases": [
        {
          "deploymentInput": {
            "parallelExecution": {
              "parallelExecutionType": "none"
            },
            "agentSpecification": null,
            "skipArtifactsDownload": false,
            "artifactsDownloadInput": {
              "downloadInputs": []
            },
            "queueId": "$Hosted VS2017$",
            "demands": [],
            "enableAccessToken": false,
            "timeoutInMinutes": 0,
            "jobCancelTimeoutInMinutes": 1,
            "condition": "succeeded()",
            "overrideInputs": {}
          },
          "rank": 1,
          "phaseType": "agentBasedDeployment",
          "name": "Undeploy SIT",
          "refName": null,
          "workflowTasks": [
            {
              "environment": {},
              "taskId": "72a1931b-effb-4d2e-8fd8-f8472a07cb62",
              "version": "4.*",
              "name": "Azure PowerShell script: FilePath",
              "refName": "",
              "enabled": true,
              "alwaysRun": false,
              "continueOnError": false,
              "timeoutInMinutes": 0,
              "definitionType": "task",
              "overrideInputs": {},
              "condition": "succeeded()",
              "inputs": {
                "ConnectedServiceNameARM": "",
                "ScriptType": "FilePath",
                "ScriptPath": "$(System.DefaultWorkingDirectory)/_Bookings-CI/drop/ModernizationWithAppServiceDotNET/SmartHotel360.Registration.ARM/AppServices/UndeployAppService.ps1",
                "Inline": "# You can write your azure powershell scripts inline here. \n# You can also pass predefined and custom variables to this script using arguments",
                "ScriptArguments": "-ResourceGroupName '$(resourcegroup)' -WebAppName '$(webapp)' -AppServicePlanName '$(appserviceplan)' -SqlServerName '$(sqlserver)'",
                "errorActionPreference": "stop",
                "FailOnStandardError": "false",
                "TargetAzurePs": "LatestVersion",
                "CustomTargetAzurePs": ""
              }
            }
          ]
        }
      ],
      "environmentOptions": {
        "emailNotificationType": "OnlyOnFailure",
        "emailRecipients": "release.environment.owner;release.creator",
        "skipArtifactsDownload": false,
        "timeoutInMinutes": 0,
        "enableAccessToken": false,
        "publishDeploymentStatus": true,
        "badgeEnabled": false,
        "autoLinkWorkItems": false,
        "pullRequestDeploymentEnabled": false
      },
      "demands": [],
      "conditions": [
        {
          "name": "Release to SIT",
          "conditionType": "environmentState",
          "value": "132"
        }
      ],
      "executionPolicy": {
        "concurrencyCount": 1,
        "queueDepthCount": 0
      },
      "schedules": [],
      "currentRelease": {
        "id": 0,
        "url": "https://vsrm.dev.azure.com/servicescode/1c2ab7e5-8ba6-4f8d-bad9-d112e6996d51/_apis/Release/releases/0",
        "_links": {}
      },
      "retentionPolicy": {
        "daysToKeep": 30,
        "releasesToKeep": 3,
        "retainBuild": true
      },
      "processParameters": {},
      "properties": {
        "LinkBoardsWorkItems": {
          "$type": "System.String",
          "$value": "False"
        }
      },
      "preDeploymentGates": {
        "id": 0,
        "gatesOptions": null,
        "gates": []
      },
      "postDeploymentGates": {
        "id": 0,
        "gatesOptions": null,
        "gates": []
      },
      "environmentTriggers": [],
      "badgeUrl": ""
    },
    {
      "id": 110,
      "name": "Release to STG",
      "rank": 7,
      "owner": {
        "displayName": "$OwnerDisplayName$",
        "url": "",
        "_links": "{}",
        "id": "$OwnerId$",
        "uniqueName": "$OwnerUniqueName$",
        "imageUrl": "",
        "descriptor": ""
      },
      "variables": {},
      "variableGroups": [
        "$Bookings-STG$"
      ],
      "preDeployApprovals": {
        "approvals": [
          {
            "rank": 1,
            "isAutomated": true,
            "isNotificationOn": false,
            "id": 346
          }
        ],
        "approvalOptions": {
          "requiredApproverCount": null,
          "releaseCreatorCanBeApprover": false,
          "autoTriggeredAndPreviousEnvironmentApprovedCanBeSkipped": false,
          "enforceIdentityRevalidation": false,
          "timeoutInMinutes": 0,
          "executionOrder": "beforeGates"
        }
      },
      "deployStep": {
        "id": 334
      },
      "postDeployApprovals": {
        "approvals": [
          {
            "rank": 1,
            "isAutomated": true,
            "isNotificationOn": false,
            "id": 335
          }
        ],
        "approvalOptions": {
          "requiredApproverCount": null,
          "releaseCreatorCanBeApprover": false,
          "autoTriggeredAndPreviousEnvironmentApprovedCanBeSkipped": false,
          "enforceIdentityRevalidation": false,
          "timeoutInMinutes": 0,
          "executionOrder": "afterSuccessfulGates"
        }
      },
      "deployPhases": [
        {
          "deploymentInput": {
            "parallelExecution": {
              "parallelExecutionType": "none"
            },
            "agentSpecification": null,
            "skipArtifactsDownload": false,
            "artifactsDownloadInput": {
              "downloadInputs": [
                {
                  "alias": "_Build Shared Services and PaaS",
                  "artifactType": "Build",
                  "artifactDownloadMode": "All",
                  "artifactItems": []
                }
              ]
            },
            "queueId": "$Hosted VS2017$",
            "demands": [],
            "enableAccessToken": false,
            "timeoutInMinutes": 0,
            "jobCancelTimeoutInMinutes": 1,
            "condition": "succeeded()",
            "overrideInputs": {}
          },
          "rank": 1,
          "phaseType": "agentBasedDeployment",
          "name": "Provision and Deploy",
          "refName": null,
          "workflowTasks": [
            {
              "environment": {},
              "taskId": "06aa2422-ce5e-4ebd-868b-155e651a5987",
              "version": "1.*",
              "name": "Task group: Bookings-CD-Base $(administratorLogin)",
              "refName": "",
              "enabled": true,
              "alwaysRun": true,
              "continueOnError": true,
              "timeoutInMinutes": 0,
              "definitionType": "metaTask",
              "overrideInputs": {},
              "condition": "succeededOrFailed()",
              "inputs": {
                "administratorLogin": "$(administratorLogin)",
                "administratorsid": "$(administratorsid)",
                "appserviceplan": "$(appserviceplan)",
                "authenticationMode": "$(authenticationMode)",
                "databasename": "$(databasename)",
                "resourcegroup": "$(resourcegroup)",
                "rglocation": "$(rglocation)",
                "securitylogstorageaccountaccesskey": "$(securitylogstorageaccountaccesskey)",
                "securitylogstorageaccountendpoint": "$(securitylogstorageaccountendpoint)",
                "sqlserver": "$(sqlserver)",
                "sqlserveradmin": "$(sqlserveradmin)",
                "sqlserveradministratorpassword": "$(sqlserveradministratorpassword)",
                "webapp": "$(webapp)"
              }
            }
          ]
        }
      ],
      "environmentOptions": {
        "emailNotificationType": "OnlyOnFailure",
        "emailRecipients": "release.environment.owner;release.creator",
        "skipArtifactsDownload": false,
        "timeoutInMinutes": 0,
        "enableAccessToken": false,
        "publishDeploymentStatus": true,
        "badgeEnabled": false,
        "autoLinkWorkItems": false,
        "pullRequestDeploymentEnabled": false
      },
      "demands": [],
      "conditions": [
        {
          "name": "Release to SIT",
          "conditionType": "environmentState",
          "value": "4"
        }
      ],
      "executionPolicy": {
        "concurrencyCount": 1,
        "queueDepthCount": 0
      },
      "schedules": [],
      "currentRelease": {
        "id": 203,
        "url": "https://vsrm.dev.azure.com/servicescode/1c2ab7e5-8ba6-4f8d-bad9-d112e6996d51/_apis/Release/releases/203",
        "_links": {}
      },
      "retentionPolicy": {
        "daysToKeep": 30,
        "releasesToKeep": 3,
        "retainBuild": true
      },
      "processParameters": {},
      "properties": {
        "LinkBoardsWorkItems": {
          "$type": "System.String",
          "$value": "False"
        }
      },
      "preDeploymentGates": {
        "id": 0,
        "gatesOptions": {
          "isEnabled": false,
          "timeout": 1440,
          "samplingInterval": 15,
          "stabilizationTime": 5,
          "minimumSuccessDuration": 0
        },
        "gates": []
      },
      "postDeploymentGates": {
        "id": 0,
        "gatesOptions": null,
        "gates": []
      },
      "environmentTriggers": [],
      "badgeUrl": ""
    },
    {
      "id": 111,
      "name": "Undeploy STG",
      "rank": 8,
      "owner": {
        "displayName": "$OwnerDisplayName$",
        "url": "",
        "_links": "{}",
        "id": "$OwnerId$",
        "uniqueName": "$OwnerUniqueName$",
        "imageUrl": "",
        "descriptor": ""
      },
      "variables": {},
      "variableGroups": [
        "$Bookings-STG$"
      ],
      "preDeployApprovals": {
        "approvals": [
          {
            "rank": 1,
            "isAutomated": false,
            "isNotificationOn": false,
            "approver": {
              "displayName": "[DevOps-Dojo-WhiteBelt]\\DevOps-Dojo-WhiteBelt Team",
              "url": "https://vssps.dev.azure.com/e/Microsoft/_apis/Identities/3a718057-7af6-49c0-9abb-be956be6cc3d",
              "_links": {
                "avatar": {
                  "href": "https://dev.azure.com/servicescode/_apis/GraphProfile/MemberAvatars/vssgp.Uy0xLTktMTU1MTM3NDI0NS0zODUzOTg2MzMyLTI3OTQxNjM1MzUtMzEzNDgzNzAxMC0zODY4ODE0NjczLTEtMzI0ODU1NDk2Mi00NzQyMjAwOTYtMzE2NjE5MzQ0Ni0xMTEwNTE2Mjcx"
                }
              },
              "id": "3a718057-7af6-49c0-9abb-be956be6cc3d",
              "uniqueName": "vstfs:///Classification/TeamProject/1c2ab7e5-8ba6-4f8d-bad9-d112e6996d51\\DevOps-Dojo-WhiteBelt Team",
              "imageUrl": "https://dev.azure.com/servicescode/_apis/GraphProfile/MemberAvatars/vssgp.Uy0xLTktMTU1MTM3NDI0NS0zODUzOTg2MzMyLTI3OTQxNjM1MzUtMzEzNDgzNzAxMC0zODY4ODE0NjczLTEtMzI0ODU1NDk2Mi00NzQyMjAwOTYtMzE2NjE5MzQ0Ni0xMTEwNTE2Mjcx",
              "isContainer": true,
              "descriptor": "vssgp.Uy0xLTktMTU1MTM3NDI0NS0zODUzOTg2MzMyLTI3OTQxNjM1MzUtMzEzNDgzNzAxMC0zODY4ODE0NjczLTEtMzI0ODU1NDk2Mi00NzQyMjAwOTYtMzE2NjE5MzQ0Ni0xMTEwNTE2Mjcx"
            },
            "id": 336
          }
        ],
        "approvalOptions": {
          "requiredApproverCount": null,
          "releaseCreatorCanBeApprover": true,
          "autoTriggeredAndPreviousEnvironmentApprovedCanBeSkipped": false,
          "enforceIdentityRevalidation": false,
          "timeoutInMinutes": 0,
          "executionOrder": "beforeGates"
        }
      },
      "deployStep": {
        "id": 337
      },
      "postDeployApprovals": {
        "approvals": [
          {
            "rank": 1,
            "isAutomated": true,
            "isNotificationOn": false,
            "id": 338
          }
        ],
        "approvalOptions": {
          "requiredApproverCount": null,
          "releaseCreatorCanBeApprover": false,
          "autoTriggeredAndPreviousEnvironmentApprovedCanBeSkipped": false,
          "enforceIdentityRevalidation": false,
          "timeoutInMinutes": 0,
          "executionOrder": "afterSuccessfulGates"
        }
      },
      "deployPhases": [
        {
          "deploymentInput": {
            "parallelExecution": {
              "parallelExecutionType": "none"
            },
            "agentSpecification": null,
            "skipArtifactsDownload": false,
            "artifactsDownloadInput": {
              "downloadInputs": []
            },
            "queueId": "$Hosted VS2017$",
            "demands": [],
            "enableAccessToken": false,
            "timeoutInMinutes": 0,
            "jobCancelTimeoutInMinutes": 1,
            "condition": "succeeded()",
            "overrideInputs": {}
          },
          "rank": 1,
          "phaseType": "agentBasedDeployment",
          "name": "Undeploy SIT",
          "refName": null,
          "workflowTasks": [
            {
              "environment": {},
              "taskId": "72a1931b-effb-4d2e-8fd8-f8472a07cb62",
              "version": "4.*",
              "name": "Azure PowerShell script: FilePath",
              "refName": "",
              "enabled": true,
              "alwaysRun": false,
              "continueOnError": false,
              "timeoutInMinutes": 0,
              "definitionType": "task",
              "overrideInputs": {},
              "condition": "succeeded()",
              "inputs": {
                "ConnectedServiceNameARM": "",
                "ScriptType": "FilePath",
                "ScriptPath": "$(System.DefaultWorkingDirectory)/_Bookings-CI/drop/ModernizationWithAppServiceDotNET/SmartHotel360.Registration.ARM/AppServices/UndeployAppService.ps1",
                "Inline": "# You can write your azure powershell scripts inline here. \n# You can also pass predefined and custom variables to this script using arguments",
                "ScriptArguments": "-ResourceGroupName '$(resourcegroup)' -WebAppName '$(webapp)' -AppServicePlanName '$(appserviceplan)' -SqlServerName '$(sqlserver)'",
                "errorActionPreference": "stop",
                "FailOnStandardError": "false",
                "TargetAzurePs": "LatestVersion",
                "CustomTargetAzurePs": ""
              }
            }
          ]
        }
      ],
      "environmentOptions": {
        "emailNotificationType": "OnlyOnFailure",
        "emailRecipients": "release.environment.owner;release.creator",
        "skipArtifactsDownload": false,
        "timeoutInMinutes": 0,
        "enableAccessToken": false,
        "publishDeploymentStatus": true,
        "badgeEnabled": false,
        "autoLinkWorkItems": false,
        "pullRequestDeploymentEnabled": false
      },
      "demands": [],
      "conditions": [
        {
          "name": "Release to STG",
          "conditionType": "environmentState",
          "value": "132"
        }
      ],
      "executionPolicy": {
        "concurrencyCount": 1,
        "queueDepthCount": 0
      },
      "schedules": [],
      "currentRelease": {
        "id": 0,
        "url": "https://vsrm.dev.azure.com/servicescode/1c2ab7e5-8ba6-4f8d-bad9-d112e6996d51/_apis/Release/releases/0",
        "_links": {}
      },
      "retentionPolicy": {
        "daysToKeep": 30,
        "releasesToKeep": 3,
        "retainBuild": true
      },
      "processParameters": {},
      "properties": {
        "LinkBoardsWorkItems": {
          "$type": "System.String",
          "$value": "False"
        }
      },
      "preDeploymentGates": {
        "id": 0,
        "gatesOptions": null,
        "gates": []
      },
      "postDeploymentGates": {
        "id": 0,
        "gatesOptions": null,
        "gates": []
      },
      "environmentTriggers": [],
      "badgeUrl": ""
    },
    {
      "id": 112,
      "name": "Release to PRD",
      "rank": 9,
      "owner": {
        "displayName": "$OwnerDisplayName$",
        "url": "",
        "_links": "{}",
        "id": "$OwnerId$",
        "uniqueName": "$OwnerUniqueName$",
        "imageUrl": "",
        "descriptor": ""
      },
      "variables": {},
      "variableGroups": [
        "$Bookings-PRD$"
      ],
      "preDeployApprovals": {
        "approvals": [
          {
            "rank": 1,
            "isAutomated": false,
            "isNotificationOn": false,
            "approver": {
              "displayName": "[DevOps-Dojo-WhiteBelt]\\DevOps-Dojo-WhiteBelt Team",
              "url": "https://vssps.dev.azure.com/e/Microsoft/_apis/Identities/3a718057-7af6-49c0-9abb-be956be6cc3d",
              "_links": {
                "avatar": {
                  "href": "https://dev.azure.com/servicescode/_apis/GraphProfile/MemberAvatars/vssgp.Uy0xLTktMTU1MTM3NDI0NS0zODUzOTg2MzMyLTI3OTQxNjM1MzUtMzEzNDgzNzAxMC0zODY4ODE0NjczLTEtMzI0ODU1NDk2Mi00NzQyMjAwOTYtMzE2NjE5MzQ0Ni0xMTEwNTE2Mjcx"
                }
              },
              "id": "3a718057-7af6-49c0-9abb-be956be6cc3d",
              "uniqueName": "vstfs:///Classification/TeamProject/1c2ab7e5-8ba6-4f8d-bad9-d112e6996d51\\DevOps-Dojo-WhiteBelt Team",
              "imageUrl": "https://dev.azure.com/servicescode/_apis/GraphProfile/MemberAvatars/vssgp.Uy0xLTktMTU1MTM3NDI0NS0zODUzOTg2MzMyLTI3OTQxNjM1MzUtMzEzNDgzNzAxMC0zODY4ODE0NjczLTEtMzI0ODU1NDk2Mi00NzQyMjAwOTYtMzE2NjE5MzQ0Ni0xMTEwNTE2Mjcx",
              "isContainer": true,
              "descriptor": "vssgp.Uy0xLTktMTU1MTM3NDI0NS0zODUzOTg2MzMyLTI3OTQxNjM1MzUtMzEzNDgzNzAxMC0zODY4ODE0NjczLTEtMzI0ODU1NDk2Mi00NzQyMjAwOTYtMzE2NjE5MzQ0Ni0xMTEwNTE2Mjcx"
            },
            "id": 339
          }
        ],
        "approvalOptions": {
          "requiredApproverCount": null,
          "releaseCreatorCanBeApprover": true,
          "autoTriggeredAndPreviousEnvironmentApprovedCanBeSkipped": false,
          "enforceIdentityRevalidation": false,
          "timeoutInMinutes": 0,
          "executionOrder": "beforeGates"
        }
      },
      "deployStep": {
        "id": 340
      },
      "postDeployApprovals": {
        "approvals": [
          {
            "rank": 1,
            "isAutomated": true,
            "isNotificationOn": false,
            "id": 341
          }
        ],
        "approvalOptions": {
          "requiredApproverCount": null,
          "releaseCreatorCanBeApprover": false,
          "autoTriggeredAndPreviousEnvironmentApprovedCanBeSkipped": false,
          "enforceIdentityRevalidation": false,
          "timeoutInMinutes": 0,
          "executionOrder": "afterSuccessfulGates"
        }
      },
      "deployPhases": [
        {
          "deploymentInput": {
            "parallelExecution": {
              "parallelExecutionType": "none"
            },
            "agentSpecification": null,
            "skipArtifactsDownload": false,
            "artifactsDownloadInput": {
              "downloadInputs": [
                {
                  "alias": "_Build Shared Services and PaaS",
                  "artifactType": "Build",
                  "artifactDownloadMode": "All",
                  "artifactItems": []
                }
              ]
            },
            "queueId": "$Hosted VS2017$",
            "demands": [],
            "enableAccessToken": false,
            "timeoutInMinutes": 0,
            "jobCancelTimeoutInMinutes": 1,
            "condition": "succeeded()",
            "overrideInputs": {}
          },
          "rank": 1,
          "phaseType": "agentBasedDeployment",
          "name": "Provision and Deploy",
          "refName": null,
          "workflowTasks": [
            {
              "environment": {},
              "taskId": "06aa2422-ce5e-4ebd-868b-155e651a5987",
              "version": "1.*",
              "name": "Task group: Bookings-CD-Base $(administratorLogin)",
              "refName": "",
              "enabled": true,
              "alwaysRun": true,
              "continueOnError": true,
              "timeoutInMinutes": 0,
              "definitionType": "metaTask",
              "overrideInputs": {},
              "condition": "succeededOrFailed()",
              "inputs": {
                "administratorLogin": "$(administratorLogin)",
                "administratorsid": "$(administratorsid)",
                "appserviceplan": "$(appserviceplan)",
                "authenticationMode": "$(authenticationMode)",
                "databasename": "$(databasename)",
                "resourcegroup": "$(resourcegroup)",
                "rglocation": "$(rglocation)",
                "securitylogstorageaccountaccesskey": "$(securitylogstorageaccountaccesskey)",
                "securitylogstorageaccountendpoint": "$(securitylogstorageaccountendpoint)",
                "sqlserver": "$(sqlserver)",
                "sqlserveradmin": "$(sqlserveradmin)",
                "sqlserveradministratorpassword": "$(sqlserveradministratorpassword)",
                "webapp": "$(webapp)"
              }
            }
          ]
        }
      ],
      "environmentOptions": {
        "emailNotificationType": "OnlyOnFailure",
        "emailRecipients": "release.environment.owner;release.creator",
        "skipArtifactsDownload": false,
        "timeoutInMinutes": 0,
        "enableAccessToken": false,
        "publishDeploymentStatus": true,
        "badgeEnabled": false,
        "autoLinkWorkItems": false,
        "pullRequestDeploymentEnabled": false
      },
      "demands": [],
      "conditions": [
        {
          "name": "Release to STG",
          "conditionType": "environmentState",
          "value": "4"
        }
      ],
      "executionPolicy": {
        "concurrencyCount": 1,
        "queueDepthCount": 0
      },
      "schedules": [],
      "currentRelease": {
        "id": 203,
        "url": "https://vsrm.dev.azure.com/servicescode/1c2ab7e5-8ba6-4f8d-bad9-d112e6996d51/_apis/Release/releases/203",
        "_links": {}
      },
      "retentionPolicy": {
        "daysToKeep": 30,
        "releasesToKeep": 3,
        "retainBuild": true
      },
      "processParameters": {},
      "properties": {
        "LinkBoardsWorkItems": {
          "$type": "System.String",
          "$value": "False"
        }
      },
      "preDeploymentGates": {
        "id": 0,
        "gatesOptions": {
          "isEnabled": false,
          "timeout": 1440,
          "samplingInterval": 15,
          "stabilizationTime": 5,
          "minimumSuccessDuration": 0
        },
        "gates": []
      },
      "postDeploymentGates": {
        "id": 0,
        "gatesOptions": null,
        "gates": []
      },
      "environmentTriggers": [],
      "badgeUrl": ""
    },
    {
      "id": 113,
      "name": "Undeploy PRD",
      "rank": 10,
      "owner": {
        "displayName": "$OwnerDisplayName$",
        "url": "",
        "_links": "{}",
        "id": "$OwnerId$",
        "uniqueName": "$OwnerUniqueName$",
        "imageUrl": "",
        "descriptor": ""
      },
      "variables": {},
      "variableGroups": [
        "$Bookings-PRD$"
      ],
      "preDeployApprovals": {
        "approvals": [
          {
            "rank": 1,
            "isAutomated": false,
            "isNotificationOn": false,
            "approver": {
              "displayName": "[DevOps-Dojo-WhiteBelt]\\DevOps-Dojo-WhiteBelt Team",
              "url": "https://vssps.dev.azure.com/e/Microsoft/_apis/Identities/3a718057-7af6-49c0-9abb-be956be6cc3d",
              "_links": {
                "avatar": {
                  "href": "https://dev.azure.com/servicescode/_apis/GraphProfile/MemberAvatars/vssgp.Uy0xLTktMTU1MTM3NDI0NS0zODUzOTg2MzMyLTI3OTQxNjM1MzUtMzEzNDgzNzAxMC0zODY4ODE0NjczLTEtMzI0ODU1NDk2Mi00NzQyMjAwOTYtMzE2NjE5MzQ0Ni0xMTEwNTE2Mjcx"
                }
              },
              "id": "3a718057-7af6-49c0-9abb-be956be6cc3d",
              "uniqueName": "vstfs:///Classification/TeamProject/1c2ab7e5-8ba6-4f8d-bad9-d112e6996d51\\DevOps-Dojo-WhiteBelt Team",
              "imageUrl": "https://dev.azure.com/servicescode/_apis/GraphProfile/MemberAvatars/vssgp.Uy0xLTktMTU1MTM3NDI0NS0zODUzOTg2MzMyLTI3OTQxNjM1MzUtMzEzNDgzNzAxMC0zODY4ODE0NjczLTEtMzI0ODU1NDk2Mi00NzQyMjAwOTYtMzE2NjE5MzQ0Ni0xMTEwNTE2Mjcx",
              "isContainer": true,
              "descriptor": "vssgp.Uy0xLTktMTU1MTM3NDI0NS0zODUzOTg2MzMyLTI3OTQxNjM1MzUtMzEzNDgzNzAxMC0zODY4ODE0NjczLTEtMzI0ODU1NDk2Mi00NzQyMjAwOTYtMzE2NjE5MzQ0Ni0xMTEwNTE2Mjcx"
            },
            "id": 342
          }
        ],
        "approvalOptions": {
          "requiredApproverCount": null,
          "releaseCreatorCanBeApprover": true,
          "autoTriggeredAndPreviousEnvironmentApprovedCanBeSkipped": false,
          "enforceIdentityRevalidation": false,
          "timeoutInMinutes": 0,
          "executionOrder": "beforeGates"
        }
      },
      "deployStep": {
        "id": 343
      },
      "postDeployApprovals": {
        "approvals": [
          {
            "rank": 1,
            "isAutomated": true,
            "isNotificationOn": false,
            "id": 344
          }
        ],
        "approvalOptions": {
          "requiredApproverCount": null,
          "releaseCreatorCanBeApprover": false,
          "autoTriggeredAndPreviousEnvironmentApprovedCanBeSkipped": false,
          "enforceIdentityRevalidation": false,
          "timeoutInMinutes": 0,
          "executionOrder": "afterSuccessfulGates"
        }
      },
      "deployPhases": [
        {
          "deploymentInput": {
            "parallelExecution": {
              "parallelExecutionType": "none"
            },
            "agentSpecification": null,
            "skipArtifactsDownload": false,
            "artifactsDownloadInput": {
              "downloadInputs": []
            },
            "queueId": "$Hosted VS2017$",
            "demands": [],
            "enableAccessToken": false,
            "timeoutInMinutes": 0,
            "jobCancelTimeoutInMinutes": 1,
            "condition": "succeeded()",
            "overrideInputs": {}
          },
          "rank": 1,
          "phaseType": "agentBasedDeployment",
          "name": "Undeploy PRD",
          "refName": null,
          "workflowTasks": [
            {
              "environment": {},
              "taskId": "72a1931b-effb-4d2e-8fd8-f8472a07cb62",
              "version": "4.*",
              "name": "Azure PowerShell script: FilePath",
              "refName": "",
              "enabled": true,
              "alwaysRun": false,
              "continueOnError": false,
              "timeoutInMinutes": 0,
              "definitionType": "task",
              "overrideInputs": {},
              "condition": "succeeded()",
              "inputs": {
                "ConnectedServiceNameARM": "",
                "ScriptType": "FilePath",
                "ScriptPath": "$(System.DefaultWorkingDirectory)/_Bookings-CI/drop/ModernizationWithAppServiceDotNET/SmartHotel360.Registration.ARM/AppServices/UndeployAppService.ps1",
                "Inline": "# You can write your azure powershell scripts inline here. \n# You can also pass predefined and custom variables to this script using arguments",
                "ScriptArguments": "-ResourceGroupName '$(resourcegroup)' -WebAppName '$(webapp)' -AppServicePlanName '$(appserviceplan)' -SqlServerName '$(sqlserver)'",
                "errorActionPreference": "stop",
                "FailOnStandardError": "false",
                "TargetAzurePs": "LatestVersion",
                "CustomTargetAzurePs": ""
              }
            }
          ]
        }
      ],
      "environmentOptions": {
        "emailNotificationType": "OnlyOnFailure",
        "emailRecipients": "release.environment.owner;release.creator",
        "skipArtifactsDownload": false,
        "timeoutInMinutes": 0,
        "enableAccessToken": false,
        "publishDeploymentStatus": true,
        "badgeEnabled": false,
        "autoLinkWorkItems": false,
        "pullRequestDeploymentEnabled": false
      },
      "demands": [],
      "conditions": [
        {
          "name": "Release to PRD",
          "conditionType": "environmentState",
          "value": "132"
        }
      ],
      "executionPolicy": {
        "concurrencyCount": 1,
        "queueDepthCount": 0
      },
      "schedules": [],
      "currentRelease": {
        "id": 0,
        "url": "https://vsrm.dev.azure.com/servicescode/1c2ab7e5-8ba6-4f8d-bad9-d112e6996d51/_apis/Release/releases/0",
        "_links": {}
      },
      "retentionPolicy": {
        "daysToKeep": 30,
        "releasesToKeep": 3,
        "retainBuild": true
      },
      "processParameters": {},
      "properties": {
        "LinkBoardsWorkItems": {
          "$type": "System.String",
          "$value": "False"
        }
      },
      "preDeploymentGates": {
        "id": 0,
        "gatesOptions": null,
        "gates": []
      },
      "postDeploymentGates": {
        "id": 0,
        "gatesOptions": null,
        "gates": []
      },
      "environmentTriggers": [],
      "badgeUrl": ""
    }
  ],
  "artifacts": [
    {
      "sourceId": "$ProjectId$:$Bookings-CI-Build-Base-id$",
      "type": "Build",
      "alias": "_Bookings-CI",
      "definitionReference": {
        "artifactSourceDefinitionUrl": "{}",
        "defaultVersionBranch": {
          "id": "",
          "name": ""
        },
        "defaultVersionSpecific": {
          "id": "",
          "name": ""
        },
        "defaultVersionTags": {
          "id": "",
          "name": ""
        },
        "defaultVersionType": {
          "id": "latestType",
          "name": "Latest"
        },
        "definition": {
          "id": "$Bookings-CI-Build-Base-id$",
          "name": "Bookings-CI-Build-Base"
        },
        "definitions": {
          "id": "",
          "name": ""
        },
        "IsMultiDefinitionType": {
          "id": "False",
          "name": "False"
        },
        "project": {
          "id": "$ProjectId$",
          "name": "$ProjectName$"
        },
        "repository": {
          "id": "",
          "name": ""
        }
      },
      "isPrimary": true,
      "isRetained": false
    },
    {
      "sourceId": "$ProjectId$:$Build Shared Services and PaaS-id$",
      "type": "Build",
      "alias": "_Build Shared Services and PaaS",
      "definitionReference": {
        "defaultVersionBranch": {
          "id": "",
          "name": ""
        },
        "defaultVersionSpecific": {
          "id": "",
          "name": ""
        },
        "defaultVersionTags": {
          "id": "",
          "name": ""
        },
        "defaultVersionType": {
          "id": "latestType",
          "name": "Latest"
        },
        "definition": {
          "id": "$Build Shared Services and PaaS-id$",
          "name": "Build Shared Services and PaaS"
        },
        "definitions": {
          "id": "",
          "name": ""
        },
        "IsMultiDefinitionType": {
          "id": "False",
          "name": "False"
        },
        "project": {
          "id": "$ProjectId$",
          "name": "$ProjectName$"
        },
        "repository": {
          "id": "",
          "name": ""
        },
        "artifactSourceDefinitionUrl": "{}"
      },
      "isRetained": false
    }
  ],
  "triggers": [],
  "releaseNameFormat": "Release-$(rev:r)",
  "tags": [],
  "properties": {
    "DefinitionCreationSource": {
      "$type": "System.String",
      "$value": "ReleaseClone"
    },
    "IntegrateJiraWorkItems": {
      "$type": "System.String",
      "$value": "false"
    },
    "IntegrateBoardsWorkItems": {
      "$type": "System.String",
      "$value": "False"
    }
  },
  "id": "",
  "name": "Bookings-CD-All-Stages",
  "path": "\\DevOps-Dojo-Bookings-CD(for reference)",
  "projectReference": null,
  "url": "",
  "_links": "{}"
}