{
  "source": "userInterface",
  "revision": 2,
  "description": null,
  "createdBy": "{}",
  "createdOn": "",
  "modifiedBy": "{}",
  "modifiedOn": "",
  "isDeleted": false,
  "lastRelease": {
    "id": 189,
    "name": "Release-3",
    "artifacts": [],
    "_links": {},
    "description": "",
    "releaseDefinition": {
      "id": 26,
      "projectReference": null,
      "_links": {}
    },
    "createdOn": "2019-09-24T13:23:17.23Z",
    "createdBy": {
      "displayName": "Swathi G",
      "url": "https://vssps.dev.azure.com/e/Microsoft/_apis/Identities/d3e8ce72-5a35-689e-b035-29cd59698d84",
      "_links": {
        "avatar": {
          "href": "https://dev.azure.com/servicescode/_apis/GraphProfile/MemberAvatars/aad.ZDNlOGNlNzItNWEzNS03ODllLWIwMzUtMjljZDU5Njk4ZDg0"
        }
      },
      "id": "d3e8ce72-5a35-689e-b035-29cd59698d84",
      "uniqueName": "swathg@microsoft.com",
      "imageUrl": "https://dev.azure.com/servicescode/_apis/GraphProfile/MemberAvatars/aad.ZDNlOGNlNzItNWEzNS03ODllLWIwMzUtMjljZDU5Njk4ZDg0",
      "descriptor": "aad.ZDNlOGNlNzItNWEzNS03ODllLWIwMzUtMjljZDU5Njk4ZDg0"
    }
  },
  "variables": {},
  "variableGroups": [
    "$All-Stages-Coupon$"
  ],
  "environments": [
    {
      "id": 182,
      "name": "Release to DEV",
      "rank": 1,
      "owner": {
        "displayName": "$OwnerDisplayName$",
        "url": "",
        "_links": "{}",
        "id": "$OwnerId$",
        "uniqueName": "$OwnerUniqueName$",
        "imageUrl": "",
        "descriptor": ""
      },
      "variables": {},
      "variableGroups": [
        "$Coupons-IaaS-Dev$"
      ],
      "preDeployApprovals": {
        "approvals": [
          {
            "rank": 1,
            "isAutomated": true,
            "isNotificationOn": false,
            "id": 572
          }
        ],
        "approvalOptions": {
          "requiredApproverCount": null,
          "releaseCreatorCanBeApprover": false,
          "autoTriggeredAndPreviousEnvironmentApprovedCanBeSkipped": false,
          "enforceIdentityRevalidation": false,
          "timeoutInMinutes": 0,
          "executionOrder": "beforeGates"
        }
      },
      "deployStep": {
        "id": 575
      },
      "postDeployApprovals": {
        "approvals": [
          {
            "rank": 1,
            "isAutomated": true,
            "isNotificationOn": false,
            "id": 576
          }
        ],
        "approvalOptions": {
          "requiredApproverCount": null,
          "releaseCreatorCanBeApprover": false,
          "autoTriggeredAndPreviousEnvironmentApprovedCanBeSkipped": false,
          "enforceIdentityRevalidation": false,
          "timeoutInMinutes": 0,
          "executionOrder": "afterSuccessfulGates"
        }
      },
      "deployPhases": [
        {
          "deploymentInput": {
            "parallelExecution": {
              "parallelExecutionType": "none"
            },
            "agentSpecification": {
              "identifier": "vs2017-win2016"
            },
            "skipArtifactsDownload": false,
            "artifactsDownloadInput": {
              "downloadInputs": []
            },
            "queueId": "$Azure Pipelines$",
            "demands": [],
            "enableAccessToken": false,
            "timeoutInMinutes": 0,
            "jobCancelTimeoutInMinutes": 1,
            "condition": "succeeded()",
            "overrideInputs": {}
          },
          "rank": 1,
          "phaseType": "agentBasedDeployment",
          "name": "Deploy application",
          "refName": null,
          "workflowTasks": [
            {
              "environment": {},
              "taskId": "c9b199aa-65f9-44cf-b0b2-6d3b4e918113",
              "version": "1.*",
              "name": "Coupons environment Setup",
              "refName": "",
              "enabled": true,
              "alwaysRun": true,
              "continueOnError": true,
              "timeoutInMinutes": 0,
              "definitionType": "metaTask",
              "overrideInputs": {},
              "condition": "succeededOrFailed()",
              "inputs": {
                "appImageID": "$(appImageID)",
                "appprefix": "$(appprefix)",
                "appSubnet": "$(appSubnet)",
                "appVnet": "$(appVnet)",
                "databasepassword": "$(databasepassword)",
                "databaseusername": "$(databaseusername)",
                "dataImageID": "$(dataImageID)",
                "dataprivateip": "$(dataprivateip)",
                "dataSubnet": "$(dataSubnet)",
                "dataVnet": "$(dataVnet)",
                "location": "$(location)",
                "resourcegroup": "$(resourcegroup)",
                "storageAccount": "$(storageAccount)",
                "vmadmin": "$(vmadmin)",
                "vmpassword": "$(vmpassword)"
              }
            },
            {
              "environment": {},
              "taskId": "e213ff0f-5d5c-4791-802d-52ea3e7be1f1",
              "version": "2.*",
              "name": "Warmup Tomcat Manager",
              "refName": "",
              "enabled": true,
              "alwaysRun": false,
              "continueOnError": false,
              "timeoutInMinutes": 0,
              "definitionType": "task",
              "overrideInputs": {},
              "condition": "succeeded()",
              "inputs": {
                "targetType": "inline",
                "filePath": "",
                "arguments": "",
                "script": "$baseUrl = \"http://$(apppublicip):8080/manager/text\"\n$User = \"manager\"\n$PWord = ConvertTo-SecureString -String \"manager@123\" -AsPlainText -Force\n$Credential = New-Object -TypeName System.Management.Automation.PSCredential -ArgumentList $User, $PWord\n\nWrite-Host $baseUrl\n\n$retries = 5\nwhile ($retries -gt 0) \n{\n    try\n    {    \n        Invoke-RestMethod -Method Get -Uri \"$baseUrl/list\" -Credential $Credential -TimeoutSec 90\n        Invoke-RestMethod -Method Get -Uri \"$baseUrl/serverinfo\" -Credential $Credential -TimeoutSec 90\n        Invoke-RestMethod -Method Get -Uri \"$baseUrl/stop?path=/examples\" -Credential $Credential -TimeoutSec 90\n        Invoke-RestMethod -Method Get -Uri \"$baseUrl/start?path=/examples\" -Credential $Credential -TimeoutSec 90\n        break;\n    }\n    catch\n    {\n        Write-Host 'Error' $_.Exception\n       \n        $retries--\n        if($retries -le 0)\n        {\n            throw\n        }\n\n        Start-Sleep -Seconds 10\n    }\n }\n",
                "errorActionPreference": "stop",
                "failOnStderr": "false",
                "ignoreLASTEXITCODE": "false",
                "pwsh": "false",
                "workingDirectory": ""
              }
            },
            {
              "environment": {},
              "taskId": "5d93dbe2-e57f-4b7c-a872-1e6b80a01904",
              "version": "0.*",
              "name": "Deploy application to a Tomcat server",
              "refName": "",
              "enabled": true,
              "alwaysRun": false,
              "continueOnError": true,
              "timeoutInMinutes": 0,
              "definitionType": "task",
              "overrideInputs": {},
              "condition": "succeeded()",
              "inputs": {
                "TomcatUrl": "http://$(apppublicip):8080",
                "Username": "manager",
                "Password": "manager@123",
                "Warfile": "$(System.DefaultWorkingDirectory)/_Coupons-CI/drop/target/ROOT.war",
                "Context": "/",
                "ServerVersion": "7OrAbove"
              }
            }
          ]
        }
      ],
      "environmentOptions": {
        "emailNotificationType": "OnlyOnFailure",
        "emailRecipients": "release.environment.owner;release.creator",
        "skipArtifactsDownload": false,
        "timeoutInMinutes": 0,
        "enableAccessToken": false,
        "publishDeploymentStatus": true,
        "badgeEnabled": false,
        "autoLinkWorkItems": false,
        "pullRequestDeploymentEnabled": false
      },
      "demands": [],
      "conditions": [
        {
          "name": "ReleaseStarted",
          "conditionType": "event",
          "value": ""
        }
      ],
      "executionPolicy": {
        "concurrencyCount": 1,
        "queueDepthCount": 0
      },
      "schedules": [],
      "currentRelease": {
        "id": 189,
        "url": "https://vsrm.dev.azure.com/servicescode/1c2ab7e5-8ba6-4f8d-bad9-d112e6996d51/_apis/Release/releases/189",
        "_links": {}
      },
      "retentionPolicy": {
        "daysToKeep": 30,
        "releasesToKeep": 3,
        "retainBuild": true
      },
      "processParameters": {},
      "properties": {
        "LinkBoardsWorkItems": {
          "$type": "System.String",
          "$value": "False"
        }
      },
      "preDeploymentGates": {
        "id": 0,
        "gatesOptions": null,
        "gates": []
      },
      "postDeploymentGates": {
        "id": 0,
        "gatesOptions": null,
        "gates": []
      },
      "environmentTriggers": [],
      "badgeUrl": ""
    },
    {
      "id": 183,
      "name": "Undeploy DEV",
      "rank": 2,
      "owner": {
        "displayName": "$OwnerDisplayName$",
        "url": "",
        "_links": "{}",
        "id": "$OwnerId$",
        "uniqueName": "$OwnerUniqueName$",
        "imageUrl": "",
        "descriptor": ""
      },
      "variables": {},
      "variableGroups": [
        "$Coupons-IaaS-Dev$"
      ],
      "preDeployApprovals": {
        "approvals": [
          {
            "rank": 1,
            "isAutomated": false,
            "isNotificationOn": false,
            "approver": {
              "displayName": "[DevOps-Dojo-WhiteBelt]\\DevOps-Dojo-WhiteBelt Team",
              "url": "https://vssps.dev.azure.com/e/Microsoft/_apis/Identities/3a718057-7af6-49c0-9abb-be956be6cc3d",
              "_links": {
                "avatar": {
                  "href": "https://dev.azure.com/servicescode/_apis/GraphProfile/MemberAvatars/vssgp.Uy0xLTktMTU1MTM3NDI0NS0zODUzOTg2MzMyLTI3OTQxNjM1MzUtMzEzNDgzNzAxMC0zODY4ODE0NjczLTEtMzI0ODU1NDk2Mi00NzQyMjAwOTYtMzE2NjE5MzQ0Ni0xMTEwNTE2Mjcx"
                }
              },
              "id": "3a718057-7af6-49c0-9abb-be956be6cc3d",
              "uniqueName": "vstfs:///Classification/TeamProject/1c2ab7e5-8ba6-4f8d-bad9-d112e6996d51\\DevOps-Dojo-WhiteBelt Team",
              "imageUrl": "https://dev.azure.com/servicescode/_apis/GraphProfile/MemberAvatars/vssgp.Uy0xLTktMTU1MTM3NDI0NS0zODUzOTg2MzMyLTI3OTQxNjM1MzUtMzEzNDgzNzAxMC0zODY4ODE0NjczLTEtMzI0ODU1NDk2Mi00NzQyMjAwOTYtMzE2NjE5MzQ0Ni0xMTEwNTE2Mjcx",
              "isContainer": true,
              "descriptor": "vssgp.Uy0xLTktMTU1MTM3NDI0NS0zODUzOTg2MzMyLTI3OTQxNjM1MzUtMzEzNDgzNzAxMC0zODY4ODE0NjczLTEtMzI0ODU1NDk2Mi00NzQyMjAwOTYtMzE2NjE5MzQ0Ni0xMTEwNTE2Mjcx"
            },
            "id": 578
          }
        ],
        "approvalOptions": {
          "requiredApproverCount": null,
          "releaseCreatorCanBeApprover": true,
          "autoTriggeredAndPreviousEnvironmentApprovedCanBeSkipped": false,
          "enforceIdentityRevalidation": false,
          "timeoutInMinutes": 0,
          "executionOrder": "beforeGates"
        }
      },
      "deployStep": {
        "id": 574
      },
      "postDeployApprovals": {
        "approvals": [
          {
            "rank": 1,
            "isAutomated": true,
            "isNotificationOn": false,
            "id": 577
          }
        ],
        "approvalOptions": {
          "requiredApproverCount": null,
          "releaseCreatorCanBeApprover": false,
          "autoTriggeredAndPreviousEnvironmentApprovedCanBeSkipped": false,
          "enforceIdentityRevalidation": false,
          "timeoutInMinutes": 0,
          "executionOrder": "afterSuccessfulGates"
        }
      },
      "deployPhases": [
        {
          "deploymentInput": {
            "parallelExecution": {
              "parallelExecutionType": "none"
            },
            "agentSpecification": {
              "identifier": "vs2017-win2016"
            },
            "skipArtifactsDownload": false,
            "artifactsDownloadInput": {
              "downloadInputs": []
            },
            "queueId": "$Azure Pipelines$",
            "demands": [],
            "enableAccessToken": false,
            "timeoutInMinutes": 0,
            "jobCancelTimeoutInMinutes": 1,
            "condition": "succeeded()",
            "overrideInputs": {}
          },
          "rank": 1,
          "phaseType": "agentBasedDeployment",
          "name": "Agent job",
          "refName": null,
          "workflowTasks": [
            {
              "environment": {},
              "taskId": "72a1931b-effb-4d2e-8fd8-f8472a07cb62",
              "version": "4.*",
              "name": "Remove Azure Resources",
              "refName": "",
              "enabled": true,
              "alwaysRun": false,
              "continueOnError": false,
              "timeoutInMinutes": 0,
              "definitionType": "task",
              "overrideInputs": {},
              "condition": "succeeded()",
              "inputs": {
                "ConnectedServiceNameARM": "",
                "ScriptType": "FilePath",
                "ScriptPath": "$(System.DefaultWorkingDirectory)/_Coupons-CI/drop/IaC/scripts/Undeploy.ps1",
                "Inline": "# You can write your azure powershell scripts inline here. \n# You can also pass predefined and custom variables to this script using arguments",
                "ScriptArguments": "-ResourceGroupName $(resourcegroup) -WebVmName $(appprefix)-app -DataVmName $(appprefix)-data -JumpboxVmName $(appprefix)-jbjbox -JumpboxVmScalesetName $(appprefix)-jb",
                "errorActionPreference": "stop",
                "FailOnStandardError": "false",
                "TargetAzurePs": "LatestVersion",
                "CustomTargetAzurePs": ""
              }
            }
          ]
        }
      ],
      "environmentOptions": {
        "emailNotificationType": "OnlyOnFailure",
        "emailRecipients": "release.environment.owner;release.creator",
        "skipArtifactsDownload": false,
        "timeoutInMinutes": 0,
        "enableAccessToken": false,
        "publishDeploymentStatus": true,
        "badgeEnabled": false,
        "autoLinkWorkItems": false,
        "pullRequestDeploymentEnabled": false
      },
      "demands": [],
      "conditions": [
        {
          "name": "Release to DEV",
          "conditionType": "environmentState",
          "value": "4"
        }
      ],
      "executionPolicy": {
        "concurrencyCount": 1,
        "queueDepthCount": 0
      },
      "schedules": [],
      "currentRelease": {
        "id": 0,
        "url": "https://vsrm.dev.azure.com/servicescode/1c2ab7e5-8ba6-4f8d-bad9-d112e6996d51/_apis/Release/releases/0",
        "_links": {}
      },
      "retentionPolicy": {
        "daysToKeep": 30,
        "releasesToKeep": 3,
        "retainBuild": true
      },
      "processParameters": {},
      "properties": {
        "LinkBoardsWorkItems": {
          "$type": "System.String",
          "$value": "False"
        }
      },
      "preDeploymentGates": {
        "id": 0,
        "gatesOptions": null,
        "gates": []
      },
      "postDeploymentGates": {
        "id": 0,
        "gatesOptions": null,
        "gates": []
      },
      "environmentTriggers": [],
      "badgeUrl": ""
    }
  ],
  "artifacts": [
    {
      "sourceId": "$ProjectId$:$Coupons-CI-Build-id$",
      "type": "Build",
      "alias": "_Coupons-CI",
      "definitionReference": {
        "artifactSourceDefinitionUrl": "{}",
        "defaultVersionBranch": {
          "id": "",
          "name": ""
        },
        "defaultVersionSpecific": {
          "id": "",
          "name": ""
        },
        "defaultVersionTags": {
          "id": "",
          "name": ""
        },
        "defaultVersionType": {
          "id": "latestType",
          "name": "Latest"
        },
        "definition": {
          "id": "$Coupons-CI-Build-id$",
          "name": "Coupons-CI-Build"
        },
        "definitions": {
          "id": "",
          "name": ""
        },
        "IsMultiDefinitionType": {
          "id": "False",
          "name": "False"
        },
        "project": {
          "id": "$ProjectId$",
          "name": "$ProjectName$"
        },
        "repository": {
          "id": "",
          "name": ""
        }
      },
      "isPrimary": true,
      "isRetained": false
    }
  ],
  "triggers": [],
  "releaseNameFormat": "Release-$(rev:r)",
  "tags": [],
  "properties": {
    "DefinitionCreationSource": {
      "$type": "System.String",
      "$value": "ReleaseClone"
    },
    "IntegrateJiraWorkItems": {
      "$type": "System.String",
      "$value": "false"
    },
    "IntegrateBoardsWorkItems": {
      "$type": "System.String",
      "$value": "False"
    }
  },
  "id": "",
  "name": "Coupons-CD-Base",
  "path": "\\DevOps-Dojo-Coupons-CD",
  "projectReference": null,
  "url": "",
  "_links": "{}"
}