{
  "options": [
    {
      "enabled": true,
      "definition": {
        "id": "5d58cc01-7c75-450c-be18-a388ddb129ec"
      },
      "inputs": {
        "branchFilters": "[\"+refs/heads/*\"]",
        "additionalFields": "{}"
      }
    },
    {
      "enabled": false,
      "definition": {
        "id": "a9db38f9-9fdc-478c-b0f9-464221e58316"
      },
      "inputs": {
        "workItemType": "Task",
        "assignToRequestor": "true",
        "additionalFields": "{}"
      }
    }
  ],
  "variables": {
    "MavenPomFile": {
      "value": "pom.xml"
    },
    "system.debug": {
      "value": "false",
      "allowOverride": true
    }
  },
  "properties": {},
  "tags": [],
  "_links": "{}",
  "buildNumberFormat": "$(date:yyyyMMdd)$(rev:.r)",
  "jobAuthorizationScope": "projectCollection",
  "jobTimeoutInMinutes": 60,
  "jobCancelTimeoutInMinutes": 5,
  "process": {
    "phases": [
      {
        "steps": [
          {
            "environment": {},
            "enabled": true,
            "continueOnError": false,
            "alwaysRun": false,
            "displayName": "WhiteSource Bolt",
            "timeoutInMinutes": 0,
            "condition": "succeeded()",
            "task": {
              "id": "521d1e00-f5fb-4b73-a93b-b2fe88a9af91",
              "versionSpec": "19.*",
              "definitionType": "task"
            },
            "inputs": {
              "cwd": "",
              "advance": "false",
              "exclude": "",
              "extraFolders": ""
            }
          }
        ],
        "name": "Agent job 1",
        "refName": "Job_1",
        "condition": "succeeded()",
        "target": {
          "executionOptions": {
            "type": 0
          },
          "allowScriptsAuthAccessOption": false,
          "type": 1,
          "queue": "{}"
        },
        "jobAuthorizationScope": "projectCollection"
      }
    ],
    "target": {
      "agentSpecification": {
        "identifier": "vs2017-win2016"
      }
    },
    "type": 1
  },
  "repository": {
    "properties": {
      "labelSources": "0",
      "labelSourcesFormat": "$(build.buildNumber)",
      "reportBuildStatus": "true",
      "fetchDepth": "0",
      "connectedServiceId": ""
    },
    "id": "$DevOps-Dojo-Coupons$",
    "type": "TfsGit",
    "name": "DevOps-Dojo-Coupons",
    "url": "",
    "defaultBranch": "refs/heads/Coupons-branch(for-reference)/master-CICD",
    "clean": null,
    "checkoutSubmodules": false
  },
  "processParameters": {},
  "quality": "definition",
  "authoredBy": "{}",
  "drafts": [],
  "queue": {
    "_links": "{}",
    "id": "",
    "name": "Azure Pipelines",
    "url": "",
    "pool": {
      "id": "",
      "name": "Azure Pipelines",
      "isHosted": true
    }
  },
  "id": "",
  "name": "Coupons-CI-WhiteSource",
  "url": "",
  "uri": "",
  "path": "\\DevOps-Dojo-Coupons-CI (for reference)",
  "type": "build",
  "queueStatus": "enabled",
  "revision": 2,
  "createdDate": "",
  "project": "{}"
}