{
  "options": [
    {
      "enabled": true,
      "definition": {
        "id": "5d58cc01-7c75-450c-be18-a388ddb129ec"
      },
      "inputs": {
        "branchFilters": "[\"+refs/heads/*\"]",
        "additionalFields": "{}"
      }
    },
    {
      "enabled": false,
      "definition": {
        "id": "a9db38f9-9fdc-478c-b0f9-464221e58316"
      },
      "inputs": {
        "workItemType": "Task",
        "assignToRequestor": "true",
        "additionalFields": "{}"
      }
    }
  ],
  "variables": {
    "ArtifactName": {
      "value": "drop"
    },
    "BuildConfiguration": {
      "value": "release",
      "allowOverride": true
    },
    "BuildPlatform": {
      "value": "any cpu",
      "allowOverride": true
    },
    "SolutionPath": {
      "value": "ModernizationWithAppServiceDotNET/SmartHotel360.Registration.sln"
    },
    "system.debug": {
      "value": "false",
      "allowOverride": true
    },
    "TestFilesSingleLine": {
      "value": "**\\$(BuildConfiguration)\\*test*.dll;!**\\obj\\**;!**\\*integration.tests*.dll"
    }
  },
  "variableGroups": [
    {
      "variables": {
        "AppId": {
          "value": null,
          "isSecret": true
        },
        "AppPassword": {
          "value": null,
          "isSecret": true
        },
        "ArtifactName": {
          "value": "drop"
        },
        "BuildConfiguration": {
          "value": "release"
        },
        "BuildPlatform": {
          "value": "any cpu"
        },
        "NSG": {
          "value": "GDBuildSonar"
        },
        "ResourceGroupName": {
          "value": "gdbuild-westus-vm"
        },
        "SolutionPath": {
          "value": "ModernizationWithAppServiceDotNET/SmartHotel360.Registration.sln"
        },
        "SubscriptionId": {
          "value": null,
          "isSecret": true
        },
        "TenantId": {
          "value": null,
          "isSecret": true
        }
      },
      "type": "Vsts",
      "name": "SonarQube-CI",
      "id": "$SonarQube-CI$"
    }
  ],
  "properties": {},
  "tags": [],
  "_links": "{}",
  "buildNumberFormat": "$(date:yyyyMMdd)$(rev:.r)",
  "jobAuthorizationScope": "projectCollection",
  "jobTimeoutInMinutes": 60,
  "jobCancelTimeoutInMinutes": 5,
  "process": {
    "phases": [
      {
        "steps": [
          {
            "environment": {},
            "enabled": true,
            "continueOnError": false,
            "alwaysRun": false,
            "displayName": "Install NuGet ",
            "timeoutInMinutes": 0,
            "condition": "succeeded()",
            "task": {
              "id": "2c65196a-54fd-4a02-9be8-d9d1837b7c5d",
              "versionSpec": "1.*",
              "definitionType": "task"
            },
            "inputs": {
              "versionSpec": "",
              "checkLatest": "false"
            }
          },
          {
            "environment": {},
            "enabled": true,
            "continueOnError": false,
            "alwaysRun": false,
            "displayName": "NuGet restore",
            "timeoutInMinutes": 0,
            "condition": "succeeded()",
            "task": {
              "id": "333b11bd-d341-40d9-afcf-b32d5ce6f23b",
              "versionSpec": "2.*",
              "definitionType": "task"
            },
            "inputs": {
              "command": "restore",
              "solution": "$(SolutionPath)",
              "selectOrConfig": "select",
              "feedRestore": "",
              "includeNuGetOrg": "true",
              "nugetConfigPath": "",
              "externalEndpoints": "",
              "noCache": "false",
              "disableParallelProcessing": "false",
              "packagesDirectory": "",
              "verbosityRestore": "Detailed",
              "searchPatternPush": "$(Build.ArtifactStagingDirectory)/**/*.nupkg;!$(Build.ArtifactStagingDirectory)/**/*.symbols.nupkg",
              "nuGetFeedType": "internal",
              "feedPublish": "",
              "publishPackageMetadata": "true",
              "allowPackageConflicts": "false",
              "externalEndpoint": "",
              "verbosityPush": "Detailed",
              "searchPatternPack": "**/*.csproj",
              "configurationToPack": "$(BuildConfiguration)",
              "outputDir": "$(Build.ArtifactStagingDirectory)",
              "versioningScheme": "off",
              "includeReferencedProjects": "false",
              "versionEnvVar": "",
              "requestedMajorVersion": "1",
              "requestedMinorVersion": "0",
              "requestedPatchVersion": "0",
              "packTimezone": "utc",
              "includeSymbols": "false",
              "toolPackage": "false",
              "buildProperties": "",
              "basePath": "",
              "verbosityPack": "Detailed",
              "arguments": ""
            }
          },
          {
            "environment": {},
            "enabled": true,
            "continueOnError": false,
            "alwaysRun": false,
            "displayName": "Build solution $(SolutionPath)",
            "timeoutInMinutes": 0,
            "condition": "succeeded()",
            "task": {
              "id": "71a9a2d3-a98a-4caa-96ab-affca411ecda",
              "versionSpec": "1.*",
              "definitionType": "task"
            },
            "inputs": {
              "solution": "$(SolutionPath)",
              "vsVersion": "latest",
              "msbuildArgs": "/p:DeployOnBuild=true /p:WebPublishMethod=Package /p:PackageAsSingleFile=true /p:SkipInvalidConfigurations=true /p:PackageLocation=\"$(build.artifactstagingdirectory)\\\\\"",
              "platform": "$(BuildPlatform)",
              "configuration": "$(BuildConfiguration)",
              "clean": "false",
              "maximumCpuCount": "false",
              "restoreNugetPackages": "false",
              "msbuildArchitecture": "x86",
              "logProjectEvents": "true",
              "createLogFile": "false",
              "logFileVerbosity": "normal"
            }
          },
          {
            "environment": {},
            "enabled": false,
            "continueOnError": false,
            "alwaysRun": false,
            "displayName": "Convert TestFiles SingleLine To MultiLine",
            "timeoutInMinutes": 0,
            "condition": "succeeded()",
            "task": {
              "id": "e213ff0f-5d5c-4791-802d-52ea3e7be1f1",
              "versionSpec": "2.*",
              "definitionType": "task"
            },
            "inputs": {
              "targetType": "inline",
              "filePath": "",
              "arguments": "",
              "script": "$singleLineInput = '$(TestFilesSingleLine)'\n$multiLineOutput = $singleLineInput -replace ';', \"%0D%0A\"\nWrite-Host \"##vso[task.setvariable variable=TestFilesMultiLine]$multiLineOutput\"",
              "errorActionPreference": "stop",
              "failOnStderr": "false",
              "ignoreLASTEXITCODE": "false",
              "pwsh": "false",
              "workingDirectory": ""
            }
          },
          {
            "environment": {},
            "enabled": true,
            "continueOnError": true,
            "alwaysRun": false,
            "displayName": "Publish symbols path",
            "timeoutInMinutes": 0,
            "condition": "succeeded()",
            "task": {
              "id": "0675668a-7bba-4ccb-901d-5ad6554ca653",
              "versionSpec": "2.*",
              "definitionType": "task"
            },
            "inputs": {
              "SymbolsFolder": "$(Build.SourcesDirectory)",
              "SearchPattern": "**\\bin\\**\\*.pdb",
              "IndexSources": "true",
              "PublishSymbols": "false",
              "SymbolServerType": "TeamServices",
              "SymbolsPath": "",
              "CompressSymbols": "false",
              "DetailedLog": "true",
              "TreatNotIndexedAsWarning": "false",
              "SymbolsMaximumWaitTime": "",
              "SymbolsProduct": "",
              "SymbolsVersion": "",
              "SymbolsArtifactName": "Symbols_$(BuildConfiguration)"
            }
          },
          {
            "environment": {},
            "enabled": true,
            "continueOnError": false,
            "alwaysRun": false,
            "displayName": "Copy Files to: $(build.artifactstagingdirectory)",
            "timeoutInMinutes": 0,
            "condition": "succeeded()",
            "task": {
              "id": "5bfb729a-a7c8-4a78-a7c3-8d717bb7c13c",
              "versionSpec": "2.*",
              "definitionType": "task"
            },
            "inputs": {
              "SourceFolder": "$(system.defaultworkingdirectory)",
              "Contents": "**/*.json\n**/*.ps1\n**/*int.tests*/**\n**/*web.tests*/**",
              "TargetFolder": "$(build.artifactstagingdirectory)",
              "CleanTargetFolder": "false",
              "OverWrite": "false",
              "flattenFolders": "false",
              "preserveTimestamp": "false"
            }
          },
          {
            "environment": {},
            "enabled": true,
            "continueOnError": false,
            "alwaysRun": true,
            "displayName": "Publish Artifact",
            "timeoutInMinutes": 0,
            "condition": "succeededOrFailed()",
            "task": {
              "id": "2ff763a7-ce83-4e1f-bc89-0ae63477cebe",
              "versionSpec": "1.*",
              "definitionType": "task"
            },
            "inputs": {
              "PathtoPublish": "$(build.artifactstagingdirectory)",
              "ArtifactName": "$(ArtifactName)",
              "ArtifactType": "Container",
              "TargetPath": "\\\\my\\share\\$(Build.DefinitionName)\\$(Build.BuildNumber)",
              "Parallel": "false",
              "ParallelCount": "8",
              "FileCopyOptions": ""
            }
          }
        ],
        "name": "Build and UTs",
        "refName": "Job_1",
        "condition": "succeeded()",
        "target": {
          "executionOptions": {
            "type": 0
          },
          "allowScriptsAuthAccessOption": false,
          "type": 1,
          "queue": "{}"
        },
        "jobAuthorizationScope": "projectCollection"
      }
    ],
    "type": 1
  },
  "repository": {
    "properties": {
      "cleanOptions": "0",
      "labelSources": "0",
      "labelSourcesFormat": "$(build.buildNumber)",
      "reportBuildStatus": "true",
      "gitLfsSupport": "false",
      "skipSyncSource": "false",
      "checkoutNestedSubmodules": "false",
      "fetchDepth": "0",
      "connectedServiceId": ""
    },
    "id": "$DevOps-Dojo-Booking$",
    "type": "TfsGit",
    "name": "DevOps-Dojo-Booking",
    "url": "",
    "defaultBranch": "refs/heads/master",
    "clean": "false",
    "checkoutSubmodules": false
  },
  "processParameters": {},
  "quality": "definition",
  "authoredBy": "{}",
  "drafts": [],
  "queue": {
    "_links": "{}",
    "id": "",
    "name": "Hosted VS2017",
    "url": "",
    "pool": {
      "id": "",
      "name": "Hosted VS2017",
      "isHosted": true
    }
  },
  "id": "",
  "name": "Bookings-CI-Base",
  "url": "",
  "uri": "",
  "path": "\\DevOps-Dojo-Booking-CI",
  "type": "build",
  "queueStatus": "enabled",
  "revision": 1,
  "createdDate": "",
  "project": "{}"
}