{
  "options": [
    {
      "enabled": true,
      "definition": {
        "id": "5d58cc01-7c75-450c-be18-a388ddb129ec"
      },
      "inputs": {
        "branchFilters": "[\"+refs/heads/*\"]",
        "additionalFields": "{}"
      }
    },
    {
      "enabled": false,
      "definition": {
        "id": "a9db38f9-9fdc-478c-b0f9-464221e58316"
      },
      "inputs": {
        "workItemType": "Task",
        "assignToRequestor": "true",
        "additionalFields": "{}"
      }
    }
  ],
  "variables": {
    "MavenPomFile": {
      "value": "pom.xml"
    },
    "system.debug": {
      "value": "false",
      "allowOverride": true
    }
  },
  "properties": {},
  "tags": [],
  "_links": "{}",
  "buildNumberFormat": "$(date:yyyyMMdd)$(rev:.r)",
  "jobAuthorizationScope": "projectCollection",
  "jobTimeoutInMinutes": 60,
  "jobCancelTimeoutInMinutes": 5,
  "process": {
    "phases": [
      {
        "steps": [
          {
            "environment": {},
            "enabled": true,
            "continueOnError": false,
            "alwaysRun": false,
            "displayName": "Build Coupons App",
            "timeoutInMinutes": 0,
            "condition": "succeeded()",
            "task": {
              "id": "ac4ee482-65da-4485-a532-7b085873e532",
              "versionSpec": "3.*",
              "definitionType": "task"
            },
            "inputs": {
              "mavenPOMFile": "$(MavenPomFile)",
              "goals": "clean package",
              "options": "",
              "publishJUnitResults": "true",
              "testResultsFiles": "**/surefire-reports/TEST-*.xml",
              "testRunTitle": "",
              "codeCoverageTool": "None",
              "classFilter": "",
              "classFilesDirectories": "",
              "srcDirectories": "",
              "failIfCoverageEmpty": "false",
              "javaHomeSelection": "JDKVersion",
              "jdkVersion": "default",
              "jdkUserInputPath": "",
              "jdkArchitecture": "x64",
              "mavenVersionSelection": "Default",
              "mavenPath": "",
              "mavenSetM2Home": "false",
              "mavenOpts": "-Xmx1024m",
              "mavenFeedAuthenticate": "false",
              "skipEffectivePom": "false",
              "sqAnalysisEnabled": "false",
              "sqMavenPluginVersionChoice": "latest",
              "checkstyleAnalysisEnabled": "false",
              "pmdAnalysisEnabled": "false",
              "findbugsAnalysisEnabled": "false"
            }
          },
          {
            "environment": {},
            "enabled": true,
            "continueOnError": false,
            "alwaysRun": true,
            "displayName": "Copy Files to: $(build.artifactstagingdirectory)",
            "timeoutInMinutes": 0,
            "condition": "succeededOrFailed()",
            "task": {
              "id": "5bfb729a-a7c8-4a78-a7c3-8d717bb7c13c",
              "versionSpec": "2.*",
              "definitionType": "task"
            },
            "inputs": {
              "SourceFolder": "$(system.defaultworkingdirectory)",
              "Contents": "**/*.war\n**/*.json\n**/*.ps1\n**/*",
              "TargetFolder": "$(build.artifactstagingdirectory)",
              "CleanTargetFolder": "false",
              "OverWrite": "false",
              "flattenFolders": "false",
              "preserveTimestamp": "false"
            }
          },
          {
            "environment": {},
            "enabled": true,
            "continueOnError": false,
            "alwaysRun": true,
            "displayName": "Publish Artifact: drop",
            "timeoutInMinutes": 0,
            "condition": "succeededOrFailed()",
            "task": {
              "id": "2ff763a7-ce83-4e1f-bc89-0ae63477cebe",
              "versionSpec": "1.*",
              "definitionType": "task"
            },
            "inputs": {
              "PathtoPublish": "$(build.artifactstagingdirectory)",
              "ArtifactName": "drop",
              "ArtifactType": "Container",
              "TargetPath": "",
              "Parallel": "false",
              "ParallelCount": "8"
            }
          }
        ],
        "name": "Agent job 1",
        "refName": "Job_1",
        "condition": "succeeded()",
        "target": {
          "executionOptions": {
            "type": 0
          },
          "allowScriptsAuthAccessOption": false,
          "type": 1,
          "queue": "{}"
        },
        "jobAuthorizationScope": "projectCollection"
      }
    ],
    "type": 1
  },
  "repository": {
    "properties": {
      "cleanOptions": "0",
      "labelSources": "0",
      "labelSourcesFormat": "$(build.buildNumber)",
      "reportBuildStatus": "true",
      "gitLfsSupport": "false",
      "skipSyncSource": "false",
      "checkoutNestedSubmodules": "false",
      "fetchDepth": "0",
      "connectedServiceId": ""
    },
    "id": "$DevOps-Dojo-Coupons$",
    "type": "TfsGit",
    "name": "DevOps-Dojo-Coupons",
    "url": "",
    "defaultBranch": "refs/heads/Coupons-branch(for-reference)/master-CICD-CQ-CS",
    "clean": "false",
    "checkoutSubmodules": false
  },
  "processParameters": {},
  "quality": "definition",
  "authoredBy": "{}",
  "drafts": [],
  "queue": {
    "_links": "{}",
    "id": "",
    "name": "Hosted VS2017",
    "url": "",
    "pool": {
      "id": "",
      "name": "Hosted VS2017",
      "isHosted": true
    }
  },
  "id": "",
  "name": "Coupons-CI-CQ-CS",
  "url": "",
  "uri": "",
  "path": "\\DevOps-Dojo-Coupons-CI (for reference)",
  "type": "build",
  "queueStatus": "enabled",
  "revision": 1,
  "createdDate": "",
  "project": "{}"
}