{
  "options": [
    {
      "enabled": true,
      "definition": {
        "id": "5d58cc01-7c75-450c-be18-a388ddb129ec"
      },
      "inputs": {
        "branchFilters": "[\"+refs/heads/*\"]",
        "additionalFields": "{}"
      }
    },
    {
      "enabled": false,
      "definition": {
        "id": "a9db38f9-9fdc-478c-b0f9-464221e58316"
      },
      "inputs": {
        "workItemType": "Task",
        "assignToRequestor": "true",
        "additionalFields": "{}"
      }
    }
  ],
  "variables": {
    "MavenPomFile": {
      "value": "pom.xml"
    },
    "system.debug": {
      "value": "false",
      "allowOverride": true
    }
  },
  "properties": {},
  "tags": [],
  "_links": "{}",
  "buildNumberFormat": "$(date:yyyyMMdd)$(rev:.r)",
  "jobAuthorizationScope": "projectCollection",
  "jobTimeoutInMinutes": 60,
  "jobCancelTimeoutInMinutes": 5,
  "process": {
    "phases": [
      {
        "steps": [
          {
            "environment": {},
            "enabled": true,
            "continueOnError": false,
            "alwaysRun": false,
            "displayName": "Run CredScan",
            "timeoutInMinutes": 0,
            "condition": "succeeded()",
            "task": {
              "id": "ea576cd4-c61f-48f8-97e7-a3cb07b90a6f",
              "versionSpec": "2.*",
              "definitionType": "task"
            },
            "inputs": {
              "outputFormat": "pre",
              "toolVersion": "Latest",
              "scanFolder": "$(Build.SourcesDirectory)",
              "searchersFileType": "Default",
              "m365Version": "Latest",
              "searchersFile": "",
              "suppressionsFile": "",
              "suppressAsError": "false",
              "verboseOutput": "false",
              "batchSize": "",
              "regexMatchTimeoutInSeconds": "",
              "fileScanReadBufferSize": "",
              "maxFileScanReadBytes": "",
              "debugMode": "false",
              "folderSuppression": "false"
            }
          },
          {
            "environment": {},
            "enabled": true,
            "continueOnError": false,
            "alwaysRun": false,
            "displayName": "Create Security Analysis Report",
            "timeoutInMinutes": 0,
            "condition": "succeeded()",
            "task": {
              "id": "8f910da3-494e-4063-9c54-3e3aed0b8726",
              "versionSpec": "1.*",
              "definitionType": "task"
            },
            "inputs": {
              "VstsConsole": "true",
              "TsvFile": "true",
              "HtmlFile": "true",
              "AllTools": "false",
              "APIScan": "false",
              "BinSkim": "false",
              "BinSkimBreakOn": "Error",
              "CodesignValidation": "false",
              "CodesignValidationBreakOn": "Error",
              "CredScan": "true",
              "FortifySCA": "false",
              "FxCop": "false",
              "FxCopBreakOn": "ErrorAbove",
              "ModernCop": "false",
              "ModernCopBreakOn": "Error",
              "MSRD": "false",
              "PoliCheck": "false",
              "PoliCheckBreakOn": "Severity1",
              "RoslynAnalyzers": "false",
              "RoslynAnalyzersBreakOn": "Error",
              "SDLNativeRules": "false",
              "Semmle": "false",
              "SemmleBreakOn": "Error",
              "TSLint": "false",
              "TSLintBreakOn": "Error",
              "ToolLogsNotFoundAction": "Standard",
              "CustomLogsFolder": ""
            }
          },
          {
            "environment": {},
            "enabled": true,
            "continueOnError": false,
            "alwaysRun": false,
            "displayName": "Publish Security Analysis Logs",
            "timeoutInMinutes": 0,
            "condition": "succeeded()",
            "task": {
              "id": "4096c760-3a8a-435d-9689-88c0311bbc0e",
              "versionSpec": "2.*",
              "definitionType": "task"
            },
            "inputs": {
              "ArtifactName": "SecurityAnalysisLogs",
              "ArtifactType": "Container",
              "M365Version": "Latest",
              "TargetPath": "\\\\my\\share\\$(Build.DefinitionName)\\$(Build.BuildNumber)",
              "RvName": "",
              "ProductComponentName": "",
              "PlatformName": "",
              "AllTools": "false",
              "AntiMalware": "false",
              "APIScan": "false",
              "BinSkim": "false",
              "CodesignValidation": "false",
              "CredScan": "true",
              "FortifySCA": "false",
              "FxCop": "false",
              "ModernCop": "false",
              "MSRD": "false",
              "PoliCheck": "false",
              "RoslynAnalyzers": "false",
              "SDLNativeRules": "false",
              "Semmle": "false",
              "TSLint": "false",
              "WebScout": "false",
              "ToolLogsNotFoundAction": "Standard",
              "UploadCustomResults": "false",
              "CustomResultsPath": "",
              "CustomToolName": "FxCop",
              "BlobSasToken": "$(connectionBlobSas)",
              "BlobStorageAccountName": "$(blobAccountName)",
              "BlobContainerName": "$(blobContainerName)",
              "ServiceBusSasToken": "$(connectionServiceBusSas)",
              "ServiceBusUri": "$(serviceBusUriWithQueue)"
            }
          },
          {
            "environment": {},
            "enabled": true,
            "continueOnError": false,
            "alwaysRun": false,
            "displayName": "Post Analysis",
            "timeoutInMinutes": 0,
            "condition": "succeeded()",
            "task": {
              "id": "f5679091-e6da-4974-a8dc-0eec03a8ea63",
              "versionSpec": "1.*",
              "definitionType": "task"
            },
            "inputs": {
              "AllTools": "false",
              "APIScan": "false",
              "BinSkim": "false",
              "BinSkimBreakOn": "Error",
              "CodesignValidation": "false",
              "CodesignValidationBreakOn": "Error",
              "CredScan": "true",
              "FortifySCA": "false",
              "FxCop": "false",
              "FxCopBreakOn": "ErrorAbove",
              "ModernCop": "false",
              "ModernCopBreakOn": "Error",
              "PoliCheck": "false",
              "PoliCheckBreakOn": "Severity1",
              "RoslynAnalyzers": "false",
              "RoslynAnalyzersBreakOn": "Error",
              "SDLNativeRules": "false",
              "Semmle": "false",
              "SemmleBreakOn": "Error",
              "TSLint": "false",
              "TSLintBreakOn": "Error",
              "VstsConsole": "true",
              "ToolLogsNotFoundAction": "Standard",
              "CustomLogsFolder": ""
            }
          }
        ],
        "name": "Agent job 1",
        "refName": "Job_1",
        "condition": "succeeded()",
        "target": {
          "executionOptions": {
            "type": 0
          },
          "allowScriptsAuthAccessOption": false,
          "type": 1,
          "queue": "{}"
        },
        "jobAuthorizationScope": "projectCollection"
      }
    ],
    "target": {
      "agentSpecification": {
        "identifier": "vs2017-win2016"
      }
    },
    "type": 1
  },
  "repository": {
    "properties": {
      "labelSources": "0",
      "labelSourcesFormat": "$(build.buildNumber)",
      "reportBuildStatus": "true",
      "fetchDepth": "0",
      "connectedServiceId": ""
    },
    "id": "$DevOps-Dojo-Coupons$",
    "type": "TfsGit",
    "name": "DevOps-Dojo-Coupons",
    "url": "",
    "defaultBranch": "refs/heads/Coupons-branch(for-reference)/master-CICD",
    "clean": null,
    "checkoutSubmodules": false
  },
  "processParameters": {},
  "quality": "definition",
  "authoredBy": "{}",
  "drafts": [],
  "queue": {
    "_links": "{}",
    "id": "",
    "name": "Azure Pipelines",
    "url": "",
    "pool": {
      "id": "",
      "name": "Azure Pipelines",
      "isHosted": true
    }
  },
  "id": "",
  "name": "Coupons-CI-CredScan",
  "url": "",
  "uri": "",
  "path": "\\DevOps-Dojo-Coupons-CI (for reference)",
  "type": "build",
  "queueStatus": "enabled",
  "revision": 1,
  "createdDate": "",
  "project": "{}"
}