{
  "data": {
    "environment": "AzureCloud",
    "subscriptionId": "4030a65b-1e3b-4ce3-a59c-bbce23b7a810",
    "subscriptionName": "Free Trial",
    "scopeLevel": "Subscription"
  },
  "name": "Free Trial (4030a65b-1e3b-4ce3-a59c-bbce23b7a810)",
  "type": "azurerm",
  "url": "https://management.azure.com/",
  "authorization": {
    "parameters": {
      "tenantId": "02aa9fc1-18bc-4798-a020-e01c854dd434",
      "servicePrincipalId": "906f264f-f3ee-461d-bf89-3e33ae95f763",
      "authenticationType": "spnKey",
      "servicePrincipalKey": "spnKey"
    },
    "scheme": "ServicePrincipal"
  },
  "isShared": false,
  "isReady": true,
  "owner": "Library"
}