{
  "data": {
    "environment": "AzureCloud",
    "subscriptionId": "4030a65b-1e3b-4ce3-a59c-bbce23b7a810",
    "subscriptionName": "Free Trial",
    "scopeLevel": "Subscription"
  },
  "name": "parag-web - Azure",
  "type": "AzureRM",
  "url": "https://management.azure.com/",
  "authorization": {
    "parameters": {
      "tenantId": "02aa9fc1-18bc-4798-a020-e01c854dd434",
      "servicePrincipalId": "6dbd8225-cc3a-4a26-8a6d-c34dd68c7764"
    },
    "scheme": "ServicePrincipal"
  },
  "isShared": false,
  "isReady": true,
  "owner": "Library"
}