{
  "count": 13,
  "value": [
    {
      "variables": {
        "administratorLogin": {
          "value": "dojosvc"
        },
        "administratorsid": {
          "value": "d686ed02-6266-4e66-bbf1-a649a02580a4"
        },
        "authenticationMode": {
          "value": "azuresql"
        },
        "customerprefix": {
          "value": "test"
        },
        "diagnosticStorageAccountName": {
          "value": "$(customerprefix)bookingkvsa$(teamsuffix)"
        },
        "diagnosticStorageResourceGroup": {
          "value": "Dojo-Booking-Storage-$(teamsuffix)"
        },
        "keyvaultserviceprincipalclientid": {
          "value": "46779e17-32e2-4263-a44c-4f6fefb05a72"
        },
        "keyvaultserviceprincipalclientpassword": {
          "value": "e0a9c536-7f69-486b-8ec6-fb0f0563336a"
        },
        "localsqlserveradmin": {
          "value": "sa"
        },
        "localsqlserveradministratorpassword": {
          "value": "devadmin@123"
        },
        "logAnalyticsWorkspaceResourceGroup": {
          "value": "Dojo-Booking-Log-Analytics-WhiteBelt"
        },
        "securitylogstorageaccountaccesskey": {
          "value": "2g29q03Y8ii9NYvDobtg2X1Wjd0asu20Ss/uR8GqOVz1u4uVdCA8gyGAvN08BiMTFAx7qbIpcuQgv61inooR3g=="
        },
        "securitylogstorageaccountendpoint": {
          "value": "https://$(customerprefix)bookingsqlsa$(teamsuffix).blob.core.windows.net/"
        },
        "sqlsecuritylogstorageaccountname": {
          "value": "$(customerprefix)bookingsqlsa$(teamsuffix)"
        },
        "sqlserveradmin": {
          "value": "admin.SQL"
        },
        "sqlserveradministratorpassword": {
          "value": "Password@2019"
        },
        "subscriptionid": {
          "value": "c1bd9039-9169-41b6-9b75-6eef04aaf8a4"
        },
        "teamsuffix": {
          "value": "team1"
        },
        "vaultsku": {
          "value": "Premium"
        }
      },
      "id": "104",
      "type": "Vsts",
      "name": "All-Stages-Booking",
      "isShared": false
    },
    {
      "variables": {
        "appImageID": {
          "value": "/subscriptions/c1bd9039-9169-41b6-9b75-6eef04aaf8a4/resourceGroups/Dojo-Images/providers/Microsoft.Compute/images/10-VM-image-iaas-tomcat-app"
        },
        "cusprefix": {
          "value": "test"
        },
        "databasepassword": {
          "value": "root@123"
        },
        "databaseusername": {
          "value": "root"
        },
        "dataImageID": {
          "value": "/subscriptions/c1bd9039-9169-41b6-9b75-6eef04aaf8a4/resourceGroups/Dojo-Images/providers/Microsoft.Compute/images/09-VM-image-iaas-tomcat-data"
        },
        "diagnosticStorageAccountName": {
          "value": "$(cusprefix)dojocouponskv$(teamsuffix)"
        },
        "diagnosticStorageAccountRG": {
          "value": "Dojo-Coupon-storage-$(teamsuffix)"
        },
        "logAnalyticsWorkspaceName": {
          "value": "$(cusprefix)dojocouponworkspace$(teamsuffix)"
        },
        "logAnalyticsWorkspaceResourceGroup": {
          "value": "Dojo-Coupon-Log-Analytics"
        },
        "servicePrincipalId": {
          "value": "46779e17-32e2-4263-a44c-4f6fefb05a72"
        },
        "servicePrincipalPass": {
          "value": "e0a9c536-7f69-486b-8ec6-fb0f0563336a"
        },
        "teamsuffix": {
          "value": "t0"
        },
        "vaultsku": {
          "value": "Premium"
        },
        "vmadmin": {
          "value": "dojoadmin"
        },
        "vmpassword": {
          "value": "Password@2019"
        },
        "subscriptionid": {
          "value": "c1bd9039-9169-41b6-9b75-6eef04aaf8a4"
        }
      },
      "id": "103",
      "type": "Vsts",
      "name": "All-Stages-Coupon",
      "isShared": false
    },
    {
      "variables": {
        "appImageID": {
          "value": "/subscriptions/c1bd9039-9169-41b6-9b75-6eef04aaf8a4/resourceGroups/Dojo-Images/providers/Microsoft.Compute/images/10-VM-image-iaas-tomcat-app"
        },
        "appprefix": {
          "value": "cusdev"
        },
        "appSubnet": {
          "value": "10.0.0.0/24"
        },
        "appVnet": {
          "value": "10.0.0.0/16"
        },
        "azureSubID": {
          "value": "f2e68202-1605-4760-aa3d-b9859a54acb2"
        },
        "dataImageID": {
          "value": "/subscriptions/c1bd9039-9169-41b6-9b75-6eef04aaf8a4/resourceGroups/Dojo-Images/providers/Microsoft.Compute/images/09-VM-image-iaas-tomcat-data"
        },
        "dataSubnet": {
          "value": "10.1.0.0/24"
        },
        "dataVnet": {
          "value": "10.1.0.0/16"
        },
        "jbSubnet": {
          "value": "10.2.0.0/24"
        },
        "jbVnet": {
          "value": "10.2.0.0/16"
        },
        "keyVaultName": {
          "value": "$(cusprefix)keyvaultcouponsdev$(teamsuffix)"
        },
        "location": {
          "value": "westus"
        },
        "resourcegroup": {
          "value": "$(cusprefix)-Dojo-Coupon-IaaS-DEV-$(teamsuffix)"
        },
        "storageAccount": {
          "value": "$(cusprefix)cpndevdojostorage$(teamsuffix)"
        }
      },
      "id": "102",
      "type": "Vsts",
      "name": "Coupons-IaaS-Dev",
      "isShared": false
    },
    {
      "variables": {
        "appinsights": {
          "value": "$(customerprefix)-bookings-app-dev-$(teamsuffix)"
        },
        "appserviceplan": {
          "value": "$(customerprefix)-bookings-plan-dev-$(teamsuffix)"
        },
        "armoutput": {
          "value": "armoutput-dev-$(teamsuffix)"
        },
        "databasename": {
          "value": "$(customerprefix)-bookings-db-dev-$(teamsuffix)"
        },
        "keyVaultName": {
          "value": "$(customerprefix)-bookingkvdev$(teamsuffix)"
        },
        "logAnalyticsWorkspaceName": {
          "value": "$(customerprefix)-workspace-dev-$(teamsuffix)"
        },
        "resourcegroup": {
          "value": "Dojo-Booking-DEV-$(teamsuffix)"
        },
        "rglocation": {
          "value": "eastus"
        },
        "sqlserver": {
          "value": "$(customerprefix)-bookings-server-dev-$(teamsuffix)"
        },
        "webapp": {
          "value": "$(customerprefix)-bookings-app-dev-$(teamsuffix)"
        }
      },
      "id": "101",
      "type": "Vsts",
      "name": "Bookings-DEV",
      "isShared": false
    },
    {
      "variables": {
        "AppId": {
          "value": null,
          "isSecret": true
        },
        "AppPassword": {
          "value": null,
          "isSecret": true
        },
        "ArtifactName": {
          "value": "drop"
        },
        "BuildConfiguration": {
          "value": "release"
        },
        "BuildPlatform": {
          "value": "any cpu"
        },
        "NSG": {
          "value": "GDBuildSonar"
        },
        "ResourceGroupName": {
          "value": "gdbuild-westus-vm"
        },
        "SolutionPath": {
          "value": "ModernizationWithAppServiceDotNET/SmartHotel360.Registration.sln"
        },
        "SubscriptionId": {
          "value": null,
          "isSecret": true
        },
        "TenantId": {
          "value": null,
          "isSecret": true
        }
      },
      "id": "100",
      "type": "Vsts",
      "name": "SonarQube-CI",
      "isShared": false
    },
    {
      "variables": {
        "appprefix": {
          "value": "cpnqa"
        },
        "appSubnet": {
          "value": "10.0.0.0/24"
        },
        "appVnet": {
          "value": "10.0.0.0/16"
        },
        "dataSubnet": {
          "value": "10.1.0.0/24"
        },
        "dataVnet": {
          "value": "10.1.0.0/16"
        },
        "jbSubnet": {
          "value": "10.2.0.0/24"
        },
        "jbVnet": {
          "value": "10.2.0.0/16"
        },
        "keyVaultName": {
          "value": "$(cusprefix)keyvaultcouponsqa$(teamsuffix)"
        },
        "location": {
          "value": "westus"
        },
        "resourcegroup": {
          "value": "$(cusprefix)-Dojo-Coupon-IaaS-QA-$(teamsuffix)"
        },
        "storageAccount": {
          "value": "$(cusprefix)cpnqadojostrg$(teamsuffix)"
        }
      },
      "id": "99",
      "type": "Vsts",
      "name": "Coupons-IaaS-QA",
      "isShared": false
    },
    {
      "variables": {
        "appprefix": {
          "value": "cpnsit"
        },
        "appSubnet": {
          "value": "10.0.0.0/24"
        },
        "appVnet": {
          "value": "10.0.0.0/16"
        },
        "dataSubnet": {
          "value": "10.1.0.0/24"
        },
        "dataVnet": {
          "value": "10.1.0.0/16"
        },
        "jbSubnet": {
          "value": "10.2.0.0/24"
        },
        "jbVnet": {
          "value": "10.2.0.0/16"
        },
        "keyVaultName": {
          "value": "$(cusprefix)keyvaultcouponssit$(teamsuffix)"
        },
        "location": {
          "value": "westus"
        },
        "resourcegroup": {
          "value": "$(cusprefix)-Dojo-Coupon-IaaS-SIT-$(teamsuffix)"
        },
        "storageAccount": {
          "value": "$(cusprefix)cpnsitdojostorage$(teamsuffix)"
        }
      },
      "id": "98",
      "type": "Vsts",
      "name": "Coupons-IaaS-SIT",
      "isShared": false
    },
    {
      "variables": {
        "appprefix": {
          "value": "cpnstg"
        },
        "appSubnet": {
          "value": "10.0.0.0/24"
        },
        "appVnet": {
          "value": "10.0.0.0/16"
        },
        "azureSubID": {
          "value": "f2e68202-1605-4760-aa3d-b9859a54acb2"
        },
        "dataSubnet": {
          "value": "10.1.0.0/24"
        },
        "dataVnet": {
          "value": "10.1.0.0/16"
        },
        "jbSubnet": {
          "value": "10.2.0.0/24"
        },
        "jbVnet": {
          "value": "10.2.0.0/16"
        },
        "keyVaultName": {
          "value": "$(cusprefix)keyvaultcouponsstg$(teamsuffix)"
        },
        "location": {
          "value": "westus"
        },
        "resourcegroup": {
          "value": "$(cusprefix)-Dojo-Coupon-IaaS-STG-$(teamsuffix)"
        },
        "storageAccount": {
          "value": "$(cusprefix)cpnstgdojostorage$(teamsuffix)"
        }
      },
      "id": "97",
      "type": "Vsts",
      "name": "Coupons-IaaS-STG",
      "isShared": false
    },
    {
      "variables": {
        "appprefix": {
          "value": "cpnprd"
        },
        "appSubnet": {
          "value": "10.0.0.0/24"
        },
        "appVnet": {
          "value": "10.0.0.0/16"
        },
        "azureSubID": {
          "value": "f2e68202-1605-4760-aa3d-b9859a54acb2"
        },
        "dataSubnet": {
          "value": "10.1.0.0/24"
        },
        "dataVnet": {
          "value": "10.1.0.0/16"
        },
        "jbSubnet": {
          "value": "10.2.0.0/24"
        },
        "jbVnet": {
          "value": "10.2.0.0/16"
        },
        "keyVaultName": {
          "value": "$(cusprefix)keyvaultcouponsprd$(teamsuffix)"
        },
        "location": {
          "value": "westus"
        },
        "resourcegroup": {
          "value": "$(cusprefix)-Dojo-Coupon-IaaS-PRD-$(teamsuffix)"
        },
        "storageAccount": {
          "value": "$(cusprefix)cpnprddojostorage$(teamsuffix)"
        }
      },
      "id": "96",
      "type": "Vsts",
      "name": "Coupons-IaaS-PRD",
      "isShared": false
    },
    {
      "variables": {
        "appinsights": {
          "value": "$(customerprefix)-bookings-app-qa-$(teamsuffix)"
        },
        "appserviceplan": {
          "value": "$(customerprefix)-bookings-plan-qa-$(teamsuffix)"
        },
        "armoutput": {
          "value": "armoutput-qa-$(teamsuffix)"
        },
        "databasename": {
          "value": "$(customerprefix)-bookings-db-qa-$(teamsuffix)"
        },
        "keyVaultName": {
          "value": "$(customerprefix)-bookingkvqa$(teamsuffix)"
        },
        "logAnalyticsWorkspaceName": {
          "value": "$(customerprefix)-workspace-qa-$(teamsuffix)"
        },
        "resourcegroup": {
          "value": "Dojo-Booking-QA-$(teamsuffix)"
        },
        "rglocation": {
          "value": "eastus"
        },
        "sqlserver": {
          "value": "$(customerprefix)-bookings-server-qa-$(teamsuffix)"
        },
        "webapp": {
          "value": "$(customerprefix)-bookings-app-qa-$(teamsuffix)"
        }
      },
      "id": "95",
      "type": "Vsts",
      "name": "Bookings-QA",
      "isShared": false
    },
    {
      "variables": {
        "appinsights": {
          "value": "$(customerprefix)-bookings-app-sit-$(teamsuffix)"
        },
        "appserviceplan": {
          "value": "$(customerprefix)-bookings-plan-sit-$(teamsuffix)"
        },
        "armoutput": {
          "value": "armoutput-sit-$(teamsuffix)"
        },
        "databasename": {
          "value": "$(customerprefix)-bookings-db-sit-$(teamsuffix)"
        },
        "keyVaultName": {
          "value": "$(customerprefix)-bookingkvsit$(teamsuffix)"
        },
        "logAnalyticsWorkspaceName": {
          "value": "$(customerprefix)-workspace-sit-$(teamsuffix)"
        },
        "resourcegroup": {
          "value": "Dojo-Booking-SIT-$(teamsuffix)"
        },
        "rglocation": {
          "value": "eastus"
        },
        "sqlserver": {
          "value": "$(customerprefix)-bookings-server-sit-$(teamsuffix)"
        },
        "webapp": {
          "value": "$(customerprefix)-bookings-app-sit-$(teamsuffix)"
        }
      },
      "id": "94",
      "type": "Vsts",
      "name": "Bookings-SIT",
      "isShared": false
    },
    {
      "variables": {
        "appinsights": {
          "value": "$(customerprefix)-bookings-app-stg-$(teamsuffix)"
        },
        "appserviceplan": {
          "value": "$(customerprefix)-bookings-plan-stg-$(teamsuffix)"
        },
        "armoutput": {
          "value": "armoutput-stg-$(teamsuffix)"
        },
        "databasename": {
          "value": "$(customerprefix)-bookings-db-stg-$(teamsuffix)"
        },
        "keyVaultName": {
          "value": "$(customerprefix)-bookingkvstg$(teamsuffix)"
        },
        "logAnalyticsWorkspaceName": {
          "value": "$(customerprefix)-workspace-stg-$(teamsuffix)"
        },
        "resourcegroup": {
          "value": "Dojo-Booking-STG-$(teamsuffix)"
        },
        "rglocation": {
          "value": "eastus"
        },
        "sqlserver": {
          "value": "$(customerprefix)-bookings-server-stg-$(teamsuffix)"
        },
        "webapp": {
          "value": "$(customerprefix)-bookings-app-stg-$(teamsuffix)"
        }
      },
      "id": "93",
      "type": "Vsts",
      "name": "Bookings-STG",
      "isShared": false
    },
    {
      "variables": {
        "appinsights": {
          "value": "$(customerprefix)-bookings-app-prd-$(teamsuffix)"
        },
        "appserviceplan": {
          "value": "$(customerprefix)-bookings-plan-prd-$(teamsuffix)"
        },
        "armoutput": {
          "value": "armoutput-prd-$(teamsuffix)"
        },
        "databasename": {
          "value": "$(customerprefix)-bookings-db-prd-$(teamsuffix)"
        },
        "keyVaultName": {
          "value": "$(customerprefix)-bookingkvprd$(teamsuffix)"
        },
        "logAnalyticsWorkspaceName": {
          "value": "$(customerprefix)-workspace-prd-$(teamsuffix)"
        },
        "resourcegroup": {
          "value": "Dojo-Booking-PRD-Team1"
        },
        "rglocation": {
          "value": "eastus"
        },
        "sqlserver": {
          "value": "$(customerprefix)-bookings-server-prd-$(teamsuffix)"
        },
        "webapp": {
          "value": "$(customerprefix)-bookings-app-prd-$(teamsuffix)"
        }
      },
      "id": "92",
      "type": "Vsts",
      "name": "Bookings-PRD",
      "isShared": false
    }
  ]
}