{
  "count": 18,
  "value": [
    {
      "id": 30579,
      "rev": 11,
      "fields": {
        "System.AreaPath": "$ProjectName$",
        "System.TeamProject": "$ProjectName$",
        "System.IterationPath": "$ProjectName$\\Iteration 1",
        "System.WorkItemType": "User Story",
        "System.State": "New",
        "System.Reason": "New",
        "System.CreatedDate": "2019-07-25T11:36:13.227Z",
        "System.CreatedBy": "Aakanksha . <aak@microsoft.com>",
        "System.ChangedDate": "2019-08-02T14:13:56.37Z",
        "System.ChangedBy": "Kan Tang <kantan@microsoft.com>",
        "System.Title": "Perform Backlog Estimation",
        "Microsoft.VSTS.Scheduling.Effort": 0.0,
        "System.Description": "<span><div style=\"margin-top:0pt;margin-bottom:0pt;margin-left:.38in;text-indent:-.38in;unicode-bidi:embed;\">As an engineer, I should be able to perform estimations based on required effort so I can plan the release or sprint effectively.<br></div><ol><li><div style=\"margin-top:0pt;margin-bottom:0pt;margin-left:.38in;text-indent:-.38in;unicode-bidi:embed;\">Estimate the effort required to complete the product backlog item.</div></li><li><div style=\"margin-top:0pt;margin-bottom:0pt;margin-left:.38in;text-indent:-.38in;unicode-bidi:embed;\">Add tasks required to complete the product backlog item based on estimations done in step 1.<br></div></li></ol><div style=\"margin-top:0pt;margin-bottom:0pt;margin-left:.38in;text-indent:-.38in;unicode-bidi:embed;\"><br></div><div><br></div></span>",
        "System.AssignedTo": null,
        "Microsoft.VSTS.Scheduling.RemainingWork": 0.0,
        "Microsoft.VSTS.Common.Priority": 1.0,
        "System.BoardLane": null,
        "System.Tags": ".Net Engineer; Java Engineer",
        "Microsoft.VSTS.TCM.Steps": null,
        "Microsoft.VSTS.TCM.Parameters": null,
        "Microsoft.VSTS.TCM.LocalDataSource": null,
        "Microsoft.VSTS.TCM.AutomationStatus": null,
        "System.History": null
      },
      "relations": [
        {
          "rel": "System.LinkTypes.Hierarchy-Reverse",
          "url": "https://dev.azure.com/servicescode/_apis/wit/workItems/30704",
          "attributes": {
            "isLocked": "false",
            "name": "Parent"
          }
        }
      ],
      "url": "https://dev.azure.com/servicescode/_apis/wit/workItems/30579"
    },
    {
      "id": 31284,
      "rev": 6,
      "fields": {
        "System.AreaPath": "$ProjectName$",
        "System.TeamProject": "$ProjectName$",
        "System.IterationPath": "$ProjectName$Iteration 1",
        "System.WorkItemType": "User Story",
        "System.State": "New",
        "System.Reason": "New",
        "System.CreatedDate": "2019-07-31T22:00:55.407Z",
        "System.CreatedBy": "Kan Tang <kantan@microsoft.com>",
        "System.ChangedDate": "2019-08-02T14:15:03.143Z",
        "System.ChangedBy": "Kan Tang <kantan@microsoft.com>",
        "System.Title": "Prioritize Backlog Items",
        "Microsoft.VSTS.Scheduling.Effort": 0.0,
        "System.Description": "<div><span>As a product owner, I can&nbsp;<span style=\"display:inline !important;background-color:rgba(255, 255, 255, 1);\">prioritize </span>the backlog item so team knows what to work on first to create the highest value.</span></div><div><span><br></span></div><div><span>As a product owner, one of my responsibilities is to prioritize the backlog.&nbsp; If I only qualify one thing, qualify the cost of delay.&nbsp; </span><span>Three primary elements contribute to the Cost of Delay:&nbsp;</span></div><div><span><br></span></div><div><span>1) User-business value – Do our users prefer this over that? What is the revenue impact on our business? Is there a potential penalty or other adverse consequences if we delay?&nbsp;</span></div><div><span><br></span></div><div><span>2) Time criticality – How does the user/business value decay over time? Is there a fixed deadline? Will they wait for us or move to another solution? Are there Milestones on the critical path impacted by this?&nbsp;</span></div><div><span><br></span></div><div><span>3) Risk reduction-opportunity enablement value – What else does this do for our business? Does it reduce the risk of this or a future delivery? Is there value in the information we will receive? Will this feature open up new business opportunities?<br style=\"box-sizing:border-box;color:rgb(51, 51, 51);\"><br></span></div><div><span><br></span></div><div><span><br></span></div>",
        "System.AssignedTo": null,
        "Microsoft.VSTS.Scheduling.RemainingWork": 0.0,
        "Microsoft.VSTS.Common.Priority": 1.0,
        "System.BoardLane": null,
        "System.Tags": "Product Owner",
        "Microsoft.VSTS.TCM.Steps": null,
        "Microsoft.VSTS.TCM.Parameters": null,
        "Microsoft.VSTS.TCM.LocalDataSource": null,
        "Microsoft.VSTS.TCM.AutomationStatus": null,
        "System.History": null
      },
      "relations": [
        {
          "rel": "System.LinkTypes.Hierarchy-Reverse",
          "url": "https://dev.azure.com/servicescode/_apis/wit/workItems/30704",
          "attributes": {
            "isLocked": "false",
            "name": "Parent"
          }
        }
      ],
      "url": "https://dev.azure.com/servicescode/_apis/wit/workItems/31284"
    },
    {
      "id": 31362,
      "rev": 4,
      "fields": {
        "System.AreaPath": "$ProjectName$",
        "System.TeamProject": "$ProjectName$",
        "System.IterationPath": "$ProjectName$Iteration 1",
        "System.WorkItemType": "User Story",
        "System.State": "New",
        "System.Reason": "New",
        "System.CreatedDate": "2019-08-01T22:24:42.773Z",
        "System.CreatedBy": "Kan Tang <kantan@microsoft.com>",
        "System.ChangedDate": "2019-08-01T22:27:40.767Z",
        "System.ChangedBy": "Kan Tang <kantan@microsoft.com>",
        "System.Title": "Definition of Ready",
        "Microsoft.VSTS.Scheduling.Effort": 0.0,
        "System.Description": "<div>Description:&nbsp; The Definition of Ready (DoR) are the criteria that a user&nbsp;story must meet in order to be considered for inclusion into an iteration.&nbsp; It&nbsp;is important to note that&nbsp;Agile intends that business people and&nbsp;developers work together daily and use face to face communication as&nbsp;much as possible. The Definition of Ready should support that and should&nbsp;not impose too many rules on the product owner and the team.&nbsp;​</div><div>&nbsp;​</div><div>Benefits: Helps the team avoid starting work that is not well-defined&nbsp;resulting in excessive rework or an unfinished story at the end of the&nbsp;sprint.&nbsp; Provides clear grounds for not including unclear work into an&nbsp;iteration.&nbsp;​</div><div><br></div>",
        "System.AssignedTo": null,
        "Microsoft.VSTS.Scheduling.RemainingWork": 0.0,
        "Microsoft.VSTS.Common.Priority": 2.0,
        "System.BoardLane": null,
        "System.Tags": "Product Owner",
        "Microsoft.VSTS.TCM.Steps": null,
        "Microsoft.VSTS.TCM.Parameters": null,
        "Microsoft.VSTS.TCM.LocalDataSource": null,
        "Microsoft.VSTS.TCM.AutomationStatus": null,
        "System.History": null
      },
      "relations": [
        {
          "rel": "System.LinkTypes.Hierarchy-Reverse",
          "url": "https://dev.azure.com/servicescode/_apis/wit/workItems/30704",
          "attributes": {
            "isLocked": "false",
            "name": "Parent"
          }
        }
      ],
      "url": "https://dev.azure.com/servicescode/_apis/wit/workItems/31362"
    },
    {
      "id": 31069,
      "rev": 5,
      "fields": {
        "System.AreaPath": "$ProjectName$",
        "System.TeamProject": "$ProjectName$",
        "System.IterationPath": "$ProjectName$Iteration 1",
        "System.WorkItemType": "User Story",
        "System.State": "New",
        "System.Reason": "New",
        "System.CreatedDate": "2019-07-27T06:35:24.39Z",
        "System.CreatedBy": "Aakanksha . <aak@microsoft.com>",
        "System.ChangedDate": "2019-08-01T22:26:15.147Z",
        "System.ChangedBy": "Kan Tang <kantan@microsoft.com>",
        "System.Title": "Run Daily Scrums Call",
        "Microsoft.VSTS.Scheduling.Effort": 0.0,
        "System.Description": "<div><span>As a student, I should be able to Run Daily Scrums Calls to make sure that team is aligned on priorities and deliverables<br></span></div>",
        "System.AssignedTo": null,
        "Microsoft.VSTS.Scheduling.RemainingWork": 0.0,
        "Microsoft.VSTS.Common.Priority": 2.0,
        "System.BoardLane": null,
        "System.Tags": "Scrum Master",
        "Microsoft.VSTS.TCM.Steps": null,
        "Microsoft.VSTS.TCM.Parameters": null,
        "Microsoft.VSTS.TCM.LocalDataSource": null,
        "Microsoft.VSTS.TCM.AutomationStatus": null,
        "System.History": null
      },
      "relations": [
        {
          "rel": "System.LinkTypes.Hierarchy-Reverse",
          "url": "https://dev.azure.com/servicescode/_apis/wit/workItems/30704",
          "attributes": {
            "isLocked": "false",
            "name": "Parent"
          }
        }
      ],
      "url": "https://dev.azure.com/servicescode/_apis/wit/workItems/31069"
    },
    {
      "id": 31059,
      "rev": 13,
      "fields": {
        "System.AreaPath": "$ProjectName$",
        "System.TeamProject": "$ProjectName$",
        "System.IterationPath": "$ProjectName$Iteration 1",
        "System.WorkItemType": "User Story",
        "System.State": "New",
        "System.Reason": "New",
        "System.CreatedDate": "2019-07-26T19:41:20.04Z",
        "System.CreatedBy": "Aakanksha . <aak@microsoft.com>",
        "System.ChangedDate": "2019-08-26T06:23:57.423Z",
        "System.ChangedBy": "Aakanksha . <aak@microsoft.com>",
        "System.Title": "Reduce MTTR through ChatOps Collabration",
        "Microsoft.VSTS.Scheduling.Effort": 7.0,
        "System.Description": "<div><span><div style=\"box-sizing:border-box;\"><span style=\"box-sizing:border-box;\">As a DevOps team member,</span></div><div style=\"box-sizing:border-box;\"><span style=\"box-sizing:border-box;\">I can collaborate with team members as well as Azure DevOps through bots</span></div><div style=\"box-sizing:border-box;\"><span style=\"box-sizing:border-box;\">So it brings collaboration of people, process, tools and automation.</span></div><div><br></div><div><img alt=Image src=\"https://dev.azure.com/servicescode/1c2ab7e5-8ba6-4f8d-bad9-d112e6996d51/_apis/wit/attachments/b881de1d-2517-4ae2-b98c-9ea46dbdca1b?fileName=image.png\"><br></div></span></div>",
        "System.AssignedTo": null,
        "Microsoft.VSTS.Scheduling.RemainingWork": 0.0,
        "Microsoft.VSTS.Common.Priority": 3.0,
        "System.BoardLane": null,
        "System.Tags": null,
        "Microsoft.VSTS.TCM.Steps": null,
        "Microsoft.VSTS.TCM.Parameters": null,
        "Microsoft.VSTS.TCM.LocalDataSource": null,
        "Microsoft.VSTS.TCM.AutomationStatus": null,
        "System.History": null
      },
      "relations": [
        {
          "rel": "System.LinkTypes.Hierarchy-Reverse",
          "url": "https://dev.azure.com/servicescode/_apis/wit/workItems/31058",
          "attributes": {
            "isLocked": "false",
            "name": "Parent"
          }
        }
      ],
      "url": "https://dev.azure.com/servicescode/_apis/wit/workItems/31059"
    },
    {
      "id": 31130,
      "rev": 10,
      "fields": {
        "System.AreaPath": "$ProjectName$",
        "System.TeamProject": "$ProjectName$",
        "System.IterationPath": "$ProjectName$Iteration 1",
        "System.WorkItemType": "User Story",
        "System.State": "New",
        "System.Reason": "New",
        "System.CreatedDate": "2019-07-29T12:11:13.797Z",
        "System.CreatedBy": "Satya Srinivas Gogula <satyasri@microsoft.com>",
        "System.ChangedDate": "2019-08-02T18:45:37.337Z",
        "System.ChangedBy": "Aakanksha . <aak@microsoft.com>",
        "System.Title": "View MTTR DevOps KPI Metrics",
        "Microsoft.VSTS.Scheduling.Effort": 1.0,
        "System.Description": "<div><span>As a student</span></div><div><span>I should be able to view MTTR trends in my project</span></div><div>S<span>o that I can improve my responsiveness to customer reported incidents</span><br></div>",
        "System.AssignedTo": null,
        "Microsoft.VSTS.Scheduling.RemainingWork": 0.0,
        "Microsoft.VSTS.Common.Priority": 2.0,
        "System.BoardLane": null,
        "System.Tags": ".Net Platform/DevOps Engineer; Architect; Java Platform/DevOps Engineer; Operations; Product Owner; Scrum Master",
        "Microsoft.VSTS.TCM.Steps": null,
        "Microsoft.VSTS.TCM.Parameters": null,
        "Microsoft.VSTS.TCM.LocalDataSource": null,
        "Microsoft.VSTS.TCM.AutomationStatus": null,
        "System.History": null
      },
      "relations": [
        {
          "rel": "System.LinkTypes.Hierarchy-Reverse",
          "url": "https://dev.azure.com/servicescode/_apis/wit/workItems/31061",
          "attributes": {
            "isLocked": "false",
            "name": "Parent"
          }
        }
      ],
      "url": "https://dev.azure.com/servicescode/_apis/wit/workItems/31130"
    },
    {
      "id": 31196,
      "rev": 4,
      "fields": {
        "System.AreaPath": "$ProjectName$",
        "System.TeamProject": "$ProjectName$",
        "System.IterationPath": "$ProjectName$Iteration 1",
        "System.WorkItemType": "User Story",
        "System.State": "New",
        "System.Reason": "New",
        "System.CreatedDate": "2019-07-30T13:09:33.157Z",
        "System.CreatedBy": "Glenn Musa <gmusa@microsoft.com>",
        "System.ChangedDate": "2019-08-02T14:21:22.443Z",
        "System.ChangedBy": "Kan Tang <kantan@microsoft.com>",
        "System.Title": "Run Daily Retrospective",
        "Microsoft.VSTS.Scheduling.Effort": 0.0,
        "System.Description": "<div>As a student, I want to hold a Retrospective so that I can identify one or two areas for our team to learn and grow in for the next Dojo Delivery. &nbsp;</div><div><br></div><div>At regular intervals, the team reflects on how to become more effective, then tunes and adjusts its behavior accordingly.<br style=\"box-sizing:border-box;color:rgb(51, 51, 51);\"></div><div><br style=\"box-sizing:border-box;color:rgb(51, 51, 51);\"></div><div><br></div>",
        "System.AssignedTo": null,
        "Microsoft.VSTS.Scheduling.RemainingWork": 0.0,
        "Microsoft.VSTS.Common.Priority": 2.0,
        "System.BoardLane": null,
        "System.Tags": ".Net Engineer; .Net Platform/DevOps Engineer; Architect; Java Engineer; Java Platform/DevOps Engineer; Master Coach; Operations; Product Owner; Scrum Master; Security/Risk SME",
        "Microsoft.VSTS.TCM.Steps": null,
        "Microsoft.VSTS.TCM.Parameters": null,
        "Microsoft.VSTS.TCM.LocalDataSource": null,
        "Microsoft.VSTS.TCM.AutomationStatus": null,
        "System.History": null
      },
      "relations": [
        {
          "rel": "System.LinkTypes.Hierarchy-Reverse",
          "url": "https://dev.azure.com/servicescode/_apis/wit/workItems/30704",
          "attributes": {
            "isLocked": "false",
            "name": "Parent"
          }
        }
      ],
      "url": "https://dev.azure.com/servicescode/_apis/wit/workItems/31196"
    },
    {
      "id": 34955,
      "rev": 20,
      "fields": {
        "System.AreaPath": "$ProjectName$",
        "System.TeamProject": "$ProjectName$",
        "System.IterationPath": "$ProjectName$",
        "System.WorkItemType": "User Story",
        "System.State": "Done",
        "System.Reason": "Work finished",
        "System.CreatedDate": "2019-09-09T16:17:52.927Z",
        "System.CreatedBy": "Roberto Borges <roborges@microsoft.com>",
        "System.ChangedDate": "2019-09-26T09:21:43.207Z",
        "System.ChangedBy": "Aakanksha . <aak@microsoft.com>",
        "System.Title": "Hotel Owner - Provide code for customers",
        "Microsoft.VSTS.Scheduling.Effort": 0.0,
        "System.Description": "<div><span><span style=\"color:rgba(0, 0, 0, 0.9);background-color:rgb(255, 255, 255);display:inline !important;\">As a Hotel Owner, I want to provide customers with coupon codes so that I can attract new customers&nbsp; From the reservation management screen, I should be able to apply a discount to a customer's existing reservation in a dollar amount or percentage</span><br></span></div>",
        "System.AssignedTo": "Roberto Borges <roborges@microsoft.com>",
        "Microsoft.VSTS.Scheduling.RemainingWork": 0.0,
        "Microsoft.VSTS.Common.Priority": 2.0,
        "System.BoardLane": null,
        "System.Tags": null,
        "Microsoft.VSTS.TCM.Steps": null,
        "Microsoft.VSTS.TCM.Parameters": null,
        "Microsoft.VSTS.TCM.LocalDataSource": null,
        "Microsoft.VSTS.TCM.AutomationStatus": null,
        "System.History": null
      },
      "relations": [
        
      ],
      "url": "https://dev.azure.com/servicescode/_apis/wit/workItems/34955"
    },
    {
      "id": 33044,
      "rev": 2,
      "fields": {
        "System.AreaPath": "$ProjectName$",
        "System.TeamProject": "$ProjectName$",
        "System.IterationPath": "$ProjectName$Iteration 1",
        "System.WorkItemType": "User Story",
        "System.State": "New",
        "System.Reason": "New",
        "System.CreatedDate": "2019-08-26T06:03:28.8Z",
        "System.CreatedBy": "Aakanksha . <aak@microsoft.com>",
        "System.ChangedDate": "2019-08-26T06:23:04.68Z",
        "System.ChangedBy": "Aakanksha . <aak@microsoft.com>",
        "System.Title": "Implement Continuous Operations Practices in Coupons Java Application",
        "Microsoft.VSTS.Scheduling.Effort": 1.0,
        "System.Description": "<div><span><div style=\"box-sizing:border-box;\"><span style=\"box-sizing:border-box;\"><span style=\"background-color:rgba(255, 255, 255, 1);box-sizing:border-box;display:inline;\">As a student, I should be able to implement &nbsp;Continuous Operations Practices in Coupons Java Application so that my application is <span style=\"display:inline !important;background-color:rgba(255, 255, 255, 1);color:rgba(0, 0, 0, 0.9);font-size:15px;\">equipped with monitoring and diagnostics capabilities.</span></span></span><br></div></span></div>",
        "System.AssignedTo": null,
        "Microsoft.VSTS.Scheduling.RemainingWork": 0.0,
        "Microsoft.VSTS.Common.Priority": 2.0,
        "System.BoardLane": null,
        "System.Tags": null,
        "Microsoft.VSTS.TCM.Steps": null,
        "Microsoft.VSTS.TCM.Parameters": null,
        "Microsoft.VSTS.TCM.LocalDataSource": null,
        "Microsoft.VSTS.TCM.AutomationStatus": null,
        "System.History": null
      },
      "relations": [
        {
          "rel": "System.LinkTypes.Related",
          "url": "https://dev.azure.com/servicescode/_apis/wit/workItems/33043",
          "attributes": {
            "isLocked": "false",
            "name": "Related"
          }
        },
        {
          "rel": "System.LinkTypes.Hierarchy-Reverse",
          "url": "https://dev.azure.com/servicescode/_apis/wit/workItems/31055",
          "attributes": {
            "isLocked": "false",
            "name": "Parent"
          }
        }
      ],
      "url": "https://dev.azure.com/servicescode/_apis/wit/workItems/33044"
    },
    {
      "id": 33043,
      "rev": 3,
      "fields": {
        "System.AreaPath": "$ProjectName$",
        "System.TeamProject": "$ProjectName$",
        "System.IterationPath": "$ProjectName$Iteration 1",
        "System.WorkItemType": "User Story",
        "System.State": "New",
        "System.Reason": "New",
        "System.CreatedDate": "2019-08-26T06:01:38.123Z",
        "System.CreatedBy": "Aakanksha . <aak@microsoft.com>",
        "System.ChangedDate": "2019-08-26T06:22:55.227Z",
        "System.ChangedBy": "Aakanksha . <aak@microsoft.com>",
        "System.Title": "Implement Continuous Operations Practices in Bookings .Net Application",
        "Microsoft.VSTS.Scheduling.Effort": 1.0,
        "System.Description": "<div><span><div style=\"box-sizing:border-box;\"><span style=\"box-sizing:border-box;\"><span style=\"background-color:rgba(255, 255, 255, 1);box-sizing:border-box;display:inline;\">As a student, I should be able to implement &nbsp;Continuous Operations Practices in Bookings Application so that my application is <span style=\"display:inline !important;background-color:rgba(255, 255, 255, 1);color:rgba(0, 0, 0, 0.9);font-size:15px;\">equipped with monitoring and diagnostics capabilities.</span></span></span><br></div></span></div>",
        "System.AssignedTo": null,
        "Microsoft.VSTS.Scheduling.RemainingWork": 0.0,
        "Microsoft.VSTS.Common.Priority": 2.0,
        "System.BoardLane": null,
        "System.Tags": null,
        "Microsoft.VSTS.TCM.Steps": null,
        "Microsoft.VSTS.TCM.Parameters": null,
        "Microsoft.VSTS.TCM.LocalDataSource": null,
        "Microsoft.VSTS.TCM.AutomationStatus": null,
        "System.History": null
      },
      "relations": [
        {
          "rel": "System.LinkTypes.Related",
          "url": "https://dev.azure.com/servicescode/_apis/wit/workItems/33044",
          "attributes": {
            "isLocked": "false",
            "name": "Related"
          }
        },
        {
          "rel": "System.LinkTypes.Hierarchy-Reverse",
          "url": "https://dev.azure.com/servicescode/_apis/wit/workItems/31055",
          "attributes": {
            "isLocked": "false",
            "name": "Parent"
          }
        }
      ],
      "url": "https://dev.azure.com/servicescode/_apis/wit/workItems/33043"
    },
    {
      "id": 33042,
      "rev": 3,
      "fields": {
        "System.AreaPath": "$ProjectName$",
        "System.TeamProject": "$ProjectName$",
        "System.IterationPath": "$ProjectName$Iteration 1",
        "System.WorkItemType": "User Story",
        "System.State": "New",
        "System.Reason": "New",
        "System.CreatedDate": "2019-08-26T05:53:50.283Z",
        "System.CreatedBy": "Aakanksha . <aak@microsoft.com>",
        "System.ChangedDate": "2019-08-26T06:22:25.11Z",
        "System.ChangedBy": "Aakanksha . <aak@microsoft.com>",
        "System.Title": "Implement Continuous Security Practices in Coupons Java Application",
        "Microsoft.VSTS.Scheduling.Effort": 3.0,
        "System.Description": "<div><span><div style=\"box-sizing:border-box;\"><span style=\"box-sizing:border-box;\">As a student </span><span style=\"box-sizing:border-box;\">I should be able to implement </span>Continuous Security Practices in Coupons Java Application so that my application is more secure and avoid any<span style=\"display:inline !important;background-color:rgba(255, 255, 255, 1);color:rgba(0, 0, 0, 0.9);font-size:15px;\"> credential leaks.</span><br></div></span></div>",
        "System.AssignedTo": null,
        "Microsoft.VSTS.Scheduling.RemainingWork": 0.0,
        "Microsoft.VSTS.Common.Priority": 2.0,
        "System.BoardLane": null,
        "System.Tags": null,
        "Microsoft.VSTS.TCM.Steps": null,
        "Microsoft.VSTS.TCM.Parameters": null,
        "Microsoft.VSTS.TCM.LocalDataSource": null,
        "Microsoft.VSTS.TCM.AutomationStatus": null,
        "System.History": null
      },
      "relations": [
        {
          "rel": "System.LinkTypes.Hierarchy-Reverse",
          "url": "https://dev.azure.com/servicescode/_apis/wit/workItems/31048",
          "attributes": {
            "isLocked": "false",
            "name": "Parent"
          }
        }
      ],
      "url": "https://dev.azure.com/servicescode/_apis/wit/workItems/33042"
    },
    {
      "id": 33041,
      "rev": 4,
      "fields": {
        "System.AreaPath": "$ProjectName$",
        "System.TeamProject": "$ProjectName$",
        "System.IterationPath": "$ProjectName$Iteration 1",
        "System.WorkItemType": "User Story",
        "System.State": "New",
        "System.Reason": "New",
        "System.CreatedDate": "2019-08-26T05:50:42.293Z",
        "System.CreatedBy": "Aakanksha . <aak@microsoft.com>",
        "System.ChangedDate": "2019-08-26T06:22:36.363Z",
        "System.ChangedBy": "Aakanksha . <aak@microsoft.com>",
        "System.Title": "Implement Continuous Security Practices in Booking .Net Application",
        "Microsoft.VSTS.Scheduling.Effort": 3.0,
        "System.Description": "<div><span><div style=\"box-sizing:border-box;\"><span style=\"box-sizing:border-box;\">As a student </span><span style=\"box-sizing:border-box;\">I should be able to implement </span>Continuous Security Practices in Booking .Net Application so that my application is more secure and avoid any<span style=\"display:inline !important;background-color:rgba(255, 255, 255, 1);color:rgba(0, 0, 0, 0.9);font-size:15px;\"> credential leaks.</span><br></div></span></div>",
        "System.AssignedTo": null,
        "Microsoft.VSTS.Scheduling.RemainingWork": 0.0,
        "Microsoft.VSTS.Common.Priority": 2.0,
        "System.BoardLane": null,
        "System.Tags": null,
        "Microsoft.VSTS.TCM.Steps": null,
        "Microsoft.VSTS.TCM.Parameters": null,
        "Microsoft.VSTS.TCM.LocalDataSource": null,
        "Microsoft.VSTS.TCM.AutomationStatus": null,
        "System.History": null
      },
      "relations": [
        {
          "rel": "System.LinkTypes.Hierarchy-Reverse",
          "url": "https://dev.azure.com/servicescode/_apis/wit/workItems/31048",
          "attributes": {
            "isLocked": "false",
            "name": "Parent"
          }
        }
      ],
      "url": "https://dev.azure.com/servicescode/_apis/wit/workItems/33041"
    },
    {
      "id": 33040,
      "rev": 6,
      "fields": {
        "System.AreaPath": "$ProjectName$",
        "System.TeamProject": "$ProjectName$",
        "System.IterationPath": "$ProjectName$Iteration 1",
        "System.WorkItemType": "User Story",
        "System.State": "New",
        "System.Reason": "New",
        "System.CreatedDate": "2019-08-26T05:33:25.177Z",
        "System.CreatedBy": "Aakanksha . <aak@microsoft.com>",
        "System.ChangedDate": "2019-08-26T06:25:07.757Z",
        "System.ChangedBy": "Aakanksha . <aak@microsoft.com>",
        "System.Title": "Implement Continuous Quality Practices in Coupons Java Application",
        "Microsoft.VSTS.Scheduling.Effort": 3.0,
        "System.Description": "<div><span><span style=\"display:inline !important;background-color:rgba(255, 255, 255, 1);\">As a student, I should be able to implement Continuous Quality Practices using shift left approach in Coupons Java Application so that<span lang=EN-US style=\"border:0px none rgb(0, 0, 0);border-radius:0px;border-collapse:separate;bottom:auto;box-shadow:none;box-sizing:content-box;clear:none;clip:auto;color:rgb(0, 0, 0);cursor:text;display:inline;font-family:Calibri, Calibri_MSFontService, Calibri_MSFontService, Calibri_EmbeddedFont, sans-serif;font-size:16px;image-rendering:auto;left:auto;list-style:disc outside none;margin:0px;opacity:1;outline:rgb(0, 0, 0) none 0px;pointer-events:auto;right:auto;table-layout:auto;text-align-last:auto;text-underline-position:auto;text-rendering:auto;text-shadow:none;text-overflow:clip;top:auto;transition:all 0s ease 0s;width:auto;z-index:auto;zoom:1;backface-visibility:visible;border-spacing:0px;columns:auto auto;column-rule:0px none rgb(0, 0, 0);column-span:none;flex:0 1 auto;flex-flow:row nowrap;order:0;perspective:none;perspective-origin:0px 0px;transform-origin:0px 0px 0px;transform-style:flat;clip-path:none;clip-rule:nonzero;mask:none;flood-opacity:1;stop-opacity:1;color-interpolation:sRGB;color-interpolation-filters:linearRGB;color-rendering:auto;fill-opacity:1;fill-rule:nonzero;shape-rendering:auto;stroke:none;stroke-dasharray:none;stroke-dashoffset:0px;stroke-linecap:butt;stroke-linejoin:miter;stroke-miterlimit:4;stroke-opacity:1;stroke-width:1px;alignment-baseline:auto;baseline-shift:0px;dominant-baseline:auto;text-anchor:start;writing-mode:horizontal-tb;\"><span><span style=\"box-sizing:border-box;color:rgba(0, 0, 0, 1);font-size:14px;\"> I can find bugs early in the process and <span style=\"display:inline !important;background-color:rgba(255, 255, 255, 1);\">automate the basic functionality tests thus making my application more testable.</span></span></span></span></span><br></span></div>",
        "System.AssignedTo": null,
        "Microsoft.VSTS.Scheduling.RemainingWork": 0.0,
        "Microsoft.VSTS.Common.Priority": 2.0,
        "System.BoardLane": null,
        "System.Tags": null,
        "Microsoft.VSTS.TCM.Steps": null,
        "Microsoft.VSTS.TCM.Parameters": null,
        "Microsoft.VSTS.TCM.LocalDataSource": null,
        "Microsoft.VSTS.TCM.AutomationStatus": null,
        "System.History": null
      },
      "relations": [
        {
          "rel": "System.LinkTypes.Hierarchy-Reverse",
          "url": "https://dev.azure.com/servicescode/_apis/wit/workItems/30842",
          "attributes": {
            "isLocked": "false",
            "name": "Parent"
          }
        }
      ],
      "url": "https://dev.azure.com/servicescode/_apis/wit/workItems/33040"
    },
    {
      "id": 33039,
      "rev": 7,
      "fields": {
        "System.AreaPath": "$ProjectName$",
        "System.TeamProject": "$ProjectName$",
        "System.IterationPath": "$ProjectName$Iteration 1",
        "System.WorkItemType": "User Story",
        "System.State": "New",
        "System.Reason": "New",
        "System.CreatedDate": "2019-08-26T05:11:29.3Z",
        "System.CreatedBy": "Aakanksha . <aak@microsoft.com>",
        "System.ChangedDate": "2019-08-26T06:24:56.283Z",
        "System.ChangedBy": "Aakanksha . <aak@microsoft.com>",
        "System.Title": "Implement Continuous Quality Practices in Bookings .Net Application",
        "Microsoft.VSTS.Scheduling.Effort": 3.0,
        "System.Description": "<div><span><span style=\"display:inline !important;background-color:rgba(255, 255, 255, 1);\">As a student, I should be able to implement Continuous Quality Practices using shift left approach in Bookings Application <span style=\"display:inline !important;background-color:rgba(255, 255, 255, 1);\">so that</span><span lang=EN-US style=\"alignment-baseline:auto;backface-visibility:visible;baseline-shift:0px;border-bottom-left-radius:0px;border-bottom-right-radius:0px;border-collapse:separate;border-spacing:0px;border-top-left-radius:0px;border-top-right-radius:0px;bottom:auto;box-shadow:none;box-sizing:content-box;clear:none;clip:auto;clip-rule:nonzero;color:rgb(0, 0, 0);color-interpolation-filters:linearRGB;column-count:auto;column-rule-color:rgb(0, 0, 0);column-rule-style:none;column-rule-width:0px;column-span:none;column-width:auto;cursor:text;display:inline;dominant-baseline:auto;fill-opacity:1;fill-rule:nonzero;flex-basis:auto;flex-direction:row;flex-grow:0;flex-shrink:1;flex-wrap:nowrap;flood-opacity:1;font-family:Calibri,Calibri_MSFontService,Calibri_MSFontService,Calibri_EmbeddedFont,sans-serif;font-size:16px;left:auto;margin-bottom:0px;margin-top:0px;opacity:1;order:0;outline-color:rgb(0, 0, 0);perspective:none;perspective-origin:0px 0px;pointer-events:auto;right:auto;stop-opacity:1;stroke:none;stroke-dasharray:none;stroke-dashoffset:0px;stroke-linecap:butt;stroke-linejoin:miter;stroke-miterlimit:4;stroke-opacity:1;stroke-width:1px;table-layout:auto;text-align-last:auto;text-anchor:start;text-overflow:clip;text-shadow:none;text-underline-position:auto;top:auto;transform-origin:0px 0px 0px;transform-style:flat;transition-delay:0s;transition-duration:0s;transition-property:all;transition-timing-function:ease;width:auto;writing-mode:horizontal-tb;z-index:auto;zoom:1;\"><span style=\"box-sizing:border-box;\"><span style=\"box-sizing:border-box;color:rgba(0, 0, 0, 1);font-size:14px;\"> I can find bugs early in the process and <span style=\"background-color:rgba(255, 255, 255, 1);box-sizing:border-box;display:inline;\">automate the basic functionality tests thus making my application more testable.</span></span></span></span><span lang=EN-US style=\"border:0px none rgb(0, 0, 0);border-radius:0px;border-collapse:separate;bottom:auto;box-shadow:none;box-sizing:content-box;clear:none;clip:auto;color:rgb(0, 0, 0);cursor:text;display:inline;font-family:Calibri, Calibri_MSFontService, Calibri_MSFontService, Calibri_EmbeddedFont, sans-serif;font-size:16px;image-rendering:auto;left:auto;list-style:disc outside none;margin:0px;opacity:1;outline:rgb(0, 0, 0) none 0px;pointer-events:auto;right:auto;table-layout:auto;text-align-last:auto;text-underline-position:auto;text-rendering:auto;text-shadow:none;text-overflow:clip;top:auto;transition:all 0s ease 0s;width:auto;z-index:auto;zoom:1;backface-visibility:visible;border-spacing:0px;columns:auto auto;column-rule:0px none rgb(0, 0, 0);column-span:none;flex:0 1 auto;flex-flow:row nowrap;order:0;perspective:none;perspective-origin:0px 0px;transform-origin:0px 0px 0px;transform-style:flat;clip-path:none;clip-rule:nonzero;mask:none;flood-opacity:1;stop-opacity:1;color-interpolation:sRGB;color-interpolation-filters:linearRGB;color-rendering:auto;fill-opacity:1;fill-rule:nonzero;shape-rendering:auto;stroke:none;stroke-dasharray:none;stroke-dashoffset:0px;stroke-linecap:butt;stroke-linejoin:miter;stroke-miterlimit:4;stroke-opacity:1;stroke-width:1px;alignment-baseline:auto;baseline-shift:0px;dominant-baseline:auto;text-anchor:start;writing-mode:horizontal-tb;\"><span><span style=\"box-sizing:border-box;color:rgba(0, 0, 0, 1);font-size:14px;\"><span style=\"display:inline !important;background-color:rgba(255, 255, 255, 1);\"></span></span></span></span></span><br></span></div>",
        "System.AssignedTo": null,
        "Microsoft.VSTS.Scheduling.RemainingWork": 0.0,
        "Microsoft.VSTS.Common.Priority": 2.0,
        "System.BoardLane": null,
        "System.Tags": null,
        "Microsoft.VSTS.TCM.Steps": null,
        "Microsoft.VSTS.TCM.Parameters": null,
        "Microsoft.VSTS.TCM.LocalDataSource": null,
        "Microsoft.VSTS.TCM.AutomationStatus": null,
        "System.History": null
      },
      "relations": [
        {
          "rel": "System.LinkTypes.Hierarchy-Reverse",
          "url": "https://dev.azure.com/servicescode/_apis/wit/workItems/30842",
          "attributes": {
            "isLocked": "false",
            "name": "Parent"
          }
        }
      ],
      "url": "https://dev.azure.com/servicescode/_apis/wit/workItems/33039"
    },
    {
      "id": 33038,
      "rev": 4,
      "fields": {
        "System.AreaPath": "$ProjectName$",
        "System.TeamProject": "$ProjectName$",
        "System.IterationPath": "$ProjectName$Iteration 1",
        "System.WorkItemType": "User Story",
        "System.State": "New",
        "System.Reason": "New",
        "System.CreatedDate": "2019-08-26T04:53:45.193Z",
        "System.CreatedBy": "Aakanksha . <aak@microsoft.com>",
        "System.ChangedDate": "2019-08-26T06:24:49.39Z",
        "System.ChangedBy": "Aakanksha . <aak@microsoft.com>",
        "System.Title": "Implement Continuous Delivery Practices in Coupons Java Application",
        "Microsoft.VSTS.Scheduling.Effort": 1.0,
        "System.Description": "<div><span><span style=\"display:inline !important;background-color:rgba(255, 255, 255, 1);\">As a student, I should be able to implement Continuous Delivery Practices in Coupons Java Application so that <span style=\"display:inline !important;background-color:rgba(255, 255, 255, 1);color:rgba(0, 0, 0, 0.9);font-size:15px;\">the deployments can be automated in multiple environments and lead time for deployment can be reduced.</span></span><br></span></div>",
        "System.AssignedTo": null,
        "Microsoft.VSTS.Scheduling.RemainingWork": 0.0,
        "Microsoft.VSTS.Common.Priority": 2.0,
        "System.BoardLane": null,
        "System.Tags": null,
        "Microsoft.VSTS.TCM.Steps": null,
        "Microsoft.VSTS.TCM.Parameters": null,
        "Microsoft.VSTS.TCM.LocalDataSource": null,
        "Microsoft.VSTS.TCM.AutomationStatus": null,
        "System.History": null
      },
      "relations": [
        {
          "rel": "System.LinkTypes.Hierarchy-Reverse",
          "url": "https://dev.azure.com/servicescode/_apis/wit/workItems/30794",
          "attributes": {
            "isLocked": "false",
            "name": "Parent"
          }
        },
        {
          "rel": "System.LinkTypes.Related",
          "url": "https://dev.azure.com/servicescode/_apis/wit/workItems/33037",
          "attributes": {
            "isLocked": "false",
            "name": "Related"
          }
        }
      ],
      "url": "https://dev.azure.com/servicescode/_apis/wit/workItems/33038"
    },
    {
      "id": 33037,
      "rev": 5,
      "fields": {
        "System.AreaPath": "$ProjectName$",
        "System.TeamProject": "$ProjectName$",
        "System.IterationPath": "$ProjectName$Iteration 1",
        "System.WorkItemType": "User Story",
        "System.State": "New",
        "System.Reason": "New",
        "System.CreatedDate": "2019-08-26T04:49:10.06Z",
        "System.CreatedBy": "Aakanksha . <aak@microsoft.com>",
        "System.ChangedDate": "2019-08-26T06:24:42.137Z",
        "System.ChangedBy": "Aakanksha . <aak@microsoft.com>",
        "System.Title": "Implement Continuous Delivery Practices in Bookings .Net Application",
        "Microsoft.VSTS.Scheduling.Effort": 1.0,
        "System.Description": "<div><span><span style=\"display:inline !important;background-color:rgba(255, 255, 255, 1);\">As a student, I should be able to implement Continuous Delivery Practices in Bookings .NET Application so that <span style=\"display:inline !important;background-color:rgba(255, 255, 255, 1);color:rgba(0, 0, 0, 0.9);font-size:15px;\">the deployments can be automated in multiple environments and lead time for deployment can be reduced.</span></span><br></span></div>",
        "System.AssignedTo": null,
        "Microsoft.VSTS.Scheduling.RemainingWork": 0.0,
        "Microsoft.VSTS.Common.Priority": 2.0,
        "System.BoardLane": null,
        "System.Tags": null,
        "Microsoft.VSTS.TCM.Steps": null,
        "Microsoft.VSTS.TCM.Parameters": null,
        "Microsoft.VSTS.TCM.LocalDataSource": null,
        "Microsoft.VSTS.TCM.AutomationStatus": null,
        "System.History": null
      },
      "relations": [
        {
          "rel": "System.LinkTypes.Hierarchy-Reverse",
          "url": "https://dev.azure.com/servicescode/_apis/wit/workItems/30794",
          "attributes": {
            "isLocked": "false",
            "name": "Parent"
          }
        },
        {
          "rel": "System.LinkTypes.Related",
          "url": "https://dev.azure.com/servicescode/_apis/wit/workItems/33038",
          "attributes": {
            "isLocked": "false",
            "name": "Related"
          }
        }
      ],
      "url": "https://dev.azure.com/servicescode/_apis/wit/workItems/33037"
    },
    {
      "id": 33035,
      "rev": 5,
      "fields": {
        "System.AreaPath": "$ProjectName$",
        "System.TeamProject": "$ProjectName$",
        "System.IterationPath": "$ProjectName$Iteration 1",
        "System.WorkItemType": "User Story",
        "System.State": "New",
        "System.Reason": "New",
        "System.CreatedDate": "2019-08-26T03:02:37.24Z",
        "System.CreatedBy": "Aakanksha . <aak@microsoft.com>",
        "System.ChangedDate": "2019-08-26T06:26:33.2Z",
        "System.ChangedBy": "Aakanksha . <aak@microsoft.com>",
        "System.Title": "Implement Continuous Integration Practices in Coupons Java App",
        "Microsoft.VSTS.Scheduling.Effort": 3.0,
        "System.Description": "<div>As a student, I should be able to implement Continuous Integration Practices in Coupons Java Application so that development cycles can be shortened and code quality can be improved.<br></div>",
        "System.AssignedTo": null,
        "Microsoft.VSTS.Scheduling.RemainingWork": 0.0,
        "Microsoft.VSTS.Common.Priority": 2.0,
        "System.BoardLane": null,
        "System.Tags": null,
        "Microsoft.VSTS.TCM.Steps": null,
        "Microsoft.VSTS.TCM.Parameters": null,
        "Microsoft.VSTS.TCM.LocalDataSource": null,
        "Microsoft.VSTS.TCM.AutomationStatus": null,
        "System.History": null
      },
      "relations": [
        {
          "rel": "System.LinkTypes.Hierarchy-Reverse",
          "url": "https://dev.azure.com/servicescode/_apis/wit/workItems/30705",
          "attributes": {
            "isLocked": "false",
            "name": "Parent"
          }
        }
      ],
      "url": "https://dev.azure.com/servicescode/_apis/wit/workItems/33035"
    },
    {
      "id": 33034,
      "rev": 7,
      "fields": {
        "System.AreaPath": "$ProjectName$",
        "System.TeamProject": "$ProjectName$",
        "System.IterationPath": "$ProjectName$Iteration 1",
        "System.WorkItemType": "User Story",
        "System.State": "New",
        "System.Reason": "New",
        "System.CreatedDate": "2019-08-26T02:28:34Z",
        "System.CreatedBy": "Aakanksha . <aak@microsoft.com>",
        "System.ChangedDate": "2019-08-26T06:26:44.207Z",
        "System.ChangedBy": "Aakanksha . <aak@microsoft.com>",
        "System.Title": "Implement Continuous Integration Practices in Bookings .Net Application",
        "Microsoft.VSTS.Scheduling.Effort": 3.0,
        "System.Description": "<div>As a student, I should be able to implement Continuous Integration Practices in Bookings .NET Application so that development cycles can be shortened and code quality can be improved.<br></div>",
        "System.AssignedTo": null,
        "Microsoft.VSTS.Scheduling.RemainingWork": 0.0,
        "Microsoft.VSTS.Common.Priority": 2.0,
        "System.BoardLane": null,
        "System.Tags": null,
        "Microsoft.VSTS.TCM.Steps": null,
        "Microsoft.VSTS.TCM.Parameters": null,
        "Microsoft.VSTS.TCM.LocalDataSource": null,
        "Microsoft.VSTS.TCM.AutomationStatus": null,
        "System.History": null
      },
      "relations": [
        {
          "rel": "System.LinkTypes.Hierarchy-Reverse",
          "url": "https://dev.azure.com/servicescode/_apis/wit/workItems/30705",
          "attributes": {
            "isLocked": "false",
            "name": "Parent"
          }
        }
      ],
      "url": "https://dev.azure.com/servicescode/_apis/wit/workItems/33034"
    }
  ],
  "HttpStatusCode": 0,
  "Message": null
}