{
  "options": [
    {
      "enabled": false,
      "definition": {
        "id": "5d58cc01-7c75-450c-be18-a388ddb129ec"
      },
      "inputs": {
        "branchFilters": "[\"+refs/heads/*\"]",
        "additionalFields": "{}"
      }
    },
    {
      "enabled": false,
      "definition": {
        "id": "a9db38f9-9fdc-478c-b0f9-464221e58316"
      },
      "inputs": {
        "workItemType": "Bug",
        "assignToRequestor": "true",
        "additionalFields": "{}"
      }
    }
  ],
  "triggers": [
    {
      "branchFilters": [
        "+refs/heads/develop"
      ],
      "pathFilters": [],
      "batchChanges": false,
      "maxConcurrentBuildsPerBranch": 1,
      "pollingInterval": 0,
      "triggerType": "continuousIntegration"
    }
  ],
  "variables": {
    "Build.testOutFile": {
      "value": "testresults.xml"
    },
    "BuildConfiguration": {
      "value": "release"
    },
    "BuildPlatform": {
      "value": "any cpu"
    },
    "system.debug": {
      "value": "false",
      "allowOverride": true
    }
  },
  "properties": {},
  "tags": [],
  "_links": "{}",
  "jobAuthorizationScope": "projectCollection",
  "jobTimeoutInMinutes": 60,
  "jobCancelTimeoutInMinutes": 5,
  "process": {
    "phases": [
      {
        "steps": [
          {
            "environment": {},
            "enabled": true,
            "continueOnError": false,
            "alwaysRun": false,
            "displayName": "Install & invoke Pester test on repo files",
            "timeoutInMinutes": 0,
            "condition": "succeeded()",
            "task": {
              "id": "e213ff0f-5d5c-4791-802d-52ea3e7be1f1",
              "versionSpec": "2.*",
              "definitionType": "task"
            },
            "inputs": {
              "targetType": "inline",
              "filePath": "",
              "arguments": "",
              "script": "Install-PackageProvider -Name NuGet -MinimumVersion 2.8.5.201 -Force; Install-Module Pester -Force; Invoke-Pester -OutputFile $(Build.testOutFile) -OutputFormat NUnitXml",
              "errorActionPreference": "stop",
              "failOnStderr": "false",
              "ignoreLASTEXITCODE": "false",
              "pwsh": "false",
              "workingDirectory": ""
            }
          },
          {
            "environment": {},
            "enabled": true,
            "continueOnError": false,
            "alwaysRun": false,
            "displayName": "Publish Pester test results",
            "timeoutInMinutes": 0,
            "condition": "succeeded()",
            "task": {
              "id": "0b0f01ed-7dde-43ff-9cbb-e48954daf9b1",
              "versionSpec": "2.*",
              "definitionType": "task"
            },
            "inputs": {
              "testRunner": "NUnit",
              "testResultsFiles": "$(Build.testOutFile)",
              "searchFolder": "$(System.DefaultWorkingDirectory)",
              "mergeTestResults": "false",
              "failTaskOnFailedTests": "false",
              "testRunTitle": "",
              "platform": "",
              "configuration": "",
              "publishRunAttachments": "true"
            }
          },
          {
            "environment": {},
            "enabled": true,
            "continueOnError": true,
            "alwaysRun": false,
            "displayName": "Build: Tier1 vnet template",
            "timeoutInMinutes": 0,
            "condition": "succeeded()",
            "task": {
              "id": "71a9a2d3-a98a-4caa-96ab-affca411ecda",
              "versionSpec": "1.*",
              "definitionType": "task"
            },
            "inputs": {
              "solution": "CodeBlocks/Modules/Tier1/vNet/vNet_2.0.sln",
              "vsVersion": "15.0",
              "msbuildArgs": "",
              "platform": "$(BuildPlatform)",
              "configuration": "$(BuildConfiguration)",
              "clean": "true",
              "maximumCpuCount": "false",
              "restoreNugetPackages": "false",
              "msbuildArchitecture": "x86",
              "logProjectEvents": "true",
              "createLogFile": "false",
              "logFileVerbosity": "normal"
            }
          },
          {
            "environment": {},
            "enabled": true,
            "continueOnError": true,
            "alwaysRun": false,
            "displayName": "Build: Tier1 vnet peering template",
            "timeoutInMinutes": 0,
            "condition": "succeeded()",
            "task": {
              "id": "71a9a2d3-a98a-4caa-96ab-affca411ecda",
              "versionSpec": "1.*",
              "definitionType": "task"
            },
            "inputs": {
              "solution": "CodeBlocks/Modules/Tier1/vNetPeering/vNet_Peering_2.0.sln",
              "vsVersion": "15.0",
              "msbuildArgs": "",
              "platform": "$(BuildPlatform)",
              "configuration": "$(BuildConfiguration)",
              "clean": "true",
              "maximumCpuCount": "false",
              "restoreNugetPackages": "false",
              "msbuildArchitecture": "x86",
              "logProjectEvents": "true",
              "createLogFile": "false",
              "logFileVerbosity": "normal"
            }
          },
          {
            "environment": {},
            "enabled": true,
            "continueOnError": true,
            "alwaysRun": false,
            "displayName": "Build: Tier1 Storage Account template",
            "timeoutInMinutes": 0,
            "condition": "succeeded()",
            "task": {
              "id": "71a9a2d3-a98a-4caa-96ab-affca411ecda",
              "versionSpec": "1.*",
              "definitionType": "task"
            },
            "inputs": {
              "solution": "CodeBlocks/Modules/Tier1/StorageAccounts/Storage_Account_2.0.sln",
              "vsVersion": "15.0",
              "msbuildArgs": "",
              "platform": "$(BuildPlatform)",
              "configuration": "$(BuildConfiguration)",
              "clean": "true",
              "maximumCpuCount": "false",
              "restoreNugetPackages": "false",
              "msbuildArchitecture": "x86",
              "logProjectEvents": "true",
              "createLogFile": "false",
              "logFileVerbosity": "normal"
            }
          },
          {
            "environment": {},
            "enabled": true,
            "continueOnError": true,
            "alwaysRun": false,
            "displayName": "Build: Tier1 LogAnalytics template",
            "timeoutInMinutes": 0,
            "condition": "succeeded()",
            "task": {
              "id": "71a9a2d3-a98a-4caa-96ab-affca411ecda",
              "versionSpec": "1.*",
              "definitionType": "task"
            },
            "inputs": {
              "solution": "CodeBlocks/Modules/Tier1/LogAnalytics/Log_Analytics_2.0.sln",
              "vsVersion": "15.0",
              "msbuildArgs": "",
              "platform": "$(BuildPlatform)",
              "configuration": "$(BuildConfiguration)",
              "clean": "true",
              "maximumCpuCount": "false",
              "restoreNugetPackages": "false",
              "msbuildArchitecture": "x86",
              "logProjectEvents": "true",
              "createLogFile": "false",
              "logFileVerbosity": "normal"
            }
          },
          {
            "environment": {},
            "enabled": true,
            "continueOnError": true,
            "alwaysRun": false,
            "displayName": "Build: Tier1 KeyVault template",
            "timeoutInMinutes": 0,
            "condition": "succeeded()",
            "task": {
              "id": "71a9a2d3-a98a-4caa-96ab-affca411ecda",
              "versionSpec": "1.*",
              "definitionType": "task"
            },
            "inputs": {
              "solution": "CodeBlocks/Modules/Tier1/KeyVault/Key_Vault_2.0.sln",
              "vsVersion": "15.0",
              "msbuildArgs": "",
              "platform": "$(BuildPlatform)",
              "configuration": "$(BuildConfiguration)",
              "clean": "true",
              "maximumCpuCount": "false",
              "restoreNugetPackages": "false",
              "msbuildArchitecture": "x86",
              "logProjectEvents": "true",
              "createLogFile": "false",
              "logFileVerbosity": "normal"
            }
          },
          {
            "environment": {},
            "enabled": true,
            "continueOnError": true,
            "alwaysRun": false,
            "displayName": "Build: Tier1 Application Insights template",
            "timeoutInMinutes": 0,
            "condition": "succeeded()",
            "task": {
              "id": "71a9a2d3-a98a-4caa-96ab-affca411ecda",
              "versionSpec": "1.*",
              "definitionType": "task"
            },
            "inputs": {
              "solution": "CodeBlocks/Modules/Tier1/ApplicationInsights/Application_Insights_2.0.sln",
              "vsVersion": "15.0",
              "msbuildArgs": "",
              "platform": "$(BuildPlatform)",
              "configuration": "$(BuildConfiguration)",
              "clean": "true",
              "maximumCpuCount": "false",
              "restoreNugetPackages": "false",
              "msbuildArchitecture": "x86",
              "logProjectEvents": "true",
              "createLogFile": "false",
              "logFileVerbosity": "normal"
            }
          },
          {
            "environment": {},
            "enabled": true,
            "continueOnError": true,
            "alwaysRun": false,
            "displayName": "Build: Tier2 Azure SQL template",
            "timeoutInMinutes": 0,
            "condition": "succeeded()",
            "task": {
              "id": "71a9a2d3-a98a-4caa-96ab-affca411ecda",
              "versionSpec": "1.*",
              "definitionType": "task"
            },
            "inputs": {
              "solution": "CodeBlocks/Modules/Tier2/SQLServer/SQL_Server_2.0.sln",
              "vsVersion": "15.0",
              "msbuildArgs": "",
              "platform": "$(BuildPlatform)",
              "configuration": "$(BuildConfiguration)",
              "clean": "true",
              "maximumCpuCount": "false",
              "restoreNugetPackages": "false",
              "msbuildArchitecture": "x86",
              "logProjectEvents": "true",
              "createLogFile": "false",
              "logFileVerbosity": "normal"
            }
          },
          {
            "environment": {},
            "enabled": true,
            "continueOnError": true,
            "alwaysRun": false,
            "displayName": "Build: Tier2 Azure App Service template",
            "timeoutInMinutes": 0,
            "condition": "succeeded()",
            "task": {
              "id": "71a9a2d3-a98a-4caa-96ab-affca411ecda",
              "versionSpec": "1.*",
              "definitionType": "task"
            },
            "inputs": {
              "solution": "CodeBlocks/Modules/Tier2/AppServices/App_Services_2.0.sln",
              "vsVersion": "15.0",
              "msbuildArgs": "",
              "platform": "$(BuildPlatform)",
              "configuration": "$(BuildConfiguration)",
              "clean": "true",
              "maximumCpuCount": "false",
              "restoreNugetPackages": "false",
              "msbuildArchitecture": "x86",
              "logProjectEvents": "true",
              "createLogFile": "false",
              "logFileVerbosity": "normal"
            }
          },
          {
            "environment": {},
            "enabled": true,
            "continueOnError": false,
            "alwaysRun": false,
            "displayName": "Publish Artifact: Solution Files",
            "timeoutInMinutes": 0,
            "condition": "succeeded()",
            "task": {
              "id": "2ff763a7-ce83-4e1f-bc89-0ae63477cebe",
              "versionSpec": "1.*",
              "definitionType": "task"
            },
            "inputs": {
              "PathtoPublish": "$(Build.ArtifactStagingDirectory)",
              "ArtifactName": "Solution Files",
              "ArtifactType": "Container",
              "TargetPath": "",
              "Parallel": "false",
              "ParallelCount": "8"
            }
          }
        ],
        "name": "All Builds",
        "refName": "Job_1",
        "condition": "succeeded()",
        "target": {
          "executionOptions": {
            "type": 0
          },
          "allowScriptsAuthAccessOption": false,
          "type": 1,
          "queue": "{}"
        },
        "jobAuthorizationScope": "projectCollection"
      }
    ],
    "type": 1
  },
  "repository": {
    "properties": {
      "labelSources": "0",
      "labelSourcesFormat": "$(build.buildNumber)",
      "reportBuildStatus": "true",
      "fetchDepth": "0",
      "cleanOptions": "0",
      "gitLfsSupport": "false",
      "skipSyncSource": "false",
      "checkoutNestedSubmodules": "false",
      "connectedServiceId": ""
    },
    "id": "$DevOps-Dojo-IaC$",
    "type": "TfsGit",
    "name": "DevOps-Dojo-IaC",
    "url": "",
    "defaultBranch": "refs/heads/master",
    "clean": null,
    "checkoutSubmodules": false
  },
  "processParameters": {},
  "quality": "definition",
  "authoredBy": "{}",
  "drafts": [],
  "queue": {
    "_links": "{}",
    "id": "",
    "name": "Hosted VS2017",
    "url": "",
    "pool": {
      "id": "",
      "name": "Hosted VS2017",
      "isHosted": true
    }
  },
  "id": "",
  "name": "Build Shared Services and PaaS",
  "url": "",
  "uri": "",
  "path": "\\",
  "type": "build",
  "queueStatus": "enabled",
  "revision": 2,
  "createdDate": "",
  "project": "{}"
}