{
  "count": 1,
  "value": [
    {
      "id": 35290,
      "rev": 1,
      "fields": {
        "System.AreaPath": "$ProjectName$",
        "System.TeamProject": "$ProjectName$",
        "System.IterationPath": "$ProjectName$",
        "System.WorkItemType": "Bug",
        "System.State": "New",
        "System.Reason": "New defect reported",
        "System.CreatedDate": "2019-09-17T12:29:02.633Z",
        "System.CreatedBy": "Roberto Borges <roborges@microsoft.com>",
        "System.ChangedDate": "2019-09-17T12:29:02.633Z",
        "System.ChangedBy": "Roberto Borges <roborges@microsoft.com>",
        "System.Title": "This is a bug test",
        "Microsoft.VSTS.Scheduling.Effort": 0.0,
        "System.Description": null,
        "System.AssignedTo": null,
        "Microsoft.VSTS.Scheduling.RemainingWork": 0.0,
        "Microsoft.VSTS.Common.Priority": 2.0,
        "System.BoardLane": null,
        "System.Tags": null,
        "Microsoft.VSTS.TCM.Steps": null,
        "Microsoft.VSTS.TCM.Parameters": null,
        "Microsoft.VSTS.TCM.LocalDataSource": null,
        "Microsoft.VSTS.TCM.AutomationStatus": null,
        "System.History": null
      },
      "relations": null,
      "url": "https://dev.azure.com/servicescode/_apis/wit/workItems/35290"
    }
  ],
  "HttpStatusCode": 0,
  "Message": null
}