{
    "source": 2,
    "revision": 38,
    "description": null,
    "createdBy": {
        "displayName": "Aakanksha .",
        "url": "https://vssps.dev.azure.com/e/Microsoft/_apis/Identities/cb9715f6-e4a0-6958-99d4-f54dba591bb5",
        "_links": {
            "avatar": {
                "href": "https://#OragnizationName#.visualstudio.com/_apis/GraphProfile/MemberAvatars/aad.Y2I5NzE1ZjYtZTRhMC03OTU4LTk5ZDQtZjU0ZGJhNTkxYmI1"
            }
        },
        "id": "cb9715f6-e4a0-6958-99d4-f54dba591bb5",
        "uniqueName": "aak@microsoft.com",
        "imageUrl": "https://#OragnizationName#.visualstudio.com/_apis/GraphProfile/MemberAvatars/aad.Y2I5NzE1ZjYtZTRhMC03OTU4LTk5ZDQtZjU0ZGJhNTkxYmI1",
        "descriptor": "aad.Y2I5NzE1ZjYtZTRhMC03OTU4LTk5ZDQtZjU0ZGJhNTkxYmI1"
    },
    "createdOn": "2019-07-16T11:57:41.697Z",
    "modifiedBy": {
        "displayName": "Aakanksha .",
        "url": "https://vssps.dev.azure.com/e/Microsoft/_apis/Identities/cb9715f6-e4a0-6958-99d4-f54dba591bb5",
        "_links": {
            "avatar": {
                "href": "https://#OragnizationName#.visualstudio.com/_apis/GraphProfile/MemberAvatars/aad.Y2I5NzE1ZjYtZTRhMC03OTU4LTk5ZDQtZjU0ZGJhNTkxYmI1"
            }
        },
        "id": "cb9715f6-e4a0-6958-99d4-f54dba591bb5",
        "uniqueName": "aak@microsoft.com",
        "imageUrl": "https://#OragnizationName#.visualstudio.com/_apis/GraphProfile/MemberAvatars/aad.Y2I5NzE1ZjYtZTRhMC03OTU4LTk5ZDQtZjU0ZGJhNTkxYmI1",
        "descriptor": "aad.Y2I5NzE1ZjYtZTRhMC03OTU4LTk5ZDQtZjU0ZGJhNTkxYmI1"
    },
    "modifiedOn": "2019-09-26T13:29:32.490Z",
    "isDeleted": false,
    "lastRelease": {
        "id": 207,
        "name": "Release-57",
        "artifacts": [],
        "_links": {},
        "description": "",
        "releaseDefinition": {
            "id": 2,
            "projectReference": null,
            "_links": {}
        },
        "createdOn": "2019-09-26T13:29:46.447Z",
        "createdBy": {
            "displayName": "Aakanksha .",
            "url": "https://vssps.dev.azure.com/e/Microsoft/_apis/Identities/cb9715f6-e4a0-6958-99d4-f54dba591bb5",
            "_links": {
                "avatar": {
                    "href": "https://#OragnizationName#.visualstudio.com/_apis/GraphProfile/MemberAvatars/aad.Y2I5NzE1ZjYtZTRhMC03OTU4LTk5ZDQtZjU0ZGJhNTkxYmI1"
                }
            },
            "id": "cb9715f6-e4a0-6958-99d4-f54dba591bb5",
            "uniqueName": "aak@microsoft.com",
            "imageUrl": "https://#OragnizationName#.visualstudio.com/_apis/GraphProfile/MemberAvatars/aad.Y2I5NzE1ZjYtZTRhMC03OTU4LTk5ZDQtZjU0ZGJhNTkxYmI1",
            "descriptor": "aad.Y2I5NzE1ZjYtZTRhMC03OTU4LTk5ZDQtZjU0ZGJhNTkxYmI1"
        }
    },
    "variables": {
        "system.debug": {
            "value": "true"
        }
    },
    "variableGroups": [
    	#Bookings-DEV#
         ],
    "environments": [
        {
            "id": 2,
            "name": "Release to DEV",
            "rank": 1,
            "owner": {
                "displayName": "Aakanksha .",
                "url": "https://vssps.dev.azure.com/e/Microsoft/_apis/Identities/cb9715f6-e4a0-6958-99d4-f54dba591bb5",
                "_links": {
                    "avatar": {
                        "href": "https://#OragnizationName#.visualstudio.com/_apis/GraphProfile/MemberAvatars/aad.Y2I5NzE1ZjYtZTRhMC03OTU4LTk5ZDQtZjU0ZGJhNTkxYmI1"
                    }
                },
                "id": "cb9715f6-e4a0-6958-99d4-f54dba591bb5",
                "uniqueName": "aak@microsoft.com",
                "imageUrl": "https://#OragnizationName#.visualstudio.com/_apis/GraphProfile/MemberAvatars/aad.Y2I5NzE1ZjYtZTRhMC03OTU4LTk5ZDQtZjU0ZGJhNTkxYmI1",
                "descriptor": "aad.Y2I5NzE1ZjYtZTRhMC03OTU4LTk5ZDQtZjU0ZGJhNTkxYmI1"
            },
            "variables": {},
            "variableGroups": [
                #All-Stages-Booking#

            ],
            "preDeployApprovals": {
                "approvals": [
                    {
                        "rank": 1,
                        "isAutomated": true,
                        "isNotificationOn": false,
                        "id": 4
                    }
                ],
                "approvalOptions": {
                    "requiredApproverCount": null,
                    "releaseCreatorCanBeApprover": false,
                    "autoTriggeredAndPreviousEnvironmentApprovedCanBeSkipped": false,
                    "enforceIdentityRevalidation": false,
                    "timeoutInMinutes": 0,
                    "executionOrder": 1
                }
            },
            "deployStep": {
                "id": 5
            },
            "postDeployApprovals": {
                "approvals": [
                    {
                        "rank": 1,
                        "isAutomated": true,
                        "isNotificationOn": false,
                        "id": 6
                    }
                ],
                "approvalOptions": {
                    "requiredApproverCount": null,
                    "releaseCreatorCanBeApprover": false,
                    "autoTriggeredAndPreviousEnvironmentApprovedCanBeSkipped": false,
                    "enforceIdentityRevalidation": false,
                    "timeoutInMinutes": 0,
                    "executionOrder": 2
                }
            },
            "deployPhases": [
                {
                    "deploymentInput": {
                        "parallelExecution": {
                            "parallelExecutionType": 0
                        },
                        "agentSpecification": {
                            "identifier": "vs2017-win2016"
                        },
                        "skipArtifactsDownload": false,
                        "artifactsDownloadInput": {
                            "downloadInputs": [
                                {
                                    "alias": "_Build Shared Services and PaaS",
                                    "artifactType": "Build",
                                    "artifactDownloadMode": "All",
                                    "artifactItems": []
                                }
                            ]
                        },
                        "queueId": #Queid5102#,
                        "demands": [],
                        "enableAccessToken": false,
                        "timeoutInMinutes": 0,
                        "jobCancelTimeoutInMinutes": 1,
                        "condition": "succeeded()",
                        "overrideInputs": {}
                    },
                    "rank": 1,
                    "phaseType": 1,
                    "name": "Provision and Deploy",
                    "refName": null,
                    "workflowTasks": [
                        {
                            "environment": {},
                            "taskId": "#Bookings-CD-Base#",
                            "version": "1.*",
                            "name": "Task group: Bookings-CD-Base $(administratorLogin)",
                            "refName": "",
                            "enabled": true,
                            "alwaysRun": true,
                            "continueOnError": true,
                            "timeoutInMinutes": 0,
                            "definitionType": "metaTask",
                            "overrideInputs": {},
                            "condition": "succeededOrFailed()",
                            "inputs": {
                                "administratorLogin": "$(administratorLogin)",
                                "administratorsid": "$(administratorsid)",
                                "appserviceplan": "$(appserviceplan)",
                                "authenticationMode": "$(authenticationMode)",
                                "databasename": "$(databasename)",
                                "resourcegroup": "$(resourcegroup)",
                                "rglocation": "$(rglocation)",
                                "securitylogstorageaccountaccesskey": "$(securitylogstorageaccountaccesskey)",
                                "securitylogstorageaccountendpoint": "$(securitylogstorageaccountendpoint)",
                                "sqlserver": "$(sqlserver)",
                                "sqlserveradmin": "$(sqlserveradmin)",
                                "sqlserveradministratorpassword": "$(sqlserveradministratorpassword)",
                                "webapp": "$(webapp)"
                            }
                        }
                    ]
                }
            ],
            "environmentOptions": {
                "emailNotificationType": "OnlyOnFailure",
                "emailRecipients": "release.environment.owner;release.creator",
                "skipArtifactsDownload": false,
                "timeoutInMinutes": 0,
                "enableAccessToken": false,
                "publishDeploymentStatus": true,
                "badgeEnabled": false,
                "autoLinkWorkItems": false,
                "pullRequestDeploymentEnabled": true
            },
            "demands": [],
            "conditions": [
                {
                    "name": "ReleaseStarted",
                    "conditionType": 1,
                    "value": ""
                }
            ],
            "executionPolicy": {
                "concurrencyCount": 1,
                "queueDepthCount": 0
            },
            "schedules": [],
            "currentRelease": {
                "id": 207,
                "url": "https://#OragnizationName#.vsrm.visualstudio.com/#ProjectID#/_apis/Release/releases/207",
                "_links": {}
            },
            "retentionPolicy": {
                "daysToKeep": 30,
                "releasesToKeep": 3,
                "retainBuild": true
            },
            "processParameters": {},
            "properties": {
                "LinkBoardsWorkItems": {
                    "$type": "System.String",
                    "$value": "False"
                }
            },
            "preDeploymentGates": {
                "id": 0,
                "gatesOptions": {
                    "isEnabled": false,
                    "timeout": 1440,
                    "samplingInterval": 15,
                    "stabilizationTime": 5,
                    "minimumSuccessDuration": 0
                },
                "gates": []
            },
            "postDeploymentGates": {
                "id": 0,
                "gatesOptions": null,
                "gates": []
            },
            "environmentTriggers": [],
            "badgeUrl": "https://#OragnizationName#.vsrm.visualstudio.com/_apis/public/Release/badge/#ProjectID#/2/2"
        },
        {
            "id": 4,
            "name": "Undeploy DEV",
            "rank": 2,
            "owner": {
                "displayName": "Aakanksha .",
                "url": "https://vssps.dev.azure.com/e/Microsoft/_apis/Identities/cb9715f6-e4a0-6958-99d4-f54dba591bb5",
                "_links": {
                    "avatar": {
                        "href": "https://#OragnizationName#.visualstudio.com/_apis/GraphProfile/MemberAvatars/aad.Y2I5NzE1ZjYtZTRhMC03OTU4LTk5ZDQtZjU0ZGJhNTkxYmI1"
                    }
                },
                "id": "cb9715f6-e4a0-6958-99d4-f54dba591bb5",
                "uniqueName": "aak@microsoft.com",
                "imageUrl": "https://#OragnizationName#.visualstudio.com/_apis/GraphProfile/MemberAvatars/aad.Y2I5NzE1ZjYtZTRhMC03OTU4LTk5ZDQtZjU0ZGJhNTkxYmI1",
                "descriptor": "aad.Y2I5NzE1ZjYtZTRhMC03OTU4LTk5ZDQtZjU0ZGJhNTkxYmI1"
            },
            "variables": {},
            "variableGroups": [
                #All-Stages-Booking#

            ],
            "preDeployApprovals": {
                "approvals": [
                    {
                        "rank": 1,
                        "isAutomated": false,
                        "isNotificationOn": false,
                        "approver": {
                            "displayName": "[#ProjectName#]\\#ProjectName# Team",
                            "url": "https://vssps.dev.azure.com/e/Microsoft/_apis/Identities/992a641a-9d90-47f1-bcaf-017c3602776e",
                            "_links": {
                                "avatar": {
                                    "href": "https://#OragnizationName#.visualstudio.com/_apis/GraphProfile/MemberAvatars/vssgp.Uy0xLTktMTU1MTM3NDI0NS0xNzg1NzUwNjIzLTQxNTY0Njc4OC0yNDE0NjQ5Mzk5LTM3OTMzMTk0NDgtMS0zNzc0MjY5NTI1LTg5Njg5NjA3Ni0yMjU5Nzg3NjIyLTMwMjgwMDI1NTY"
                                }
                            },
                            "id": "992a641a-9d90-47f1-bcaf-017c3602776e",
                            "uniqueName": "vstfs:///Classification/TeamProject/#ProjectID#\\#ProjectName# Team",
                            "imageUrl": "https://#OragnizationName#.visualstudio.com/_apis/GraphProfile/MemberAvatars/vssgp.Uy0xLTktMTU1MTM3NDI0NS0xNzg1NzUwNjIzLTQxNTY0Njc4OC0yNDE0NjQ5Mzk5LTM3OTMzMTk0NDgtMS0zNzc0MjY5NTI1LTg5Njg5NjA3Ni0yMjU5Nzg3NjIyLTMwMjgwMDI1NTY",
                            "isContainer": true,
                            "descriptor": "vssgp.Uy0xLTktMTU1MTM3NDI0NS0xNzg1NzUwNjIzLTQxNTY0Njc4OC0yNDE0NjQ5Mzk5LTM3OTMzMTk0NDgtMS0zNzc0MjY5NTI1LTg5Njg5NjA3Ni0yMjU5Nzg3NjIyLTMwMjgwMDI1NTY"
                        },
                        "id": 13
                    }
                ],
                "approvalOptions": {
                    "requiredApproverCount": null,
                    "releaseCreatorCanBeApprover": true,
                    "autoTriggeredAndPreviousEnvironmentApprovedCanBeSkipped": false,
                    "enforceIdentityRevalidation": false,
                    "timeoutInMinutes": 0,
                    "executionOrder": 1
                }
            },
            "deployStep": {
                "id": 11
            },
            "postDeployApprovals": {
                "approvals": [
                    {
                        "rank": 1,
                        "isAutomated": true,
                        "isNotificationOn": false,
                        "id": 12
                    }
                ],
                "approvalOptions": {
                    "requiredApproverCount": null,
                    "releaseCreatorCanBeApprover": false,
                    "autoTriggeredAndPreviousEnvironmentApprovedCanBeSkipped": false,
                    "enforceIdentityRevalidation": false,
                    "timeoutInMinutes": 0,
                    "executionOrder": 2
                }
            },
            "deployPhases": [
                {
                    "deploymentInput": {
                        "parallelExecution": {
                            "parallelExecutionType": 0
                        },
                        "agentSpecification": {
                            "identifier": "vs2017-win2016"
                        },
                        "skipArtifactsDownload": false,
                        "artifactsDownloadInput": {
                            "downloadInputs": []
                        },
                        "queueId": #Queid5102#,
                        "demands": [],
                        "enableAccessToken": false,
                        "timeoutInMinutes": 0,
                        "jobCancelTimeoutInMinutes": 1,
                        "condition": "succeeded()",
                        "overrideInputs": {}
                    },
                    "rank": 1,
                    "phaseType": 1,
                    "name": "Undeploy DEV",
                    "refName": null,
                    "workflowTasks": [
                        {
                            "environment": {},
                            "taskId": "72a1931b-effb-4d2e-8fd8-f8472a07cb62",
                            "version": "4.*",
                            "name": "Azure PowerShell script: FilePath",
                            "refName": "",
                            "enabled": true,
                            "alwaysRun": false,
                            "continueOnError": false,
                            "timeoutInMinutes": 0,
                            "definitionType": "task",
                            "overrideInputs": {},
                            "condition": "succeeded()",
                            "inputs": {
                                "ConnectedServiceNameARM": "#ConnectedServiceName#",
                                "ScriptType": "FilePath",
                                "ScriptPath": "$(System.DefaultWorkingDirectory)/_Bookings-CI-BuildnUTs/drop/ModernizationWithAppServiceDotNET/SmartHotel360.Registration.ARM/AppServices/UndeployAppService.ps1",
                                "Inline": "# You can write your azure powershell scripts inline here. \n# You can also pass predefined and custom variables to this script using arguments",
                                "ScriptArguments": "-ResourceGroupName '$(resourcegroup)' -WebAppName '$(webapp)' -AppServicePlanName '$(appserviceplan)' -SqlServerName '$(sqlserver)'",
                                "errorActionPreference": "stop",
                                "FailOnStandardError": "false",
                                "TargetAzurePs": "LatestVersion",
                                "CustomTargetAzurePs": ""
                            }
                        }
                    ]
                }
            ],
            "environmentOptions": {
                "emailNotificationType": "OnlyOnFailure",
                "emailRecipients": "release.environment.owner;release.creator",
                "skipArtifactsDownload": false,
                "timeoutInMinutes": 0,
                "enableAccessToken": false,
                "publishDeploymentStatus": true,
                "badgeEnabled": false,
                "autoLinkWorkItems": false,
                "pullRequestDeploymentEnabled": false
            },
            "demands": [],
            "conditions": [
                {
                    "name": "Release to DEV",
                    "conditionType": 2,
                    "value": "132"
                }
            ],
            "executionPolicy": {
                "concurrencyCount": 1,
                "queueDepthCount": 0
            },
            "schedules": [],
            "currentRelease": {
                "id": 9,
                "url": "https://#OragnizationName#.vsrm.visualstudio.com/#ProjectID#/_apis/Release/releases/9",
                "_links": {}
            },
            "retentionPolicy": {
                "daysToKeep": 30,
                "releasesToKeep": 3,
                "retainBuild": true
            },
            "processParameters": {},
            "properties": {
                "LinkBoardsWorkItems": {
                    "$type": "System.String",
                    "$value": "False"
                }
            },
            "preDeploymentGates": {
                "id": 0,
                "gatesOptions": null,
                "gates": []
            },
            "postDeploymentGates": {
                "id": 0,
                "gatesOptions": null,
                "gates": []
            },
            "environmentTriggers": [],
            "badgeUrl": "https://#OragnizationName#.vsrm.visualstudio.com/_apis/public/Release/badge/#ProjectID#/2/4"
        }
    ],
    "artifacts": [
        {
            "sourceId": "#ProjectID#:390",
            "type": "Build",
            "alias": "_Bookings-CI",
            "definitionReference": {
                "artifactSourceDefinitionUrl": {
                    "id": "https://#OragnizationName#.visualstudio.com/_permalink/_build/index?collectionId=353e3837-8e17-443a-a6fe-81c6faabbf5e&projectId=#ProjectID#&definitionId=390",
                    "name": ""
                },
                "defaultVersionBranch": {
                    "id": "",
                    "name": ""
                },
                "defaultVersionSpecific": {
                    "id": "",
                    "name": ""
                },
                "defaultVersionTags": {
                    "id": "",
                    "name": ""
                },
                "defaultVersionType": {
                    "id": "latestType",
                    "name": "Latest"
                },
                "definition": {
                    "id": "390",
                    "name": "Bookings-CI-Base"
                },
                "definitions": {
                    "id": "",
                    "name": ""
                },
                "IsMultiDefinitionType": {
                    "id": "False",
                    "name": "False"
                },
                "project": {
                    "id": "#ProjectID#",
                    "name": "#ProjectName#"
                },
                "repository": {
                    "id": "",
                    "name": ""
                }
            },
            "isRetained": false
        },
        {
            "sourceId": "#ProjectID#:306",
            "type": "Build",
            "alias": "_Build Shared Services and PaaS",
            "definitionReference": {
                "artifactSourceDefinitionUrl": {
                    "id": "https://#OragnizationName#.visualstudio.com/_permalink/_build/index?collectionId=353e3837-8e17-443a-a6fe-81c6faabbf5e&projectId=#ProjectID#&definitionId=306",
                    "name": ""
                },
                "defaultVersionBranch": {
                    "id": "",
                    "name": ""
                },
                "defaultVersionSpecific": {
                    "id": "",
                    "name": ""
                },
                "defaultVersionTags": {
                    "id": "",
                    "name": ""
                },
                "defaultVersionType": {
                    "id": "latestType",
                    "name": "Latest"
                },
                "definition": {
                    "id": "306",
                    "name": "Build Shared Services and PaaS"
                },
                "definitions": {
                    "id": "",
                    "name": ""
                },
                "IsMultiDefinitionType": {
                    "id": "False",
                    "name": "False"
                },
                "project": {
                    "id": "#ProjectID#",
                    "name": "#ProjectName#"
                },
                "repository": {
                    "id": "",
                    "name": ""
                }
            },
            "isPrimary": true,
            "isRetained": false
        }
    ],
    "triggers": [
        {
            "artifactAlias": "_Bookings-CI",
            "triggerConditions": [
                {
                    "sourceBranch": "master",
                    "tags": [],
                    "tagFilter": null,
                    "useBuildDefinitionBranch": false,
                    "createReleaseOnBuildTagging": false
                }
            ],
            "triggerType": 1
        }
    ],
    "releaseNameFormat": "Release-$(rev:r)",
    "tags": [],
    "properties": {
        "DefinitionCreationSource": {
            "$type": "System.String",
            "$value": "ReleaseImport"
        },
        "IntegrateJiraWorkItems": {
            "$type": "System.String",
            "$value": "false"
        },
        "IntegrateBoardsWorkItems": {
            "$type": "System.String",
            "$value": "False"
        }
    },
    "id": 2,
    "name": "Bookings-CD-Base",
    "path": "\\#ProjectName#-Bookings-CD",
    "projectReference": null,
    "url": "https://#OragnizationName#.vsrm.visualstudio.com/#ProjectID#/_apis/Release/definitions/2",
    "_links": {
        "self": {
            "href": "https://#OragnizationName#.vsrm.visualstudio.com/#ProjectID#/_apis/Release/definitions/2"
        },
        "web": {
            "href": "https://#OragnizationName#.visualstudio.com/#ProjectID#/_release?definitionId=2"
        }
    }
}