{
  "data": {
    "environment": "AzureCloud",
    "subscriptionId": "f2e68202-1605-4760-aa3d-b9859a54acb2",
    "subscriptionName": "ES-INT-DOJO-DEV-DOJOWB",
    "scopeLevel": "Subscription"
  },
  "name": "KeyVault-Service-Principal",
  "type": "azurerm",
  "url": "https://management.azure.com/",
  "authorization": {
    "parameters": {
      "tenantId": "72f988bf-86f1-41af-91ab-2d7cd011db47",
      "servicePrincipalId": "7f561c6b-1cdb-4380-9f71-3ac984d70545",
      "authenticationType": "spnKey",
      "servicePrincipalKey": "spnKey"
    },
    "scheme": "ServicePrincipal"
  },
  "isShared": false,
  "isReady": true,
  "owner": "Library"
}