{
  "count": 2,
  "value": [
    {
      "id": 280,
      "rev": 2,
      "fields": {
        "System.AreaPath": "$ProjectName$",
        "System.TeamProject": "$ProjectName$",
        "System.IterationPath": "$ProjectName$",
        "System.WorkItemType": "Bug",
        "System.State": "Approved",
        "System.Reason": "Approved by the Product Owner",
        "System.CreatedDate": "2019-10-15T11:54:33.663Z",
        "System.CreatedBy": "jayasimha madhira <v-jamad@microsoft.com>",
        "System.ChangedDate": "2019-10-15T11:54:40.773Z",
        "System.ChangedBy": "jayasimha madhira <v-jamad@microsoft.com>",
        "System.Title": "testbug",
        "Microsoft.VSTS.Scheduling.Effort": 0.0,
        "System.Description": null,
        "System.AssignedTo": "jayasimha madhira <v-jamad@microsoft.com>",
        "Microsoft.VSTS.Scheduling.RemainingWork": 0.0,
        "Microsoft.VSTS.Common.Priority": 2.0,
        "System.BoardLane": null,
        "System.Tags": null,
        "Microsoft.VSTS.TCM.Steps": null,
        "Microsoft.VSTS.TCM.Parameters": null,
        "Microsoft.VSTS.TCM.LocalDataSource": null,
        "Microsoft.VSTS.TCM.AutomationStatus": null,
        "System.History": null
      },
      "relations": null,
      "url": "https://dev.azure.com/abcdsse/_apis/wit/workItems/280"
    },
    {
      "id": 218,
      "rev": 2,
      "fields": {
        "System.AreaPath": "$ProjectName$",
        "System.TeamProject": "$ProjectName$",
        "System.IterationPath": "$ProjectName$",
        "System.WorkItemType": "Bug",
        "System.State": "New",
        "System.Reason": "New defect reported",
        "System.CreatedDate": "2019-10-11T14:00:03.14Z",
        "System.CreatedBy": "vigarudi <vigarudi@microsoft.com>",
        "System.ChangedDate": "2019-10-15T06:50:37.827Z",
        "System.ChangedBy": "Durga Prasad Booga <v-dup@microsoft.com>",
        "System.Title": "This is a bug test",
        "Microsoft.VSTS.Scheduling.Effort": 0.0,
        "System.Description": "This is a bug test",
        "System.AssignedTo": "craig109@outlook.com",
        "Microsoft.VSTS.Scheduling.RemainingWork": 0.0,
        "Microsoft.VSTS.Common.Priority": 2.0,
        "System.BoardLane": null,
        "System.Tags": null,
        "Microsoft.VSTS.TCM.Steps": null,
        "Microsoft.VSTS.TCM.Parameters": null,
        "Microsoft.VSTS.TCM.LocalDataSource": null,
        "Microsoft.VSTS.TCM.AutomationStatus": null,
        "System.History": null
      },
      "relations": null,
      "url": "https://dev.azure.com/abcdsse/_apis/wit/workItems/218"
    }
  ],
  "HttpStatusCode": 0,
  "Message": null
}