{
  "count": 9,
  "value": [
    {
      "id": 230,
      "rev": 2,
      "fields": {
        "System.AreaPath": "$ProjectName$",
        "System.TeamProject": "$ProjectName$",
        "System.IterationPath": "$ProjectName$\\Sprint 1",
        "System.WorkItemType": "Feature",
        "System.State": "New",
        "System.Reason": "New feature",
        "System.CreatedDate": "2019-10-11T14:00:05.887Z",
        "System.CreatedBy": "vigarudi <vigarudi@microsoft.com>",
        "System.ChangedDate": "2019-10-21T08:23:47.7Z",
        "System.ChangedBy": "vigarudi <vigarudi@microsoft.com>",
        "System.Title": "CP-Feature1",
        "Microsoft.VSTS.Scheduling.Effort": 0.0,
        "System.Description": "CP-Feature1",
        "System.AssignedTo": "craig109@outlook.com",
        "Microsoft.VSTS.Scheduling.RemainingWork": 0.0,
        "Microsoft.VSTS.Common.Priority": 2.0,
        "System.BoardLane": null,
        "System.Tags": null,
        "Microsoft.VSTS.TCM.Steps": null,
        "Microsoft.VSTS.TCM.Parameters": null,
        "Microsoft.VSTS.TCM.LocalDataSource": null,
        "Microsoft.VSTS.TCM.AutomationStatus": null,
        "System.History": null
      },
      "relations": [
        {
          "rel": "System.LinkTypes.Hierarchy-Reverse",
          "url": "https://dev.azure.com/abcdsse/_apis/wit/workItems/220",
          "attributes": {
            "isLocked": "false",
            "comment": "Making a new link for the dependency",
            "name": "Parent"
          }
        }
      ],
      "url": "https://dev.azure.com/abcdsse/_apis/wit/workItems/230"
    },
    {
      "id": 229,
      "rev": 2,
      "fields": {
        "System.AreaPath": "$ProjectName$",
        "System.TeamProject": "$ProjectName$",
        "System.IterationPath": "$ProjectName$\\Sprint 1",
        "System.WorkItemType": "Feature",
        "System.State": "New",
        "System.Reason": "New feature",
        "System.CreatedDate": "2019-10-11T14:00:05.643Z",
        "System.CreatedBy": "vigarudi <vigarudi@microsoft.com>",
        "System.ChangedDate": "2019-10-21T08:23:47.7Z",
        "System.ChangedBy": "vigarudi <vigarudi@microsoft.com>",
        "System.Title": "Dojo White Belt - 8 - Continuous Feedback",
        "Microsoft.VSTS.Scheduling.Effort": 0.0,
        "System.Description": "<div><span><strong style=\"box-sizing:border-box;color:rgba(0, 0, 0, 0.9);font-size:15px;font-weight:700;\">Continuous Feedback</strong><span style=\"display:inline !important;background-color:rgba(255, 255, 255, 1);color:rgba(0, 0, 0, 0.9);font-size:15px;\"> is a practice that encompasses all the feedback loops across the whole DevOps landscape. Their goals is to provide input into continuous improvement at all levels, including how the services perform and how the organization building and operating these services performs. In White Belt, we are focusing on Continuous Measurement. The principle is if you can’t measure it, you can’t manage it.  In this section, we will look at DevOps measurement from business view, industry view, functional view, architectural view and technical view.</span><br></span></div>",
        "System.AssignedTo": "craig109@outlook.com",
        "Microsoft.VSTS.Scheduling.RemainingWork": 0.0,
        "Microsoft.VSTS.Common.Priority": 2.0,
        "System.BoardLane": null,
        "System.Tags": null,
        "Microsoft.VSTS.TCM.Steps": null,
        "Microsoft.VSTS.TCM.Parameters": null,
        "Microsoft.VSTS.TCM.LocalDataSource": null,
        "Microsoft.VSTS.TCM.AutomationStatus": null,
        "System.History": null
      },
      "relations": [
        {
          "rel": "System.LinkTypes.Hierarchy-Reverse",
          "url": "https://dev.azure.com/abcdsse/_apis/wit/workItems/219",
          "attributes": {
            "isLocked": "false",
            "comment": "Making a new link for the dependency",
            "name": "Parent"
          }
        },
        {
          "rel": "System.LinkTypes.Hierarchy-Forward",
          "url": "https://dev.azure.com/abcdsse/_apis/wit/workItems/236",
          "attributes": {
            "isLocked": "false",
            "comment": "Making a new link for the dependency",
            "name": "Child"
          }
        }
      ],
      "url": "https://dev.azure.com/abcdsse/_apis/wit/workItems/229"
    },
    {
      "id": 228,
      "rev": 2,
      "fields": {
        "System.AreaPath": "$ProjectName$",
        "System.TeamProject": "$ProjectName$",
        "System.IterationPath": "$ProjectName$\\Sprint 1",
        "System.WorkItemType": "Feature",
        "System.State": "New",
        "System.Reason": "New feature",
        "System.CreatedDate": "2019-10-11T14:00:05.27Z",
        "System.CreatedBy": "vigarudi <vigarudi@microsoft.com>",
        "System.ChangedDate": "2019-10-21T08:23:47.7Z",
        "System.ChangedBy": "vigarudi <vigarudi@microsoft.com>",
        "System.Title": "Dojo White Belt - 7 - Continuous Collaboration",
        "Microsoft.VSTS.Scheduling.Effort": 0.0,
        "System.Description": "<div><span><strong style=\"box-sizing:border-box;color:rgba(0, 0, 0, 0.9);font-size:15px;font-weight:700;\">Continuous collaboration</strong><span style=\"display:inline !important;background-color:rgba(255, 255, 255, 1);color:rgba(0, 0, 0, 0.9);font-size:15px;\"> is a practice that supports the cultural shifts that are key to any DevOps journey. Breaking down silos using technologies and practices like ChatOps make it possible for teams to work together even in conditions where the ideal co-location can be reached.  ChatOps is one of the novel approaches to support continuous collaboration by DevOps teams.</span><br></span></div>",
        "System.AssignedTo": "vigarudi <vigarudi@microsoft.com>",
        "Microsoft.VSTS.Scheduling.RemainingWork": 0.0,
        "Microsoft.VSTS.Common.Priority": 3.0,
        "System.BoardLane": null,
        "System.Tags": null,
        "Microsoft.VSTS.TCM.Steps": null,
        "Microsoft.VSTS.TCM.Parameters": null,
        "Microsoft.VSTS.TCM.LocalDataSource": null,
        "Microsoft.VSTS.TCM.AutomationStatus": null,
        "System.History": null
      },
      "relations": [
        {
          "rel": "System.LinkTypes.Hierarchy-Reverse",
          "url": "https://dev.azure.com/abcdsse/_apis/wit/workItems/219",
          "attributes": {
            "isLocked": "false",
            "comment": "Making a new link for the dependency",
            "name": "Parent"
          }
        },
        {
          "rel": "System.LinkTypes.Hierarchy-Forward",
          "url": "https://dev.azure.com/abcdsse/_apis/wit/workItems/235",
          "attributes": {
            "isLocked": "false",
            "comment": "Making a new link for the dependency",
            "name": "Child"
          }
        }
      ],
      "url": "https://dev.azure.com/abcdsse/_apis/wit/workItems/228"
    },
    {
      "id": 227,
      "rev": 2,
      "fields": {
        "System.AreaPath": "$ProjectName$",
        "System.TeamProject": "$ProjectName$",
        "System.IterationPath": "$ProjectName$\\Sprint 1",
        "System.WorkItemType": "Feature",
        "System.State": "New",
        "System.Reason": "New feature",
        "System.CreatedDate": "2019-10-11T14:00:05.13Z",
        "System.CreatedBy": "vigarudi <vigarudi@microsoft.com>",
        "System.ChangedDate": "2019-10-21T08:23:47.7Z",
        "System.ChangedBy": "vigarudi <vigarudi@microsoft.com>",
        "System.Title": "Dojo White Belt - 6 - Continuous Operations",
        "Microsoft.VSTS.Scheduling.Effort": 0.0,
        "System.Description": "<div><span><strong style=\"box-sizing:border-box;color:rgba(0, 0, 0, 0.9);font-size:15px;font-weight:700;\">Continuous operations</strong><span style=\"display:inline !important;background-color:rgba(255, 255, 255, 1);color:rgba(0, 0, 0, 0.9);font-size:15px;\"> is a practice that assures the availability of the provided service using zero downtime deployment, self-healing and auto scaling both of the workloads and the underlying platforms. Continuous Operations also uses practices to integrate operations where events are captured to service management practices like incident management and defect management where the resolution of bugs is planned and handled.</span><br></span></div>",
        "System.AssignedTo": "craig109@outlook.com",
        "Microsoft.VSTS.Scheduling.RemainingWork": 0.0,
        "Microsoft.VSTS.Common.Priority": 2.0,
        "System.BoardLane": null,
        "System.Tags": null,
        "Microsoft.VSTS.TCM.Steps": null,
        "Microsoft.VSTS.TCM.Parameters": null,
        "Microsoft.VSTS.TCM.LocalDataSource": null,
        "Microsoft.VSTS.TCM.AutomationStatus": null,
        "System.History": null
      },
      "relations": [
        {
          "rel": "System.LinkTypes.Hierarchy-Forward",
          "url": "https://dev.azure.com/abcdsse/_apis/wit/workItems/239",
          "attributes": {
            "isLocked": "false",
            "comment": "Making a new link for the dependency",
            "name": "Child"
          }
        },
        {
          "rel": "System.LinkTypes.Hierarchy-Forward",
          "url": "https://dev.azure.com/abcdsse/_apis/wit/workItems/240",
          "attributes": {
            "isLocked": "false",
            "comment": "Making a new link for the dependency",
            "name": "Child"
          }
        },
        {
          "rel": "System.LinkTypes.Hierarchy-Reverse",
          "url": "https://dev.azure.com/abcdsse/_apis/wit/workItems/219",
          "attributes": {
            "isLocked": "false",
            "comment": "Making a new link for the dependency",
            "name": "Parent"
          }
        }
      ],
      "url": "https://dev.azure.com/abcdsse/_apis/wit/workItems/227"
    },
    {
      "id": 226,
      "rev": 2,
      "fields": {
        "System.AreaPath": "$ProjectName$",
        "System.TeamProject": "$ProjectName$",
        "System.IterationPath": "$ProjectName$\\Sprint 1",
        "System.WorkItemType": "Feature",
        "System.State": "New",
        "System.Reason": "New feature",
        "System.CreatedDate": "2019-10-11T14:00:04.987Z",
        "System.CreatedBy": "vigarudi <vigarudi@microsoft.com>",
        "System.ChangedDate": "2019-10-21T08:23:47.7Z",
        "System.ChangedBy": "vigarudi <vigarudi@microsoft.com>",
        "System.Title": "Dojo White Belt - 5 - Continuous Security",
        "Microsoft.VSTS.Scheduling.Effort": 0.0,
        "System.Description": "<div><span><strong style=\"box-sizing:border-box;color:rgba(0, 0, 0, 0.9);font-size:15px;font-weight:700;\">Continuous security</strong><span style=\"display:inline !important;background-color:rgba(255, 255, 255, 1);color:rgba(0, 0, 0, 0.9);font-size:15px;\"> is a practice that assures that security is an integral part of the application development lifecycle, starting with code level scanning by the developer, followed by systematic security testing in all stages of the pipeline, and then supported by 24*7 monitoring and protection in Production.  Data Security should also be integrated with software development lifecycle to ensure data are secure at capture, in transit and at rest.</span><br></span></div>",
        "System.AssignedTo": "lsteel109@outlook.com",
        "Microsoft.VSTS.Scheduling.RemainingWork": 0.0,
        "Microsoft.VSTS.Common.Priority": 2.0,
        "System.BoardLane": null,
        "System.Tags": null,
        "Microsoft.VSTS.TCM.Steps": null,
        "Microsoft.VSTS.TCM.Parameters": null,
        "Microsoft.VSTS.TCM.LocalDataSource": null,
        "Microsoft.VSTS.TCM.AutomationStatus": null,
        "System.History": null
      },
      "relations": [
        {
          "rel": "System.LinkTypes.Hierarchy-Forward",
          "url": "https://dev.azure.com/abcdsse/_apis/wit/workItems/242",
          "attributes": {
            "isLocked": "false",
            "comment": "Making a new link for the dependency",
            "name": "Child"
          }
        },
        {
          "rel": "System.LinkTypes.Hierarchy-Forward",
          "url": "https://dev.azure.com/abcdsse/_apis/wit/workItems/241",
          "attributes": {
            "isLocked": "false",
            "comment": "Making a new link for the dependency",
            "name": "Child"
          }
        },
        {
          "rel": "System.LinkTypes.Hierarchy-Reverse",
          "url": "https://dev.azure.com/abcdsse/_apis/wit/workItems/219",
          "attributes": {
            "isLocked": "false",
            "comment": "Making a new link for the dependency",
            "name": "Parent"
          }
        }
      ],
      "url": "https://dev.azure.com/abcdsse/_apis/wit/workItems/226"
    },
    {
      "id": 225,
      "rev": 2,
      "fields": {
        "System.AreaPath": "$ProjectName$",
        "System.TeamProject": "$ProjectName$",
        "System.IterationPath": "$ProjectName$\\Sprint 1",
        "System.WorkItemType": "Feature",
        "System.State": "New",
        "System.Reason": "New feature",
        "System.CreatedDate": "2019-10-11T14:00:04.773Z",
        "System.CreatedBy": "vigarudi <vigarudi@microsoft.com>",
        "System.ChangedDate": "2019-10-21T08:23:47.7Z",
        "System.ChangedBy": "vigarudi <vigarudi@microsoft.com>",
        "System.Title": "Dojo White Belt - 4 - Continuous Quality",
        "Microsoft.VSTS.Scheduling.Effort": 0.0,
        "System.Description": "<div><span><strong style=\"box-sizing:border-box;color:rgba(0, 0, 0, 0.9);font-size:15px;font-weight:700;\">Continuous quality</strong><span style=\"display:inline !important;background-color:rgba(255, 255, 255, 1);color:rgba(0, 0, 0, 0.9);font-size:15px;\"> is a practice of executing automated tests as part of the software delivery pipeline to obtain immediate feedback on the business risks associated with software release. It requires developers &amp; testers to collaborate closely &amp; focus on the overall quality of the entire product together. Continuous Quality requires automated environment provision, and correlation of requirement/defect, code, build and test cases.</span><br></span></div>",
        "System.AssignedTo": "nmunger109@outlook.com",
        "Microsoft.VSTS.Scheduling.RemainingWork": 0.0,
        "Microsoft.VSTS.Common.Priority": 2.0,
        "System.BoardLane": null,
        "System.Tags": null,
        "Microsoft.VSTS.TCM.Steps": null,
        "Microsoft.VSTS.TCM.Parameters": null,
        "Microsoft.VSTS.TCM.LocalDataSource": null,
        "Microsoft.VSTS.TCM.AutomationStatus": null,
        "System.History": null
      },
      "relations": [
        {
          "rel": "System.LinkTypes.Hierarchy-Forward",
          "url": "https://dev.azure.com/abcdsse/_apis/wit/workItems/244",
          "attributes": {
            "isLocked": "false",
            "comment": "Making a new link for the dependency",
            "name": "Child"
          }
        },
        {
          "rel": "System.LinkTypes.Hierarchy-Reverse",
          "url": "https://dev.azure.com/abcdsse/_apis/wit/workItems/219",
          "attributes": {
            "isLocked": "false",
            "comment": "Making a new link for the dependency",
            "name": "Parent"
          }
        },
        {
          "rel": "System.LinkTypes.Hierarchy-Forward",
          "url": "https://dev.azure.com/abcdsse/_apis/wit/workItems/243",
          "attributes": {
            "isLocked": "false",
            "comment": "Making a new link for the dependency",
            "name": "Child"
          }
        }
      ],
      "url": "https://dev.azure.com/abcdsse/_apis/wit/workItems/225"
    },
    {
      "id": 224,
      "rev": 2,
      "fields": {
        "System.AreaPath": "$ProjectName$",
        "System.TeamProject": "$ProjectName$",
        "System.IterationPath": "$ProjectName$\\Sprint 1",
        "System.WorkItemType": "Feature",
        "System.State": "New",
        "System.Reason": "New feature",
        "System.CreatedDate": "2019-10-11T14:00:04.64Z",
        "System.CreatedBy": "vigarudi <vigarudi@microsoft.com>",
        "System.ChangedDate": "2019-10-21T08:23:47.7Z",
        "System.ChangedBy": "vigarudi <vigarudi@microsoft.com>",
        "System.Title": "Dojo White Belt - 3 - Continuous Delivery",
        "Microsoft.VSTS.Scheduling.Effort": 0.0,
        "System.Description": "<div><span><strong style=\"box-sizing:border-box;color:rgba(0, 0, 0, 0.9);font-size:15px;font-weight:700;\">Continuous Delivery</strong><span style=\"display:inline !important;background-color:rgba(255, 255, 255, 1);color:rgba(0, 0, 0, 0.9);font-size:15px;\"> is a practice that promotes a successful build across the stages of the DevOps pipeline and makes it available for deployment in production. The stage gates of the pipeline can be fully automatic using test status as a decision criterion or involve a human decision maker.</span><br></span></div>",
        "System.AssignedTo": "lsteel109@outlook.com",
        "Microsoft.VSTS.Scheduling.RemainingWork": 0.0,
        "Microsoft.VSTS.Common.Priority": 2.0,
        "System.BoardLane": null,
        "System.Tags": null,
        "Microsoft.VSTS.TCM.Steps": null,
        "Microsoft.VSTS.TCM.Parameters": null,
        "Microsoft.VSTS.TCM.LocalDataSource": null,
        "Microsoft.VSTS.TCM.AutomationStatus": null,
        "System.History": null
      },
      "relations": [
        {
          "rel": "System.LinkTypes.Hierarchy-Reverse",
          "url": "https://dev.azure.com/abcdsse/_apis/wit/workItems/219",
          "attributes": {
            "isLocked": "false",
            "comment": "Making a new link for the dependency",
            "name": "Parent"
          }
        },
        {
          "rel": "System.LinkTypes.Hierarchy-Forward",
          "url": "https://dev.azure.com/abcdsse/_apis/wit/workItems/246",
          "attributes": {
            "isLocked": "false",
            "comment": "Making a new link for the dependency",
            "name": "Child"
          }
        },
        {
          "rel": "System.LinkTypes.Hierarchy-Forward",
          "url": "https://dev.azure.com/abcdsse/_apis/wit/workItems/245",
          "attributes": {
            "isLocked": "false",
            "comment": "Making a new link for the dependency",
            "name": "Child"
          }
        }
      ],
      "url": "https://dev.azure.com/abcdsse/_apis/wit/workItems/224"
    },
    {
      "id": 223,
      "rev": 2,
      "fields": {
        "System.AreaPath": "$ProjectName$",
        "System.TeamProject": "$ProjectName$",
        "System.IterationPath": "$ProjectName$\\Sprint 1",
        "System.WorkItemType": "Feature",
        "System.State": "New",
        "System.Reason": "New feature",
        "System.CreatedDate": "2019-10-11T14:00:04.257Z",
        "System.CreatedBy": "vigarudi <vigarudi@microsoft.com>",
        "System.ChangedDate": "2019-10-21T08:23:47.7Z",
        "System.ChangedBy": "vigarudi <vigarudi@microsoft.com>",
        "System.Title": "Dojo White Belt - 2 - Continuous Integration",
        "Microsoft.VSTS.Scheduling.Effort": 0.0,
        "System.Description": "<div><span><span style=\"display:inline !important;background-color:rgba(255, 255, 255, 1);color:rgba(0, 0, 0, 0.9);font-size:15px;\"><b>Continuous integration</b> is a practice that requires developers to&nbsp;integrate&nbsp;code into a shared repository several times a day. Each check-in is then verified by an automated build, allowing teams to detect problems early.  It requires all in involved in development to collaborate closely &amp; focus on code quality.  Shift Left testing is highly recommended in the Continuous Integration process</span>.<br></span></div>",
        "System.AssignedTo": "vigarudi <vigarudi@microsoft.com>",
        "Microsoft.VSTS.Scheduling.RemainingWork": 0.0,
        "Microsoft.VSTS.Common.Priority": 2.0,
        "System.BoardLane": null,
        "System.Tags": null,
        "Microsoft.VSTS.TCM.Steps": null,
        "Microsoft.VSTS.TCM.Parameters": null,
        "Microsoft.VSTS.TCM.LocalDataSource": null,
        "Microsoft.VSTS.TCM.AutomationStatus": null,
        "System.History": null
      },
      "relations": [
        {
          "rel": "System.LinkTypes.Hierarchy-Forward",
          "url": "https://dev.azure.com/abcdsse/_apis/wit/workItems/248",
          "attributes": {
            "isLocked": "false",
            "comment": "Making a new link for the dependency",
            "name": "Child"
          }
        },
        {
          "rel": "System.LinkTypes.Hierarchy-Forward",
          "url": "https://dev.azure.com/abcdsse/_apis/wit/workItems/247",
          "attributes": {
            "isLocked": "false",
            "comment": "Making a new link for the dependency",
            "name": "Child"
          }
        },
        {
          "rel": "System.LinkTypes.Hierarchy-Reverse",
          "url": "https://dev.azure.com/abcdsse/_apis/wit/workItems/219",
          "attributes": {
            "isLocked": "false",
            "comment": "Making a new link for the dependency",
            "name": "Parent"
          }
        }
      ],
      "url": "https://dev.azure.com/abcdsse/_apis/wit/workItems/223"
    },
    {
      "id": 222,
      "rev": 2,
      "fields": {
        "System.AreaPath": "$ProjectName$",
        "System.TeamProject": "$ProjectName$",
        "System.IterationPath": "$ProjectName$\\Sprint 1",
        "System.WorkItemType": "Feature",
        "System.State": "New",
        "System.Reason": "New feature",
        "System.CreatedDate": "2019-10-11T14:00:04.057Z",
        "System.CreatedBy": "vigarudi <vigarudi@microsoft.com>",
        "System.ChangedDate": "2019-10-21T08:23:47.7Z",
        "System.ChangedBy": "vigarudi <vigarudi@microsoft.com>",
        "System.Title": "Dojo White Belt - 1 - Continuous Planning (*)",
        "Microsoft.VSTS.Scheduling.Effort": 0.0,
        "System.Description": "<div><span><strong style=\"box-sizing:border-box;color:rgba(0, 0, 0, 0.9);font-size:15px;font-weight:700;\">Continuous planning</strong><span style=\"display:inline !important;background-color:rgba(255, 255, 255, 1);color:rgba(0, 0, 0, 0.9);font-size:15px;\"> is a practice that requires planners, architects and agile teams to&nbsp;integrate&nbsp;their plans across the enterprise on an on-going basis, flowing feedback, new ideas and requirements into a multi layered Kanban system for refinement, decomposition and prioritization.  Continuous planning includes the agile team level where scrum based planning methods and emerging designs allow teams to refine planning into the execution level.</span><br></span></div>",
        "System.AssignedTo": "ckelly109@outlook.com",
        "Microsoft.VSTS.Scheduling.RemainingWork": 0.0,
        "Microsoft.VSTS.Common.Priority": 2.0,
        "System.BoardLane": null,
        "System.Tags": null,
        "Microsoft.VSTS.TCM.Steps": null,
        "Microsoft.VSTS.TCM.Parameters": null,
        "Microsoft.VSTS.TCM.LocalDataSource": null,
        "Microsoft.VSTS.TCM.AutomationStatus": null,
        "System.History": null
      },
      "relations": [
        {
          "rel": "System.LinkTypes.Hierarchy-Forward",
          "url": "https://dev.azure.com/abcdsse/_apis/wit/workItems/234",
          "attributes": {
            "isLocked": "false",
            "comment": "Making a new link for the dependency",
            "name": "Child"
          }
        },
        {
          "rel": "System.LinkTypes.Hierarchy-Reverse",
          "url": "https://dev.azure.com/abcdsse/_apis/wit/workItems/219",
          "attributes": {
            "isLocked": "false",
            "comment": "Making a new link for the dependency",
            "name": "Parent"
          }
        },
        {
          "rel": "System.LinkTypes.Hierarchy-Forward",
          "url": "https://dev.azure.com/abcdsse/_apis/wit/workItems/233",
          "attributes": {
            "isLocked": "false",
            "comment": "Making a new link for the dependency",
            "name": "Child"
          }
        },
        {
          "rel": "System.LinkTypes.Hierarchy-Forward",
          "url": "https://dev.azure.com/abcdsse/_apis/wit/workItems/231",
          "attributes": {
            "isLocked": "false",
            "comment": "Making a new link for the dependency",
            "name": "Child"
          }
        },
        {
          "rel": "System.LinkTypes.Hierarchy-Forward",
          "url": "https://dev.azure.com/abcdsse/_apis/wit/workItems/232",
          "attributes": {
            "isLocked": "false",
            "comment": "Making a new link for the dependency",
            "name": "Child"
          }
        },
        {
          "rel": "System.LinkTypes.Hierarchy-Forward",
          "url": "https://dev.azure.com/abcdsse/_apis/wit/workItems/237",
          "attributes": {
            "isLocked": "false",
            "comment": "Making a new link for the dependency",
            "name": "Child"
          }
        }
      ],
      "url": "https://dev.azure.com/abcdsse/_apis/wit/workItems/222"
    }
  ],
  "HttpStatusCode": 0,
  "Message": null
}