{
  "count": 18,
  "value": [
    {
      "id": 248,
      "rev": 2,
      "fields": {
        "System.AreaPath": "$ProjectName$",
        "System.TeamProject": "$ProjectName$",
        "System.IterationPath": "$ProjectName$\\Sprint 1",
        "System.WorkItemType": "Product Backlog Item",
        "System.State": "New",
        "System.Reason": "New backlog item",
        "System.CreatedDate": "2019-10-11T14:00:08.717Z",
        "System.CreatedBy": "vigarudi <vigarudi@microsoft.com>",
        "System.ChangedDate": "2019-10-15T06:50:37.827Z",
        "System.ChangedBy": "Durga Prasad Booga <v-dup@microsoft.com>",
        "System.Title": "Implement Continuous Integration Practices in Bookings .Net Application",
        "Microsoft.VSTS.Scheduling.Effort": 3.0,
        "System.Description": "<div>As a student, I should be able to implement Continuous Integration Practices in Bookings .NET Application so that development cycles can be shortened and code quality can be improved.<br></div>",
        "System.AssignedTo": "lsteel109@outlook.com",
        "Microsoft.VSTS.Scheduling.RemainingWork": 0.0,
        "Microsoft.VSTS.Common.Priority": 2.0,
        "System.BoardLane": null,
        "System.Tags": null,
        "Microsoft.VSTS.TCM.Steps": null,
        "Microsoft.VSTS.TCM.Parameters": null,
        "Microsoft.VSTS.TCM.LocalDataSource": null,
        "Microsoft.VSTS.TCM.AutomationStatus": null,
        "System.History": null
      },
      "relations": [
        {
          "rel": "System.LinkTypes.Hierarchy-Reverse",
          "url": "https://dev.azure.com/abcdsse/_apis/wit/workItems/223",
          "attributes": {
            "isLocked": "false",
            "comment": "Making a new link for the dependency",
            "name": "Parent"
          }
        }
      ],
      "url": "https://dev.azure.com/abcdsse/_apis/wit/workItems/248"
    },
    {
      "id": 247,
      "rev": 2,
      "fields": {
        "System.AreaPath": "$ProjectName$",
        "System.TeamProject": "$ProjectName$",
        "System.IterationPath": "$ProjectName$\\Sprint 1",
        "System.WorkItemType": "Product Backlog Item",
        "System.State": "New",
        "System.Reason": "New backlog item",
        "System.CreatedDate": "2019-10-11T14:00:08.583Z",
        "System.CreatedBy": "vigarudi <vigarudi@microsoft.com>",
        "System.ChangedDate": "2019-10-15T06:50:37.827Z",
        "System.ChangedBy": "Durga Prasad Booga <v-dup@microsoft.com>",
        "System.Title": "Implement Continuous Integration Practices in Coupons Java App",
        "Microsoft.VSTS.Scheduling.Effort": 3.0,
        "System.Description": "<div>As a student, I should be able to implement Continuous Integration Practices in Coupons Java Application so that development cycles can be shortened and code quality can be improved.<br></div>",
        "System.AssignedTo": "ckelly109@outlook.com",
        "Microsoft.VSTS.Scheduling.RemainingWork": 0.0,
        "Microsoft.VSTS.Common.Priority": 2.0,
        "System.BoardLane": null,
        "System.Tags": null,
        "Microsoft.VSTS.TCM.Steps": null,
        "Microsoft.VSTS.TCM.Parameters": null,
        "Microsoft.VSTS.TCM.LocalDataSource": null,
        "Microsoft.VSTS.TCM.AutomationStatus": null,
        "System.History": null
      },
      "relations": [
        {
          "rel": "System.LinkTypes.Hierarchy-Reverse",
          "url": "https://dev.azure.com/abcdsse/_apis/wit/workItems/223",
          "attributes": {
            "isLocked": "false",
            "comment": "Making a new link for the dependency",
            "name": "Parent"
          }
        }
      ],
      "url": "https://dev.azure.com/abcdsse/_apis/wit/workItems/247"
    },
    {
      "id": 246,
      "rev": 2,
      "fields": {
        "System.AreaPath": "$ProjectName$",
        "System.TeamProject": "$ProjectName$",
        "System.IterationPath": "$ProjectName$\\Sprint 1",
        "System.WorkItemType": "Product Backlog Item",
        "System.State": "New",
        "System.Reason": "New backlog item",
        "System.CreatedDate": "2019-10-11T14:00:08.447Z",
        "System.CreatedBy": "vigarudi <vigarudi@microsoft.com>",
        "System.ChangedDate": "2019-10-15T06:50:37.827Z",
        "System.ChangedBy": "Durga Prasad Booga <v-dup@microsoft.com>",
        "System.Title": "Implement Continuous Delivery Practices in Bookings .Net Application",
        "Microsoft.VSTS.Scheduling.Effort": 1.0,
        "System.Description": "<div><span><span style=\"display:inline !important;background-color:rgba(255, 255, 255, 1);\">As a student, I should be able to implement Continuous Delivery Practices in Bookings .NET Application so that <span style=\"display:inline !important;background-color:rgba(255, 255, 255, 1);color:rgba(0, 0, 0, 0.9);font-size:15px;\">the deployments can be automated in multiple environments and lead time for deployment can be reduced.</span></span><br></span></div>",
        "System.AssignedTo": "nmunger109@outlook.com",
        "Microsoft.VSTS.Scheduling.RemainingWork": 0.0,
        "Microsoft.VSTS.Common.Priority": 2.0,
        "System.BoardLane": null,
        "System.Tags": null,
        "Microsoft.VSTS.TCM.Steps": null,
        "Microsoft.VSTS.TCM.Parameters": null,
        "Microsoft.VSTS.TCM.LocalDataSource": null,
        "Microsoft.VSTS.TCM.AutomationStatus": null,
        "System.History": null
      },
      "relations": [
        {
          "rel": "System.LinkTypes.Hierarchy-Reverse",
          "url": "https://dev.azure.com/abcdsse/_apis/wit/workItems/224",
          "attributes": {
            "isLocked": "false",
            "comment": "Making a new link for the dependency",
            "name": "Parent"
          }
        },
        {
          "rel": "System.LinkTypes.Related",
          "url": "https://dev.azure.com/abcdsse/_apis/wit/workItems/245",
          "attributes": {
            "isLocked": "false",
            "comment": "Making a new link for the dependency",
            "name": "Related"
          }
        }
      ],
      "url": "https://dev.azure.com/abcdsse/_apis/wit/workItems/246"
    },
    {
      "id": 245,
      "rev": 2,
      "fields": {
        "System.AreaPath": "$ProjectName$",
        "System.TeamProject": "$ProjectName$",
        "System.IterationPath": "$ProjectName$\\Sprint 1",
        "System.WorkItemType": "Product Backlog Item",
        "System.State": "New",
        "System.Reason": "New backlog item",
        "System.CreatedDate": "2019-10-11T14:00:08.287Z",
        "System.CreatedBy": "vigarudi <vigarudi@microsoft.com>",
        "System.ChangedDate": "2019-10-15T06:50:37.827Z",
        "System.ChangedBy": "Durga Prasad Booga <v-dup@microsoft.com>",
        "System.Title": "Implement Continuous Delivery Practices in Coupons Java Application",
        "Microsoft.VSTS.Scheduling.Effort": 1.0,
        "System.Description": "<div><span><span style=\"display:inline !important;background-color:rgba(255, 255, 255, 1);\">As a student, I should be able to implement Continuous Delivery Practices in Coupons Java Application so that <span style=\"display:inline !important;background-color:rgba(255, 255, 255, 1);color:rgba(0, 0, 0, 0.9);font-size:15px;\">the deployments can be automated in multiple environments and lead time for deployment can be reduced.</span></span><br></span></div>",
        "System.AssignedTo": "vigarudi <vigarudi@microsoft.com>",
        "Microsoft.VSTS.Scheduling.RemainingWork": 0.0,
        "Microsoft.VSTS.Common.Priority": 2.0,
        "System.BoardLane": null,
        "System.Tags": null,
        "Microsoft.VSTS.TCM.Steps": null,
        "Microsoft.VSTS.TCM.Parameters": null,
        "Microsoft.VSTS.TCM.LocalDataSource": null,
        "Microsoft.VSTS.TCM.AutomationStatus": null,
        "System.History": null
      },
      "relations": [
        {
          "rel": "System.LinkTypes.Related",
          "url": "https://dev.azure.com/abcdsse/_apis/wit/workItems/246",
          "attributes": {
            "isLocked": "false",
            "comment": "Making a new link for the dependency",
            "name": "Related"
          }
        },
        {
          "rel": "System.LinkTypes.Hierarchy-Reverse",
          "url": "https://dev.azure.com/abcdsse/_apis/wit/workItems/224",
          "attributes": {
            "isLocked": "false",
            "comment": "Making a new link for the dependency",
            "name": "Parent"
          }
        }
      ],
      "url": "https://dev.azure.com/abcdsse/_apis/wit/workItems/245"
    },
    {
      "id": 244,
      "rev": 2,
      "fields": {
        "System.AreaPath": "$ProjectName$",
        "System.TeamProject": "$ProjectName$",
        "System.IterationPath": "$ProjectName$\\Sprint 1",
        "System.WorkItemType": "Product Backlog Item",
        "System.State": "New",
        "System.Reason": "New backlog item",
        "System.CreatedDate": "2019-10-11T14:00:08.14Z",
        "System.CreatedBy": "vigarudi <vigarudi@microsoft.com>",
        "System.ChangedDate": "2019-10-15T06:50:37.827Z",
        "System.ChangedBy": "Durga Prasad Booga <v-dup@microsoft.com>",
        "System.Title": "Implement Continuous Quality Practices in Bookings .Net Application",
        "Microsoft.VSTS.Scheduling.Effort": 3.0,
        "System.Description": "<div><span><span style=\"display:inline !important;background-color:rgba(255, 255, 255, 1);\">As a student, I should be able to implement Continuous Quality Practices using shift left approach in Bookings Application <span style=\"display:inline !important;background-color:rgba(255, 255, 255, 1);\">so that</span><span lang=EN-US style=\"alignment-baseline:auto;backface-visibility:visible;baseline-shift:0px;border-bottom-left-radius:0px;border-bottom-right-radius:0px;border-collapse:separate;border-spacing:0px;border-top-left-radius:0px;border-top-right-radius:0px;bottom:auto;box-shadow:none;box-sizing:content-box;clear:none;clip:auto;clip-rule:nonzero;color:rgb(0, 0, 0);color-interpolation-filters:linearRGB;column-count:auto;column-rule-color:rgb(0, 0, 0);column-rule-style:none;column-rule-width:0px;column-span:none;column-width:auto;cursor:text;display:inline;dominant-baseline:auto;fill-opacity:1;fill-rule:nonzero;flex-basis:auto;flex-direction:row;flex-grow:0;flex-shrink:1;flex-wrap:nowrap;flood-opacity:1;font-family:Calibri,Calibri_MSFontService,Calibri_MSFontService,Calibri_EmbeddedFont,sans-serif;font-size:16px;left:auto;margin-bottom:0px;margin-top:0px;opacity:1;order:0;outline-color:rgb(0, 0, 0);perspective:none;perspective-origin:0px 0px;pointer-events:auto;right:auto;stop-opacity:1;stroke:none;stroke-dasharray:none;stroke-dashoffset:0px;stroke-linecap:butt;stroke-linejoin:miter;stroke-miterlimit:4;stroke-opacity:1;stroke-width:1px;table-layout:auto;text-align-last:auto;text-anchor:start;text-overflow:clip;text-shadow:none;text-underline-position:auto;top:auto;transform-origin:0px 0px 0px;transform-style:flat;transition-delay:0s;transition-duration:0s;transition-property:all;transition-timing-function:ease;width:auto;writing-mode:horizontal-tb;z-index:auto;zoom:1;\"><span style=\"box-sizing:border-box;\"><span style=\"box-sizing:border-box;color:rgba(0, 0, 0, 1);font-size:14px;\"> I can find bugs early in the process and <span style=\"background-color:rgba(255, 255, 255, 1);box-sizing:border-box;display:inline;\">automate the basic functionality tests thus making my application more testable.</span></span></span></span><span lang=EN-US style=\"border:0px none rgb(0, 0, 0);border-radius:0px;border-collapse:separate;bottom:auto;box-shadow:none;box-sizing:content-box;clear:none;clip:auto;color:rgb(0, 0, 0);cursor:text;display:inline;font-family:Calibri, Calibri_MSFontService, Calibri_MSFontService, Calibri_EmbeddedFont, sans-serif;font-size:16px;image-rendering:auto;left:auto;list-style:disc outside none;margin:0px;opacity:1;outline:rgb(0, 0, 0) none 0px;pointer-events:auto;right:auto;table-layout:auto;text-align-last:auto;text-underline-position:auto;text-rendering:auto;text-shadow:none;text-overflow:clip;top:auto;transition:all 0s ease 0s;width:auto;z-index:auto;zoom:1;backface-visibility:visible;border-spacing:0px;columns:auto auto;column-rule:0px none rgb(0, 0, 0);column-span:none;flex:0 1 auto;flex-flow:row nowrap;order:0;perspective:none;perspective-origin:0px 0px;transform-origin:0px 0px 0px;transform-style:flat;clip-path:none;clip-rule:nonzero;mask:none;flood-opacity:1;stop-opacity:1;color-interpolation:sRGB;color-interpolation-filters:linearRGB;color-rendering:auto;fill-opacity:1;fill-rule:nonzero;shape-rendering:auto;stroke:none;stroke-dasharray:none;stroke-dashoffset:0px;stroke-linecap:butt;stroke-linejoin:miter;stroke-miterlimit:4;stroke-opacity:1;stroke-width:1px;alignment-baseline:auto;baseline-shift:0px;dominant-baseline:auto;text-anchor:start;writing-mode:horizontal-tb;\"><span><span style=\"box-sizing:border-box;color:rgba(0, 0, 0, 1);font-size:14px;\"><span style=\"display:inline !important;background-color:rgba(255, 255, 255, 1);\"></span></span></span></span></span><br></span></div>",
        "System.AssignedTo": "vigarudi <vigarudi@microsoft.com>",
        "Microsoft.VSTS.Scheduling.RemainingWork": 0.0,
        "Microsoft.VSTS.Common.Priority": 2.0,
        "System.BoardLane": null,
        "System.Tags": null,
        "Microsoft.VSTS.TCM.Steps": null,
        "Microsoft.VSTS.TCM.Parameters": null,
        "Microsoft.VSTS.TCM.LocalDataSource": null,
        "Microsoft.VSTS.TCM.AutomationStatus": null,
        "System.History": null
      },
      "relations": [
        {
          "rel": "System.LinkTypes.Hierarchy-Reverse",
          "url": "https://dev.azure.com/abcdsse/_apis/wit/workItems/225",
          "attributes": {
            "isLocked": "false",
            "comment": "Making a new link for the dependency",
            "name": "Parent"
          }
        }
      ],
      "url": "https://dev.azure.com/abcdsse/_apis/wit/workItems/244"
    },
    {
      "id": 243,
      "rev": 2,
      "fields": {
        "System.AreaPath": "$ProjectName$",
        "System.TeamProject": "$ProjectName$",
        "System.IterationPath": "$ProjectName$\\Sprint 1",
        "System.WorkItemType": "Product Backlog Item",
        "System.State": "New",
        "System.Reason": "New backlog item",
        "System.CreatedDate": "2019-10-11T14:00:07.993Z",
        "System.CreatedBy": "vigarudi <vigarudi@microsoft.com>",
        "System.ChangedDate": "2019-10-15T06:50:37.827Z",
        "System.ChangedBy": "Durga Prasad Booga <v-dup@microsoft.com>",
        "System.Title": "Implement Continuous Quality Practices in Coupons Java Application",
        "Microsoft.VSTS.Scheduling.Effort": 3.0,
        "System.Description": "<div><span><span style=\"display:inline !important;background-color:rgba(255, 255, 255, 1);\">As a student, I should be able to implement Continuous Quality Practices using shift left approach in Coupons Java Application so that<span lang=EN-US style=\"border:0px none rgb(0, 0, 0);border-radius:0px;border-collapse:separate;bottom:auto;box-shadow:none;box-sizing:content-box;clear:none;clip:auto;color:rgb(0, 0, 0);cursor:text;display:inline;font-family:Calibri, Calibri_MSFontService, Calibri_MSFontService, Calibri_EmbeddedFont, sans-serif;font-size:16px;image-rendering:auto;left:auto;list-style:disc outside none;margin:0px;opacity:1;outline:rgb(0, 0, 0) none 0px;pointer-events:auto;right:auto;table-layout:auto;text-align-last:auto;text-underline-position:auto;text-rendering:auto;text-shadow:none;text-overflow:clip;top:auto;transition:all 0s ease 0s;width:auto;z-index:auto;zoom:1;backface-visibility:visible;border-spacing:0px;columns:auto auto;column-rule:0px none rgb(0, 0, 0);column-span:none;flex:0 1 auto;flex-flow:row nowrap;order:0;perspective:none;perspective-origin:0px 0px;transform-origin:0px 0px 0px;transform-style:flat;clip-path:none;clip-rule:nonzero;mask:none;flood-opacity:1;stop-opacity:1;color-interpolation:sRGB;color-interpolation-filters:linearRGB;color-rendering:auto;fill-opacity:1;fill-rule:nonzero;shape-rendering:auto;stroke:none;stroke-dasharray:none;stroke-dashoffset:0px;stroke-linecap:butt;stroke-linejoin:miter;stroke-miterlimit:4;stroke-opacity:1;stroke-width:1px;alignment-baseline:auto;baseline-shift:0px;dominant-baseline:auto;text-anchor:start;writing-mode:horizontal-tb;\"><span><span style=\"box-sizing:border-box;color:rgba(0, 0, 0, 1);font-size:14px;\"> I can find bugs early in the process and <span style=\"display:inline !important;background-color:rgba(255, 255, 255, 1);\">automate the basic functionality tests thus making my application more testable.</span></span></span></span></span><br></span></div>",
        "System.AssignedTo": "ckelly109@outlook.com",
        "Microsoft.VSTS.Scheduling.RemainingWork": 0.0,
        "Microsoft.VSTS.Common.Priority": 2.0,
        "System.BoardLane": null,
        "System.Tags": null,
        "Microsoft.VSTS.TCM.Steps": null,
        "Microsoft.VSTS.TCM.Parameters": null,
        "Microsoft.VSTS.TCM.LocalDataSource": null,
        "Microsoft.VSTS.TCM.AutomationStatus": null,
        "System.History": null
      },
      "relations": [
        {
          "rel": "System.LinkTypes.Hierarchy-Reverse",
          "url": "https://dev.azure.com/abcdsse/_apis/wit/workItems/225",
          "attributes": {
            "isLocked": "false",
            "comment": "Making a new link for the dependency",
            "name": "Parent"
          }
        }
      ],
      "url": "https://dev.azure.com/abcdsse/_apis/wit/workItems/243"
    },
    {
      "id": 242,
      "rev": 2,
      "fields": {
        "System.AreaPath": "$ProjectName$",
        "System.TeamProject": "$ProjectName$",
        "System.IterationPath": "$ProjectName$\\Sprint 1",
        "System.WorkItemType": "Product Backlog Item",
        "System.State": "New",
        "System.Reason": "New backlog item",
        "System.CreatedDate": "2019-10-11T14:00:07.833Z",
        "System.CreatedBy": "vigarudi <vigarudi@microsoft.com>",
        "System.ChangedDate": "2019-10-15T06:50:37.827Z",
        "System.ChangedBy": "Durga Prasad Booga <v-dup@microsoft.com>",
        "System.Title": "Implement Continuous Security Practices in Booking .Net Application",
        "Microsoft.VSTS.Scheduling.Effort": 3.0,
        "System.Description": "<div><span><div style=\"box-sizing:border-box;\"><span style=\"box-sizing:border-box;\">As a student </span><span style=\"box-sizing:border-box;\">I should be able to implement </span>Continuous Security Practices in Booking .Net Application so that my application is more secure and avoid any<span style=\"display:inline !important;background-color:rgba(255, 255, 255, 1);color:rgba(0, 0, 0, 0.9);font-size:15px;\"> credential leaks.</span><br></div></span></div>",
        "System.AssignedTo": "vigarudi <vigarudi@microsoft.com>",
        "Microsoft.VSTS.Scheduling.RemainingWork": 0.0,
        "Microsoft.VSTS.Common.Priority": 2.0,
        "System.BoardLane": null,
        "System.Tags": null,
        "Microsoft.VSTS.TCM.Steps": null,
        "Microsoft.VSTS.TCM.Parameters": null,
        "Microsoft.VSTS.TCM.LocalDataSource": null,
        "Microsoft.VSTS.TCM.AutomationStatus": null,
        "System.History": null
      },
      "relations": [
        {
          "rel": "System.LinkTypes.Hierarchy-Reverse",
          "url": "https://dev.azure.com/abcdsse/_apis/wit/workItems/226",
          "attributes": {
            "isLocked": "false",
            "comment": "Making a new link for the dependency",
            "name": "Parent"
          }
        }
      ],
      "url": "https://dev.azure.com/abcdsse/_apis/wit/workItems/242"
    },
    {
      "id": 241,
      "rev": 2,
      "fields": {
        "System.AreaPath": "$ProjectName$",
        "System.TeamProject": "$ProjectName$",
        "System.IterationPath": "$ProjectName$\\Sprint 1",
        "System.WorkItemType": "Product Backlog Item",
        "System.State": "New",
        "System.Reason": "New backlog item",
        "System.CreatedDate": "2019-10-11T14:00:07.617Z",
        "System.CreatedBy": "vigarudi <vigarudi@microsoft.com>",
        "System.ChangedDate": "2019-10-15T06:50:37.827Z",
        "System.ChangedBy": "Durga Prasad Booga <v-dup@microsoft.com>",
        "System.Title": "Implement Continuous Security Practices in Coupons Java Application",
        "Microsoft.VSTS.Scheduling.Effort": 3.0,
        "System.Description": "<div><span><div style=\"box-sizing:border-box;\"><span style=\"box-sizing:border-box;\">As a student </span><span style=\"box-sizing:border-box;\">I should be able to implement </span>Continuous Security Practices in Coupons Java Application so that my application is more secure and avoid any<span style=\"display:inline !important;background-color:rgba(255, 255, 255, 1);color:rgba(0, 0, 0, 0.9);font-size:15px;\"> credential leaks.</span><br></div></span></div>",
        "System.AssignedTo": "vigarudi <vigarudi@microsoft.com>",
        "Microsoft.VSTS.Scheduling.RemainingWork": 0.0,
        "Microsoft.VSTS.Common.Priority": 2.0,
        "System.BoardLane": null,
        "System.Tags": null,
        "Microsoft.VSTS.TCM.Steps": null,
        "Microsoft.VSTS.TCM.Parameters": null,
        "Microsoft.VSTS.TCM.LocalDataSource": null,
        "Microsoft.VSTS.TCM.AutomationStatus": null,
        "System.History": null
      },
      "relations": [
        {
          "rel": "System.LinkTypes.Hierarchy-Reverse",
          "url": "https://dev.azure.com/abcdsse/_apis/wit/workItems/226",
          "attributes": {
            "isLocked": "false",
            "comment": "Making a new link for the dependency",
            "name": "Parent"
          }
        }
      ],
      "url": "https://dev.azure.com/abcdsse/_apis/wit/workItems/241"
    },
    {
      "id": 240,
      "rev": 2,
      "fields": {
        "System.AreaPath": "$ProjectName$",
        "System.TeamProject": "$ProjectName$",
        "System.IterationPath": "$ProjectName$\\Sprint 1",
        "System.WorkItemType": "Product Backlog Item",
        "System.State": "New",
        "System.Reason": "New backlog item",
        "System.CreatedDate": "2019-10-11T14:00:07.47Z",
        "System.CreatedBy": "vigarudi <vigarudi@microsoft.com>",
        "System.ChangedDate": "2019-10-15T06:50:37.827Z",
        "System.ChangedBy": "Durga Prasad Booga <v-dup@microsoft.com>",
        "System.Title": "Implement Continuous Operations Practices in Bookings .Net Application",
        "Microsoft.VSTS.Scheduling.Effort": 1.0,
        "System.Description": "<div><span><div style=\"box-sizing:border-box;\"><span style=\"box-sizing:border-box;\"><span style=\"background-color:rgba(255, 255, 255, 1);box-sizing:border-box;display:inline;\">As a student, I should be able to implement &nbsp;Continuous Operations Practices in Bookings Application so that my application is <span style=\"display:inline !important;background-color:rgba(255, 255, 255, 1);color:rgba(0, 0, 0, 0.9);font-size:15px;\">equipped with monitoring and diagnostics capabilities.</span></span></span><br></div></span></div>",
        "System.AssignedTo": "nmunger109@outlook.com",
        "Microsoft.VSTS.Scheduling.RemainingWork": 0.0,
        "Microsoft.VSTS.Common.Priority": 2.0,
        "System.BoardLane": null,
        "System.Tags": null,
        "Microsoft.VSTS.TCM.Steps": null,
        "Microsoft.VSTS.TCM.Parameters": null,
        "Microsoft.VSTS.TCM.LocalDataSource": null,
        "Microsoft.VSTS.TCM.AutomationStatus": null,
        "System.History": null
      },
      "relations": [
        {
          "rel": "System.LinkTypes.Hierarchy-Reverse",
          "url": "https://dev.azure.com/abcdsse/_apis/wit/workItems/227",
          "attributes": {
            "isLocked": "false",
            "comment": "Making a new link for the dependency",
            "name": "Parent"
          }
        },
        {
          "rel": "System.LinkTypes.Related",
          "url": "https://dev.azure.com/abcdsse/_apis/wit/workItems/239",
          "attributes": {
            "isLocked": "false",
            "comment": "Making a new link for the dependency",
            "name": "Related"
          }
        }
      ],
      "url": "https://dev.azure.com/abcdsse/_apis/wit/workItems/240"
    },
    {
      "id": 239,
      "rev": 2,
      "fields": {
        "System.AreaPath": "$ProjectName$",
        "System.TeamProject": "$ProjectName$",
        "System.IterationPath": "$ProjectName$\\Sprint 1",
        "System.WorkItemType": "Product Backlog Item",
        "System.State": "New",
        "System.Reason": "New backlog item",
        "System.CreatedDate": "2019-10-11T14:00:07.333Z",
        "System.CreatedBy": "vigarudi <vigarudi@microsoft.com>",
        "System.ChangedDate": "2019-10-15T06:50:37.827Z",
        "System.ChangedBy": "Durga Prasad Booga <v-dup@microsoft.com>",
        "System.Title": "Implement Continuous Operations Practices in Coupons Java Application",
        "Microsoft.VSTS.Scheduling.Effort": 1.0,
        "System.Description": "<div><span><div style=\"box-sizing:border-box;\"><span style=\"box-sizing:border-box;\"><span style=\"background-color:rgba(255, 255, 255, 1);box-sizing:border-box;display:inline;\">As a student, I should be able to implement &nbsp;Continuous Operations Practices in Coupons Java Application so that my application is <span style=\"display:inline !important;background-color:rgba(255, 255, 255, 1);color:rgba(0, 0, 0, 0.9);font-size:15px;\">equipped with monitoring and diagnostics capabilities.</span></span></span><br></div></span></div>",
        "System.AssignedTo": "ckelly109@outlook.com",
        "Microsoft.VSTS.Scheduling.RemainingWork": 0.0,
        "Microsoft.VSTS.Common.Priority": 2.0,
        "System.BoardLane": null,
        "System.Tags": null,
        "Microsoft.VSTS.TCM.Steps": null,
        "Microsoft.VSTS.TCM.Parameters": null,
        "Microsoft.VSTS.TCM.LocalDataSource": null,
        "Microsoft.VSTS.TCM.AutomationStatus": null,
        "System.History": null
      },
      "relations": [
        {
          "rel": "System.LinkTypes.Related",
          "url": "https://dev.azure.com/abcdsse/_apis/wit/workItems/240",
          "attributes": {
            "isLocked": "false",
            "comment": "Making a new link for the dependency",
            "name": "Related"
          }
        },
        {
          "rel": "System.LinkTypes.Hierarchy-Reverse",
          "url": "https://dev.azure.com/abcdsse/_apis/wit/workItems/227",
          "attributes": {
            "isLocked": "false",
            "comment": "Making a new link for the dependency",
            "name": "Parent"
          }
        }
      ],
      "url": "https://dev.azure.com/abcdsse/_apis/wit/workItems/239"
    },
    {
      "id": 238,
      "rev": 16,
      "fields": {
        "System.AreaPath": "$ProjectName$",
        "System.TeamProject": "$ProjectName$",
        "System.IterationPath": "$ProjectName$",
        "System.WorkItemType": "Product Backlog Item",
        "System.State": "Done",
        "System.Reason": "Work finished",
        "System.CreatedDate": "2019-10-11T14:00:07.2Z",
        "System.CreatedBy": "vigarudi <vigarudi@microsoft.com>",
        "System.ChangedDate": "2019-10-15T06:50:37.827Z",
        "System.ChangedBy": "Durga Prasad Booga <v-dup@microsoft.com>",
        "System.Title": "Hotel Owner - Provide code for customers",
        "Microsoft.VSTS.Scheduling.Effort": 0.0,
        "System.Description": "<div><span><span style=\"color:rgba(0, 0, 0, 0.9);background-color:rgb(255, 255, 255);display:inline !important;\">As a Hotel Owner, I want to provide customers with coupon codes so that I can attract new customers&nbsp; From the reservation management screen, I should be able to apply a discount to a customer's existing reservation in a dollar amount or percentage</span><br></span></div>",
        "System.AssignedTo": "nmunger109@outlook.com",
        "Microsoft.VSTS.Scheduling.RemainingWork": 0.0,
        "Microsoft.VSTS.Common.Priority": 2.0,
        "System.BoardLane": null,
        "System.Tags": null,
        "Microsoft.VSTS.TCM.Steps": null,
        "Microsoft.VSTS.TCM.Parameters": null,
        "Microsoft.VSTS.TCM.LocalDataSource": null,
        "Microsoft.VSTS.TCM.AutomationStatus": null,
        "System.History": null
      },
      "relations": [
        {
          "rel": "ArtifactLink",
          "url": "vstfs:///Git/Commit/1c2ab7e5-8ba6-4f8d-bad9-d112e6996d51%2f58684069-49f2-4126-bfe8-14d516ed42f0%2f1d5f3b40d989fe6925ed2136ad46920b10ca9385",
          "attributes": {
            "authorizedDate": "2019-10-11T14:00:14.123Z",
            "id": "2121034",
            "resourceCreatedDate": "2019-10-11T14:00:14.123Z",
            "resourceModifiedDate": "2019-10-11T14:00:14.123Z",
            "revisedDate": "9999-01-01T00:00:00Z",
            "name": "Fixed in Commit"
          }
        },
        {
          "rel": "ArtifactLink",
          "url": "vstfs:///Build/Build/24917",
          "attributes": {
            "authorizedDate": "2019-10-11T14:00:13.823Z",
            "id": "2121032",
            "resourceCreatedDate": "2019-10-11T14:00:13.823Z",
            "resourceModifiedDate": "2019-10-11T14:00:13.823Z",
            "revisedDate": "9999-01-01T00:00:00Z",
            "name": "Integrated in build"
          }
        },
        {
          "rel": "ArtifactLink",
          "url": "vstfs:///Git/PullRequestId/1c2ab7e5-8ba6-4f8d-bad9-d112e6996d51%2f58684069-49f2-4126-bfe8-14d516ed42f0%2f1185",
          "attributes": {
            "authorizedDate": "2019-10-11T14:00:15.57Z",
            "id": "2121044",
            "resourceCreatedDate": "2019-10-11T14:00:15.57Z",
            "resourceModifiedDate": "2019-10-11T14:00:15.57Z",
            "revisedDate": "9999-01-01T00:00:00Z",
            "name": "Pull Request"
          }
        },
        {
          "rel": "ArtifactLink",
          "url": "vstfs:///Git/PullRequestId/1c2ab7e5-8ba6-4f8d-bad9-d112e6996d51%2f58684069-49f2-4126-bfe8-14d516ed42f0%2f1247",
          "attributes": {
            "authorizedDate": "2019-10-11T14:00:14.693Z",
            "id": "2121038",
            "resourceCreatedDate": "2019-10-11T14:00:14.693Z",
            "resourceModifiedDate": "2019-10-11T14:00:14.693Z",
            "revisedDate": "9999-01-01T00:00:00Z",
            "name": "Pull Request"
          }
        },
        {
          "rel": "ArtifactLink",
          "url": "vstfs:///Git/PullRequestId/1c2ab7e5-8ba6-4f8d-bad9-d112e6996d51%2f58684069-49f2-4126-bfe8-14d516ed42f0%2f1194",
          "attributes": {
            "authorizedDate": "2019-10-11T14:00:14.383Z",
            "id": "2121036",
            "resourceCreatedDate": "2019-10-11T14:00:14.383Z",
            "resourceModifiedDate": "2019-10-11T14:00:14.383Z",
            "revisedDate": "9999-01-01T00:00:00Z",
            "name": "Pull Request"
          }
        },
        {
          "rel": "ArtifactLink",
          "url": "vstfs:///Git/PullRequestId/1c2ab7e5-8ba6-4f8d-bad9-d112e6996d51%2f58684069-49f2-4126-bfe8-14d516ed42f0%2f1248",
          "attributes": {
            "authorizedDate": "2019-10-11T14:00:15.123Z",
            "id": "2121041",
            "resourceCreatedDate": "2019-10-11T14:00:15.123Z",
            "resourceModifiedDate": "2019-10-11T14:00:15.123Z",
            "revisedDate": "9999-01-01T00:00:00Z",
            "name": "Pull Request"
          }
        },
        {
          "rel": "ArtifactLink",
          "url": "vstfs:///Git/Commit/1c2ab7e5-8ba6-4f8d-bad9-d112e6996d51%2f58684069-49f2-4126-bfe8-14d516ed42f0%2fdf4b22ce1d12be44ccdbd60cc2051fd5fd3bfdfe",
          "attributes": {
            "authorizedDate": "2019-10-11T14:00:14.533Z",
            "id": "2121037",
            "resourceCreatedDate": "2019-10-11T14:00:14.533Z",
            "resourceModifiedDate": "2019-10-11T14:00:14.533Z",
            "revisedDate": "9999-01-01T00:00:00Z",
            "name": "Fixed in Commit"
          }
        },
        {
          "rel": "ArtifactLink",
          "url": "vstfs:///Git/Commit/1c2ab7e5-8ba6-4f8d-bad9-d112e6996d51%2f58684069-49f2-4126-bfe8-14d516ed42f0%2f3bc7df1cbbf1ec2164bc42800e8a2d058380f20c",
          "attributes": {
            "authorizedDate": "2019-10-11T14:00:15.693Z",
            "id": "2121045",
            "resourceCreatedDate": "2019-10-11T14:00:15.693Z",
            "resourceModifiedDate": "2019-10-11T14:00:15.693Z",
            "revisedDate": "9999-01-01T00:00:00Z",
            "name": "Fixed in Commit"
          }
        },
        {
          "rel": "ArtifactLink",
          "url": "vstfs:///Git/PullRequestId/1c2ab7e5-8ba6-4f8d-bad9-d112e6996d51%2f58684069-49f2-4126-bfe8-14d516ed42f0%2f1241",
          "attributes": {
            "authorizedDate": "2019-10-11T14:00:14.843Z",
            "id": "2121039",
            "resourceCreatedDate": "2019-10-11T14:00:14.843Z",
            "resourceModifiedDate": "2019-10-11T14:00:14.843Z",
            "revisedDate": "9999-01-01T00:00:00Z",
            "name": "Pull Request"
          }
        },
        {
          "rel": "ArtifactLink",
          "url": "vstfs:///Git/Commit/1c2ab7e5-8ba6-4f8d-bad9-d112e6996d51%2f58684069-49f2-4126-bfe8-14d516ed42f0%2f984069e6ec8f1672880a24b8939c4ba69e5c59f3",
          "attributes": {
            "authorizedDate": "2019-10-11T14:00:15.437Z",
            "id": "2121043",
            "resourceCreatedDate": "2019-10-11T14:00:15.437Z",
            "resourceModifiedDate": "2019-10-11T14:00:15.437Z",
            "revisedDate": "9999-01-01T00:00:00Z",
            "name": "Fixed in Commit"
          }
        },
        {
          "rel": "ArtifactLink",
          "url": "vstfs:///Git/PullRequestId/1c2ab7e5-8ba6-4f8d-bad9-d112e6996d51%2f58684069-49f2-4126-bfe8-14d516ed42f0%2f1199",
          "attributes": {
            "authorizedDate": "2019-10-11T14:00:14.25Z",
            "id": "2121035",
            "resourceCreatedDate": "2019-10-11T14:00:14.25Z",
            "resourceModifiedDate": "2019-10-11T14:00:14.25Z",
            "revisedDate": "9999-01-01T00:00:00Z",
            "name": "Pull Request"
          }
        },
        {
          "rel": "ArtifactLink",
          "url": "vstfs:///Git/Commit/1c2ab7e5-8ba6-4f8d-bad9-d112e6996d51%2f58684069-49f2-4126-bfe8-14d516ed42f0%2ff03f9d4239bbc7c092a527a42b987a0bb99cf52a",
          "attributes": {
            "authorizedDate": "2019-10-11T14:00:15.293Z",
            "id": "2121042",
            "resourceCreatedDate": "2019-10-11T14:00:15.293Z",
            "resourceModifiedDate": "2019-10-11T14:00:15.293Z",
            "revisedDate": "9999-01-01T00:00:00Z",
            "name": "Fixed in Commit"
          }
        },
        {
          "rel": "ArtifactLink",
          "url": "vstfs:///Git/Commit/1c2ab7e5-8ba6-4f8d-bad9-d112e6996d51%2f58684069-49f2-4126-bfe8-14d516ed42f0%2f82428d2eacd031b82b4c82f1e48970450f5e0080",
          "attributes": {
            "authorizedDate": "2019-10-11T14:00:14.977Z",
            "id": "2121040",
            "resourceCreatedDate": "2019-10-11T14:00:14.977Z",
            "resourceModifiedDate": "2019-10-11T14:00:14.977Z",
            "revisedDate": "9999-01-01T00:00:00Z",
            "name": "Fixed in Commit"
          }
        },
        {
          "rel": "ArtifactLink",
          "url": "vstfs:///Build/Build/24174",
          "attributes": {
            "authorizedDate": "2019-10-11T14:00:13.993Z",
            "id": "2121033",
            "resourceCreatedDate": "2019-10-11T14:00:13.993Z",
            "resourceModifiedDate": "2019-10-11T14:00:13.993Z",
            "revisedDate": "9999-01-01T00:00:00Z",
            "name": "Integrated in build"
          }
        }
      ],
      "url": "https://dev.azure.com/abcdsse/_apis/wit/workItems/238"
    },
    {
      "id": 237,
      "rev": 2,
      "fields": {
        "System.AreaPath": "$ProjectName$",
        "System.TeamProject": "$ProjectName$",
        "System.IterationPath": "$ProjectName$\\Sprint 1",
        "System.WorkItemType": "Product Backlog Item",
        "System.State": "New",
        "System.Reason": "New backlog item",
        "System.CreatedDate": "2019-10-11T14:00:07.047Z",
        "System.CreatedBy": "vigarudi <vigarudi@microsoft.com>",
        "System.ChangedDate": "2019-10-15T06:50:37.827Z",
        "System.ChangedBy": "Durga Prasad Booga <v-dup@microsoft.com>",
        "System.Title": "Run Daily Retrospective",
        "Microsoft.VSTS.Scheduling.Effort": 0.0,
        "System.Description": "<div>As a student, I want to hold a Retrospective so that I can identify one or two areas for our team to learn and grow in for the next Dojo Delivery. &nbsp;</div><div><br></div><div>At regular intervals, the team reflects on how to become more effective, then tunes and adjusts its behavior accordingly.<br style=\"box-sizing:border-box;color:rgb(51, 51, 51);\"></div><div><br style=\"box-sizing:border-box;color:rgb(51, 51, 51);\"></div><div><br></div>",
        "System.AssignedTo": "ckelly109@outlook.com",
        "Microsoft.VSTS.Scheduling.RemainingWork": 0.0,
        "Microsoft.VSTS.Common.Priority": 2.0,
        "System.BoardLane": null,
        "System.Tags": ".Net Engineer; .Net Platform/DevOps Engineer; Architect; Java Engineer; Java Platform/DevOps Engineer; Master Coach; Operations; Product Owner; Scrum Master; Security/Risk SME",
        "Microsoft.VSTS.TCM.Steps": null,
        "Microsoft.VSTS.TCM.Parameters": null,
        "Microsoft.VSTS.TCM.LocalDataSource": null,
        "Microsoft.VSTS.TCM.AutomationStatus": null,
        "System.History": null
      },
      "relations": [
        {
          "rel": "System.LinkTypes.Hierarchy-Reverse",
          "url": "https://dev.azure.com/abcdsse/_apis/wit/workItems/222",
          "attributes": {
            "isLocked": "false",
            "comment": "Making a new link for the dependency",
            "name": "Parent"
          }
        }
      ],
      "url": "https://dev.azure.com/abcdsse/_apis/wit/workItems/237"
    },
    {
      "id": 236,
      "rev": 3,
      "fields": {
        "System.AreaPath": "$ProjectName$",
        "System.TeamProject": "$ProjectName$",
        "System.IterationPath": "$ProjectName$\\Sprint 1",
        "System.WorkItemType": "Product Backlog Item",
        "System.State": "New",
        "System.Reason": "New backlog item",
        "System.CreatedDate": "2019-10-11T14:00:06.863Z",
        "System.CreatedBy": "vigarudi <vigarudi@microsoft.com>",
        "System.ChangedDate": "2019-10-15T06:50:37.827Z",
        "System.ChangedBy": "Durga Prasad Booga <v-dup@microsoft.com>",
        "System.Title": "View MTTR DevOps KPI Metrics",
        "Microsoft.VSTS.Scheduling.Effort": 1.0,
        "System.Description": "<div><span>As a student</span></div><div><span>I should be able to view MTTR trends in my project</span></div><div>S<span>o that I can improve my responsiveness to customer reported incidents</span><br></div>",
        "System.AssignedTo": "vigarudi <vigarudi@microsoft.com>",
        "Microsoft.VSTS.Scheduling.RemainingWork": 0.0,
        "Microsoft.VSTS.Common.Priority": 2.0,
        "System.BoardLane": null,
        "System.Tags": ".Net Platform/DevOps Engineer; Architect; Java Platform/DevOps Engineer; Operations; Product Owner; Scrum Master",
        "Microsoft.VSTS.TCM.Steps": null,
        "Microsoft.VSTS.TCM.Parameters": null,
        "Microsoft.VSTS.TCM.LocalDataSource": null,
        "Microsoft.VSTS.TCM.AutomationStatus": null,
        "System.History": null
      },
      "relations": [
        {
          "rel": "System.LinkTypes.Hierarchy-Reverse",
          "url": "https://dev.azure.com/abcdsse/_apis/wit/workItems/229",
          "attributes": {
            "isLocked": "false",
            "comment": "Making a new link for the dependency",
            "name": "Parent"
          }
        },
        {
          "rel": "ArtifactLink",
          "url": "vstfs:///Wiki/WikiPage/1c2ab7e5-8ba6-4f8d-bad9-d112e6996d51%2F3322f717-fa69-41af-81df-0d2458ebc042%2F8%20Continuous%20Feedback%2FLabs%2FMeasure%20and%20monitor%20MTTR",
          "attributes": {
            "authorizedDate": "2019-10-11T14:00:13.663Z",
            "id": "2121031",
            "resourceCreatedDate": "2019-10-11T14:00:13.663Z",
            "resourceModifiedDate": "2019-10-11T14:00:13.663Z",
            "revisedDate": "9999-01-01T00:00:00Z",
            "name": "Wiki Page"
          }
        }
      ],
      "url": "https://dev.azure.com/abcdsse/_apis/wit/workItems/236"
    },
    {
      "id": 235,
      "rev": 3,
      "fields": {
        "System.AreaPath": "$ProjectName$",
        "System.TeamProject": "$ProjectName$",
        "System.IterationPath": "$ProjectName$\\Sprint 1",
        "System.WorkItemType": "Product Backlog Item",
        "System.State": "New",
        "System.Reason": "New backlog item",
        "System.CreatedDate": "2019-10-11T14:00:06.707Z",
        "System.CreatedBy": "vigarudi <vigarudi@microsoft.com>",
        "System.ChangedDate": "2019-10-15T06:50:37.827Z",
        "System.ChangedBy": "Durga Prasad Booga <v-dup@microsoft.com>",
        "System.Title": "Reduce MTTR through ChatOps Collabration",
        "Microsoft.VSTS.Scheduling.Effort": 7.0,
        "System.Description": "<div><span><div style=\"box-sizing:border-box;\"><span style=\"box-sizing:border-box;\">As a DevOps team member,</span></div><div style=\"box-sizing:border-box;\"><span style=\"box-sizing:border-box;\">I can collaborate with team members as well as Azure DevOps through bots</span></div><div style=\"box-sizing:border-box;\"><span style=\"box-sizing:border-box;\">So it brings collaboration of people, process, tools and automation.</span></div><div><br></div><div><img alt=Image src=\"https://dev.azure.com/servicescode/1c2ab7e5-8ba6-4f8d-bad9-d112e6996d51/_apis/wit/attachments/b881de1d-2517-4ae2-b98c-9ea46dbdca1b?fileName=image.png\"><br></div></span></div>",
        "System.AssignedTo": "nmunger109@outlook.com",
        "Microsoft.VSTS.Scheduling.RemainingWork": 0.0,
        "Microsoft.VSTS.Common.Priority": 3.0,
        "System.BoardLane": null,
        "System.Tags": null,
        "Microsoft.VSTS.TCM.Steps": null,
        "Microsoft.VSTS.TCM.Parameters": null,
        "Microsoft.VSTS.TCM.LocalDataSource": null,
        "Microsoft.VSTS.TCM.AutomationStatus": null,
        "System.History": null
      },
      "relations": [
        {
          "rel": "System.LinkTypes.Hierarchy-Reverse",
          "url": "https://dev.azure.com/abcdsse/_apis/wit/workItems/228",
          "attributes": {
            "isLocked": "false",
            "comment": "Making a new link for the dependency",
            "name": "Parent"
          }
        },
        {
          "rel": "ArtifactLink",
          "url": "vstfs:///Wiki/WikiPage/1c2ab7e5-8ba6-4f8d-bad9-d112e6996d51%2F3322f717-fa69-41af-81df-0d2458ebc042%2F7%20Continuous%20Collaboration%2FLabs%2FContinuousCollaborationBookingApp(.Net)",
          "attributes": {
            "authorizedDate": "2019-10-11T14:00:13.457Z",
            "id": "2121030",
            "resourceCreatedDate": "2019-10-11T14:00:13.457Z",
            "resourceModifiedDate": "2019-10-11T14:00:13.457Z",
            "revisedDate": "9999-01-01T00:00:00Z",
            "name": "Wiki Page"
          }
        }
      ],
      "url": "https://dev.azure.com/abcdsse/_apis/wit/workItems/235"
    },
    {
      "id": 234,
      "rev": 2,
      "fields": {
        "System.AreaPath": "$ProjectName$",
        "System.TeamProject": "$ProjectName$",
        "System.IterationPath": "$ProjectName$\\Sprint 1",
        "System.WorkItemType": "Product Backlog Item",
        "System.State": "New",
        "System.Reason": "New backlog item",
        "System.CreatedDate": "2019-10-11T14:00:06.547Z",
        "System.CreatedBy": "vigarudi <vigarudi@microsoft.com>",
        "System.ChangedDate": "2019-10-15T06:50:37.827Z",
        "System.ChangedBy": "Durga Prasad Booga <v-dup@microsoft.com>",
        "System.Title": "Run Daily Scrums Call",
        "Microsoft.VSTS.Scheduling.Effort": 0.0,
        "System.Description": "<div><span>As a student, I should be able to Run Daily Scrums Calls to make sure that team is aligned on priorities and deliverables<br></span></div>",
        "System.AssignedTo": "vigarudi <vigarudi@microsoft.com>",
        "Microsoft.VSTS.Scheduling.RemainingWork": 0.0,
        "Microsoft.VSTS.Common.Priority": 2.0,
        "System.BoardLane": null,
        "System.Tags": "Scrum Master",
        "Microsoft.VSTS.TCM.Steps": null,
        "Microsoft.VSTS.TCM.Parameters": null,
        "Microsoft.VSTS.TCM.LocalDataSource": null,
        "Microsoft.VSTS.TCM.AutomationStatus": null,
        "System.History": null
      },
      "relations": [
        {
          "rel": "System.LinkTypes.Hierarchy-Reverse",
          "url": "https://dev.azure.com/abcdsse/_apis/wit/workItems/222",
          "attributes": {
            "isLocked": "false",
            "comment": "Making a new link for the dependency",
            "name": "Parent"
          }
        }
      ],
      "url": "https://dev.azure.com/abcdsse/_apis/wit/workItems/234"
    },
    {
      "id": 233,
      "rev": 2,
      "fields": {
        "System.AreaPath": "$ProjectName$",
        "System.TeamProject": "$ProjectName$",
        "System.IterationPath": "$ProjectName$\\Sprint 1",
        "System.WorkItemType": "Product Backlog Item",
        "System.State": "New",
        "System.Reason": "New backlog item",
        "System.CreatedDate": "2019-10-11T14:00:06.387Z",
        "System.CreatedBy": "vigarudi <vigarudi@microsoft.com>",
        "System.ChangedDate": "2019-10-15T06:50:37.827Z",
        "System.ChangedBy": "Durga Prasad Booga <v-dup@microsoft.com>",
        "System.Title": "Definition of Ready",
        "Microsoft.VSTS.Scheduling.Effort": 0.0,
        "System.Description": "<div>Description:&nbsp; The Definition of Ready (DoR) are the criteria that a user&nbsp;story must meet in order to be considered for inclusion into an iteration.&nbsp; It&nbsp;is important to note that&nbsp;Agile intends that business people and&nbsp;developers work together daily and use face to face communication as&nbsp;much as possible. The Definition of Ready should support that and should&nbsp;not impose too many rules on the product owner and the team.&nbsp;​</div><div>&nbsp;​</div><div>Benefits: Helps the team avoid starting work that is not well-defined&nbsp;resulting in excessive rework or an unfinished story at the end of the&nbsp;sprint.&nbsp; Provides clear grounds for not including unclear work into an&nbsp;iteration.&nbsp;​</div><div><br></div>",
        "System.AssignedTo": "craig109@outlook.com",
        "Microsoft.VSTS.Scheduling.RemainingWork": 0.0,
        "Microsoft.VSTS.Common.Priority": 2.0,
        "System.BoardLane": null,
        "System.Tags": "Product Owner",
        "Microsoft.VSTS.TCM.Steps": null,
        "Microsoft.VSTS.TCM.Parameters": null,
        "Microsoft.VSTS.TCM.LocalDataSource": null,
        "Microsoft.VSTS.TCM.AutomationStatus": null,
        "System.History": null
      },
      "relations": [
        {
          "rel": "System.LinkTypes.Hierarchy-Reverse",
          "url": "https://dev.azure.com/abcdsse/_apis/wit/workItems/222",
          "attributes": {
            "isLocked": "false",
            "comment": "Making a new link for the dependency",
            "name": "Parent"
          }
        }
      ],
      "url": "https://dev.azure.com/abcdsse/_apis/wit/workItems/233"
    },
    {
      "id": 232,
      "rev": 2,
      "fields": {
        "System.AreaPath": "$ProjectName$",
        "System.TeamProject": "$ProjectName$",
        "System.IterationPath": "$ProjectName$\\Sprint 1",
        "System.WorkItemType": "Product Backlog Item",
        "System.State": "New",
        "System.Reason": "New backlog item",
        "System.CreatedDate": "2019-10-11T14:00:06.247Z",
        "System.CreatedBy": "vigarudi <vigarudi@microsoft.com>",
        "System.ChangedDate": "2019-10-15T06:50:37.827Z",
        "System.ChangedBy": "Durga Prasad Booga <v-dup@microsoft.com>",
        "System.Title": "Prioritize Backlog Items",
        "Microsoft.VSTS.Scheduling.Effort": 0.0,
        "System.Description": "<div><span>As a product owner, I can&nbsp;<span style=\"display:inline !important;background-color:rgba(255, 255, 255, 1);\">prioritize </span>the backlog item so team knows what to work on first to create the highest value.</span></div><div><span><br></span></div><div><span>As a product owner, one of my responsibilities is to prioritize the backlog.&nbsp; If I only qualify one thing, qualify the cost of delay.&nbsp; </span><span>Three primary elements contribute to the Cost of Delay:&nbsp;</span></div><div><span><br></span></div><div><span>1) User-business value – Do our users prefer this over that? What is the revenue impact on our business? Is there a potential penalty or other adverse consequences if we delay?&nbsp;</span></div><div><span><br></span></div><div><span>2) Time criticality – How does the user/business value decay over time? Is there a fixed deadline? Will they wait for us or move to another solution? Are there Milestones on the critical path impacted by this?&nbsp;</span></div><div><span><br></span></div><div><span>3) Risk reduction-opportunity enablement value – What else does this do for our business? Does it reduce the risk of this or a future delivery? Is there value in the information we will receive? Will this feature open up new business opportunities?<br style=\"box-sizing:border-box;color:rgb(51, 51, 51);\"><br></span></div><div><span><br></span></div><div><span><br></span></div>",
        "System.AssignedTo": "lsteel109@outlook.com",
        "Microsoft.VSTS.Scheduling.RemainingWork": 0.0,
        "Microsoft.VSTS.Common.Priority": 1.0,
        "System.BoardLane": null,
        "System.Tags": "Product Owner",
        "Microsoft.VSTS.TCM.Steps": null,
        "Microsoft.VSTS.TCM.Parameters": null,
        "Microsoft.VSTS.TCM.LocalDataSource": null,
        "Microsoft.VSTS.TCM.AutomationStatus": null,
        "System.History": null
      },
      "relations": [
        {
          "rel": "System.LinkTypes.Hierarchy-Reverse",
          "url": "https://dev.azure.com/abcdsse/_apis/wit/workItems/222",
          "attributes": {
            "isLocked": "false",
            "comment": "Making a new link for the dependency",
            "name": "Parent"
          }
        }
      ],
      "url": "https://dev.azure.com/abcdsse/_apis/wit/workItems/232"
    },
    {
      "id": 231,
      "rev": 2,
      "fields": {
        "System.AreaPath": "$ProjectName$",
        "System.TeamProject": "$ProjectName$",
        "System.IterationPath": "$ProjectName$\\Sprint 1",
        "System.WorkItemType": "Product Backlog Item",
        "System.State": "New",
        "System.Reason": "New backlog item",
        "System.CreatedDate": "2019-10-11T14:00:06.07Z",
        "System.CreatedBy": "vigarudi <vigarudi@microsoft.com>",
        "System.ChangedDate": "2019-10-15T06:50:37.827Z",
        "System.ChangedBy": "Durga Prasad Booga <v-dup@microsoft.com>",
        "System.Title": "Perform Backlog Estimation",
        "Microsoft.VSTS.Scheduling.Effort": 0.0,
        "System.Description": "<span><div style=\"margin-top:0pt;margin-bottom:0pt;margin-left:.38in;text-indent:-.38in;unicode-bidi:embed;\">As an engineer, I should be able to perform estimations based on required effort so I can plan the release or sprint effectively.<br></div><ol><li><div style=\"margin-top:0pt;margin-bottom:0pt;margin-left:.38in;text-indent:-.38in;unicode-bidi:embed;\">Estimate the effort required to complete the product backlog item.</div></li><li><div style=\"margin-top:0pt;margin-bottom:0pt;margin-left:.38in;text-indent:-.38in;unicode-bidi:embed;\">Add tasks required to complete the product backlog item based on estimations done in step 1.<br></div></li></ol><div style=\"margin-top:0pt;margin-bottom:0pt;margin-left:.38in;text-indent:-.38in;unicode-bidi:embed;\"><br></div><div><br></div></span>",
        "System.AssignedTo": "nmunger109@outlook.com",
        "Microsoft.VSTS.Scheduling.RemainingWork": 0.0,
        "Microsoft.VSTS.Common.Priority": 1.0,
        "System.BoardLane": null,
        "System.Tags": ".Net Engineer; Java Engineer",
        "Microsoft.VSTS.TCM.Steps": null,
        "Microsoft.VSTS.TCM.Parameters": null,
        "Microsoft.VSTS.TCM.LocalDataSource": null,
        "Microsoft.VSTS.TCM.AutomationStatus": null,
        "System.History": null
      },
      "relations": [
        {
          "rel": "System.LinkTypes.Hierarchy-Reverse",
          "url": "https://dev.azure.com/abcdsse/_apis/wit/workItems/222",
          "attributes": {
            "isLocked": "false",
            "comment": "Making a new link for the dependency",
            "name": "Parent"
          }
        }
      ],
      "url": "https://dev.azure.com/abcdsse/_apis/wit/workItems/231"
    }
  ],
  "HttpStatusCode": 0,
  "Message": null
}