{
    "source": 2,
    "revision": 27,
    "description": null,
    "createdBy": {
        "displayName": "Aakanksha .",
        "url": "https://vssps.dev.azure.com/e/Microsoft/_apis/Identities/cb9715f6-e4a0-6958-99d4-f54dba591bb5",
        "_links": {
            "avatar": {
                "href": "https://#OragnizationName#.visualstudio.com/_apis/GraphProfile/MemberAvatars/aad.Y2I5NzE1ZjYtZTRhMC03OTU4LTk5ZDQtZjU0ZGJhNTkxYmI1"
            }
        },
        "id": "cb9715f6-e4a0-6958-99d4-f54dba591bb5",
        "uniqueName": "aak@microsoft.com",
        "imageUrl": "https://#OragnizationName#.visualstudio.com/_apis/GraphProfile/MemberAvatars/aad.Y2I5NzE1ZjYtZTRhMC03OTU4LTk5ZDQtZjU0ZGJhNTkxYmI1",
        "descriptor": "aad.Y2I5NzE1ZjYtZTRhMC03OTU4LTk5ZDQtZjU0ZGJhNTkxYmI1"
    },
    "createdOn": "2019-08-14T07:13:42.530Z",
    "modifiedBy": {
        "displayName": "Aakanksha .",
        "url": "https://vssps.dev.azure.com/e/Microsoft/_apis/Identities/cb9715f6-e4a0-6958-99d4-f54dba591bb5",
        "_links": {
            "avatar": {
                "href": "https://#OragnizationName#.visualstudio.com/_apis/GraphProfile/MemberAvatars/aad.Y2I5NzE1ZjYtZTRhMC03OTU4LTk5ZDQtZjU0ZGJhNTkxYmI1"
            }
        },
        "id": "cb9715f6-e4a0-6958-99d4-f54dba591bb5",
        "uniqueName": "aak@microsoft.com",
        "imageUrl": "https://#OragnizationName#.visualstudio.com/_apis/GraphProfile/MemberAvatars/aad.Y2I5NzE1ZjYtZTRhMC03OTU4LTk5ZDQtZjU0ZGJhNTkxYmI1",
        "descriptor": "aad.Y2I5NzE1ZjYtZTRhMC03OTU4LTk5ZDQtZjU0ZGJhNTkxYmI1"
    },
    "modifiedOn": "2019-09-26T07:25:26.990Z",
    "isDeleted": false,
    "lastRelease": {
        "id": 203,
        "name": "Release-4",
        "artifacts": [],
        "_links": {},
        "description": "",
        "releaseDefinition": {
            "id": 19,
            "projectReference": null,
            "_links": {}
        },
        "createdOn": "2019-09-26T10:14:05.517Z",
        "createdBy": {
            "displayName": "Aakanksha .",
            "url": "https://vssps.dev.azure.com/e/Microsoft/_apis/Identities/cb9715f6-e4a0-6958-99d4-f54dba591bb5",
            "_links": {
                "avatar": {
                    "href": "https://#OragnizationName#.visualstudio.com/_apis/GraphProfile/MemberAvatars/aad.Y2I5NzE1ZjYtZTRhMC03OTU4LTk5ZDQtZjU0ZGJhNTkxYmI1"
                }
            },
            "id": "cb9715f6-e4a0-6958-99d4-f54dba591bb5",
            "uniqueName": "aak@microsoft.com",
            "imageUrl": "https://#OragnizationName#.visualstudio.com/_apis/GraphProfile/MemberAvatars/aad.Y2I5NzE1ZjYtZTRhMC03OTU4LTk5ZDQtZjU0ZGJhNTkxYmI1",
            "descriptor": "aad.Y2I5NzE1ZjYtZTRhMC03OTU4LTk5ZDQtZjU0ZGJhNTkxYmI1"
        }
    },
    "variables": {
        "system.debug": {
            "value": "true"
        }
    },
    "variableGroups": [
        #All-Stages-Booking#
    ],
    "environments": [
        {
            "id": 104,
            "name": "Release to DEV",
            "rank": 1,
            "owner": {
                "displayName": "Aakanksha .",
                "url": "https://vssps.dev.azure.com/e/Microsoft/_apis/Identities/cb9715f6-e4a0-6958-99d4-f54dba591bb5",
                "_links": {
                    "avatar": {
                        "href": "https://#OragnizationName#.visualstudio.com/_apis/GraphProfile/MemberAvatars/aad.Y2I5NzE1ZjYtZTRhMC03OTU4LTk5ZDQtZjU0ZGJhNTkxYmI1"
                    }
                },
                "id": "cb9715f6-e4a0-6958-99d4-f54dba591bb5",
                "uniqueName": "aak@microsoft.com",
                "imageUrl": "https://#OragnizationName#.visualstudio.com/_apis/GraphProfile/MemberAvatars/aad.Y2I5NzE1ZjYtZTRhMC03OTU4LTk5ZDQtZjU0ZGJhNTkxYmI1",
                "descriptor": "aad.Y2I5NzE1ZjYtZTRhMC03OTU4LTk5ZDQtZjU0ZGJhNTkxYmI1"
            },
            "variables": {},
            "variableGroups": [
                #Bookings-DEV#
            ],
            "preDeployApprovals": {
                "approvals": [
                    {
                        "rank": 1,
                        "isAutomated": true,
                        "isNotificationOn": false,
                        "id": 311
                    }
                ],
                "approvalOptions": {
                    "requiredApproverCount": null,
                    "releaseCreatorCanBeApprover": false,
                    "autoTriggeredAndPreviousEnvironmentApprovedCanBeSkipped": false,
                    "enforceIdentityRevalidation": false,
                    "timeoutInMinutes": 0,
                    "executionOrder": 1
                }
            },
            "deployStep": {
                "id": 314
            },
            "postDeployApprovals": {
                "approvals": [
                    {
                        "rank": 1,
                        "isAutomated": true,
                        "isNotificationOn": false,
                        "id": 315
                    }
                ],
                "approvalOptions": {
                    "requiredApproverCount": null,
                    "releaseCreatorCanBeApprover": false,
                    "autoTriggeredAndPreviousEnvironmentApprovedCanBeSkipped": false,
                    "enforceIdentityRevalidation": false,
                    "timeoutInMinutes": 0,
                    "executionOrder": 2
                }
            },
            "deployPhases": [
                {
                    "deploymentInput": {
                        "parallelExecution": {
                            "parallelExecutionType": 0
                        },
                        "agentSpecification": null,
                        "skipArtifactsDownload": false,
                        "artifactsDownloadInput": {
                            "downloadInputs": [
                                {
                                    "alias": "_Build Shared Services and PaaS",
                                    "artifactType": "Build",
                                    "artifactDownloadMode": "All",
                                    "artifactItems": []
                                }
                            ]
                        },
                        "queueId": #Queid4720#,
                        "demands": [],
                        "enableAccessToken": false,
                        "timeoutInMinutes": 0,
                        "jobCancelTimeoutInMinutes": 1,
                        "condition": "succeeded()",
                        "overrideInputs": {}
                    },
                    "rank": 1,
                    "phaseType": 1,
                    "name": "Provision and Deploy",
                    "refName": null,
                    "workflowTasks": [
                        {
                            "environment": {},
                            "taskId": "#Bookings-CD-Base#",
                            "version": "1.*",
                            "name": "Task group: Bookings-CD-Base $(administratorLogin)",
                            "refName": "",
                            "enabled": true,
                            "alwaysRun": true,
                            "continueOnError": true,
                            "timeoutInMinutes": 0,
                            "definitionType": "metaTask",
                            "overrideInputs": {},
                            "condition": "succeededOrFailed()",
                            "inputs": {
                                "administratorLogin": "$(administratorLogin)",
                                "administratorsid": "$(administratorsid)",
                                "appserviceplan": "$(appserviceplan)",
                                "authenticationMode": "$(authenticationMode)",
                                "databasename": "$(databasename)",
                                "resourcegroup": "$(resourcegroup)",
                                "rglocation": "$(rglocation)",
                                "securitylogstorageaccountaccesskey": "$(securitylogstorageaccountaccesskey)",
                                "securitylogstorageaccountendpoint": "$(securitylogstorageaccountendpoint)",
                                "sqlserver": "$(sqlserver)",
                                "sqlserveradmin": "$(sqlserveradmin)",
                                "sqlserveradministratorpassword": "$(sqlserveradministratorpassword)",
                                "webapp": "$(webapp)"
                            }
                        }
                    ]
                }
            ],
            "environmentOptions": {
                "emailNotificationType": "OnlyOnFailure",
                "emailRecipients": "release.environment.owner;release.creator",
                "skipArtifactsDownload": false,
                "timeoutInMinutes": 0,
                "enableAccessToken": false,
                "publishDeploymentStatus": true,
                "badgeEnabled": false,
                "autoLinkWorkItems": false,
                "pullRequestDeploymentEnabled": false
            },
            "demands": [],
            "conditions": [
                {
                    "name": "ReleaseStarted",
                    "conditionType": 1,
                    "value": ""
                }
            ],
            "executionPolicy": {
                "concurrencyCount": 1,
                "queueDepthCount": 0
            },
            "schedules": [],
            "currentRelease": {
                "id": 203,
                "url": "https://#OragnizationName#.vsrm.visualstudio.com/#ProjectID#/_apis/Release/releases/203",
                "_links": {}
            },
            "retentionPolicy": {
                "daysToKeep": 30,
                "releasesToKeep": 3,
                "retainBuild": true
            },
            "processParameters": {},
            "properties": {
                "LinkBoardsWorkItems": {
                    "$type": "System.String",
                    "$value": "False"
                }
            },
            "preDeploymentGates": {
                "id": 0,
                "gatesOptions": {
                    "isEnabled": false,
                    "timeout": 1440,
                    "samplingInterval": 15,
                    "stabilizationTime": 5,
                    "minimumSuccessDuration": 0
                },
                "gates": []
            },
            "postDeploymentGates": {
                "id": 0,
                "gatesOptions": null,
                "gates": []
            },
            "environmentTriggers": [],
            "badgeUrl": "https://#OragnizationName#.vsrm.visualstudio.com/_apis/public/Release/badge/#ProjectID#/19/104"
        },
        {
            "id": 105,
            "name": "Undeploy DEV",
            "rank": 2,
            "owner": {
                "displayName": "Aakanksha .",
                "url": "https://vssps.dev.azure.com/e/Microsoft/_apis/Identities/cb9715f6-e4a0-6958-99d4-f54dba591bb5",
                "_links": {
                    "avatar": {
                        "href": "https://#OragnizationName#.visualstudio.com/_apis/GraphProfile/MemberAvatars/aad.Y2I5NzE1ZjYtZTRhMC03OTU4LTk5ZDQtZjU0ZGJhNTkxYmI1"
                    }
                },
                "id": "cb9715f6-e4a0-6958-99d4-f54dba591bb5",
                "uniqueName": "aak@microsoft.com",
                "imageUrl": "https://#OragnizationName#.visualstudio.com/_apis/GraphProfile/MemberAvatars/aad.Y2I5NzE1ZjYtZTRhMC03OTU4LTk5ZDQtZjU0ZGJhNTkxYmI1",
                "descriptor": "aad.Y2I5NzE1ZjYtZTRhMC03OTU4LTk5ZDQtZjU0ZGJhNTkxYmI1"
            },
            "variables": {},
            "variableGroups": [
                #Bookings-DEV#
            ],
            "preDeployApprovals": {
                "approvals": [
                    {
                        "rank": 1,
                        "isAutomated": false,
                        "isNotificationOn": false,
                        "approver": {
                            "displayName": "[#ProjectName#]\\#ProjectName# Team",
                            "url": "https://vssps.dev.azure.com/e/Microsoft/_apis/Identities/#TeamID#",
                            "_links": {
                                "avatar": {
                                    "href": "https://#OragnizationName#.visualstudio.com/_apis/GraphProfile/MemberAvatars/vssgp.Uy0xLTktMTU1MTM3NDI0NS0zODUzOTg2MzMyLTI3OTQxNjM1MzUtMzEzNDgzNzAxMC0zODY4ODE0NjczLTEtMzI0ODU1NDk2Mi00NzQyMjAwOTYtMzE2NjE5MzQ0Ni0xMTEwNTE2Mjcx"
                                }
                            },
                            "id": "#TeamID#",
                            "uniqueName": "vstfs:///Classification/TeamProject/#ProjectID#\\#ProjectName# Team",
                            "imageUrl": "https://#OragnizationName#.visualstudio.com/_apis/GraphProfile/MemberAvatars/vssgp.Uy0xLTktMTU1MTM3NDI0NS0zODUzOTg2MzMyLTI3OTQxNjM1MzUtMzEzNDgzNzAxMC0zODY4ODE0NjczLTEtMzI0ODU1NDk2Mi00NzQyMjAwOTYtMzE2NjE5MzQ0Ni0xMTEwNTE2Mjcx",
                            "isContainer": true,
                            "descriptor": "vssgp.Uy0xLTktMTU1MTM3NDI0NS0zODUzOTg2MzMyLTI3OTQxNjM1MzUtMzEzNDgzNzAxMC0zODY4ODE0NjczLTEtMzI0ODU1NDk2Mi00NzQyMjAwOTYtMzE2NjE5MzQ0Ni0xMTEwNTE2Mjcx"
                        },
                        "id": 330
                    }
                ],
                "approvalOptions": {
                    "requiredApproverCount": null,
                    "releaseCreatorCanBeApprover": true,
                    "autoTriggeredAndPreviousEnvironmentApprovedCanBeSkipped": false,
                    "enforceIdentityRevalidation": false,
                    "timeoutInMinutes": 0,
                    "executionOrder": 1
                }
            },
            "deployStep": {
                "id": 313
            },
            "postDeployApprovals": {
                "approvals": [
                    {
                        "rank": 1,
                        "isAutomated": true,
                        "isNotificationOn": false,
                        "id": 316
                    }
                ],
                "approvalOptions": {
                    "requiredApproverCount": null,
                    "releaseCreatorCanBeApprover": false,
                    "autoTriggeredAndPreviousEnvironmentApprovedCanBeSkipped": false,
                    "enforceIdentityRevalidation": false,
                    "timeoutInMinutes": 0,
                    "executionOrder": 2
                }
            },
            "deployPhases": [
                {
                    "deploymentInput": {
                        "parallelExecution": {
                            "parallelExecutionType": 0
                        },
                        "agentSpecification": null,
                        "skipArtifactsDownload": false,
                        "artifactsDownloadInput": {
                            "downloadInputs": []
                        },
                        "queueId": #Queid4720#,
                        "demands": [],
                        "enableAccessToken": false,
                        "timeoutInMinutes": 0,
                        "jobCancelTimeoutInMinutes": 1,
                        "condition": "succeeded()",
                        "overrideInputs": {}
                    },
                    "rank": 1,
                    "phaseType": 1,
                    "name": "Undeploy DEV",
                    "refName": null,
                    "workflowTasks": [
                        {
                            "environment": {},
                            "taskId": "72a1931b-effb-4d2e-8fd8-f8472a07cb62",
                            "version": "4.*",
                            "name": "Azure PowerShell script: FilePath",
                            "refName": "",
                            "enabled": true,
                            "alwaysRun": false,
                            "continueOnError": false,
                            "timeoutInMinutes": 0,
                            "definitionType": "task",
                            "overrideInputs": {},
                            "condition": "succeeded()",
                            "inputs": {
                                "ConnectedServiceNameARM": "#ConnectedServiceName#",
                                "ScriptType": "FilePath",
                                "ScriptPath": "$(System.DefaultWorkingDirectory)/_Bookings-CI/drop/ModernizationWithAppServiceDotNET/SmartHotel360.Registration.ARM/AppServices/UndeployAppService.ps1",
                                "Inline": "# You can write your azure powershell scripts inline here. \n# You can also pass predefined and custom variables to this script using arguments",
                                "ScriptArguments": "-ResourceGroupName '$(resourcegroup)' -WebAppName '$(webapp)' -AppServicePlanName '$(appserviceplan)' -SqlServerName '$(sqlserver)'",
                                "errorActionPreference": "stop",
                                "FailOnStandardError": "false",
                                "TargetAzurePs": "LatestVersion",
                                "CustomTargetAzurePs": ""
                            }
                        }
                    ]
                }
            ],
            "environmentOptions": {
                "emailNotificationType": "OnlyOnFailure",
                "emailRecipients": "release.environment.owner;release.creator",
                "skipArtifactsDownload": false,
                "timeoutInMinutes": 0,
                "enableAccessToken": false,
                "publishDeploymentStatus": true,
                "badgeEnabled": false,
                "autoLinkWorkItems": false,
                "pullRequestDeploymentEnabled": false
            },
            "demands": [],
            "conditions": [
                {
                    "name": "Release to DEV",
                    "conditionType": 2,
                    "value": "132"
                }
            ],
            "executionPolicy": {
                "concurrencyCount": 1,
                "queueDepthCount": 0
            },
            "schedules": [],
            "currentRelease": {
                "id": 0,
                "url": "https://#OragnizationName#.vsrm.visualstudio.com/#ProjectID#/_apis/Release/releases/0",
                "_links": {}
            },
            "retentionPolicy": {
                "daysToKeep": 30,
                "releasesToKeep": 3,
                "retainBuild": true
            },
            "processParameters": {},
            "properties": {
                "LinkBoardsWorkItems": {
                    "$type": "System.String",
                    "$value": "False"
                }
            },
            "preDeploymentGates": {
                "id": 0,
                "gatesOptions": null,
                "gates": []
            },
            "postDeploymentGates": {
                "id": 0,
                "gatesOptions": null,
                "gates": []
            },
            "environmentTriggers": [],
            "badgeUrl": "https://#OragnizationName#.vsrm.visualstudio.com/_apis/public/Release/badge/#ProjectID#/19/105"
        },
        {
            "id": 106,
            "name": "Release to QA",
            "rank": 3,
            "owner": {
                "displayName": "Aakanksha .",
                "url": "https://vssps.dev.azure.com/e/Microsoft/_apis/Identities/cb9715f6-e4a0-6958-99d4-f54dba591bb5",
                "_links": {
                    "avatar": {
                        "href": "https://#OragnizationName#.visualstudio.com/_apis/GraphProfile/MemberAvatars/aad.Y2I5NzE1ZjYtZTRhMC03OTU4LTk5ZDQtZjU0ZGJhNTkxYmI1"
                    }
                },
                "id": "cb9715f6-e4a0-6958-99d4-f54dba591bb5",
                "uniqueName": "aak@microsoft.com",
                "imageUrl": "https://#OragnizationName#.visualstudio.com/_apis/GraphProfile/MemberAvatars/aad.Y2I5NzE1ZjYtZTRhMC03OTU4LTk5ZDQtZjU0ZGJhNTkxYmI1",
                "descriptor": "aad.Y2I5NzE1ZjYtZTRhMC03OTU4LTk5ZDQtZjU0ZGJhNTkxYmI1"
            },
            "variables": {},
            "variableGroups": [
                #Bookings-QA#
            ],
            "preDeployApprovals": {
                "approvals": [
                    {
                        "rank": 1,
                        "isAutomated": false,
                        "isNotificationOn": false,
                        "approver": {
                            "displayName": "[#ProjectName#]\\#ProjectName# Team",
                            "url": "https://vssps.dev.azure.com/e/Microsoft/_apis/Identities/#TeamID#",
                            "_links": {
                                "avatar": {
                                    "href": "https://#OragnizationName#.visualstudio.com/_apis/GraphProfile/MemberAvatars/vssgp.Uy0xLTktMTU1MTM3NDI0NS0zODUzOTg2MzMyLTI3OTQxNjM1MzUtMzEzNDgzNzAxMC0zODY4ODE0NjczLTEtMzI0ODU1NDk2Mi00NzQyMjAwOTYtMzE2NjE5MzQ0Ni0xMTEwNTE2Mjcx"
                                }
                            },
                            "id": "#TeamID#",
                            "uniqueName": "vstfs:///Classification/TeamProject/#ProjectID#\\#ProjectName# Team",
                            "imageUrl": "https://#OragnizationName#.visualstudio.com/_apis/GraphProfile/MemberAvatars/vssgp.Uy0xLTktMTU1MTM3NDI0NS0zODUzOTg2MzMyLTI3OTQxNjM1MzUtMzEzNDgzNzAxMC0zODY4ODE0NjczLTEtMzI0ODU1NDk2Mi00NzQyMjAwOTYtMzE2NjE5MzQ0Ni0xMTEwNTE2Mjcx",
                            "isContainer": true,
                            "descriptor": "vssgp.Uy0xLTktMTU1MTM3NDI0NS0zODUzOTg2MzMyLTI3OTQxNjM1MzUtMzEzNDgzNzAxMC0zODY4ODE0NjczLTEtMzI0ODU1NDk2Mi00NzQyMjAwOTYtMzE2NjE5MzQ0Ni0xMTEwNTE2Mjcx"
                        },
                        "id": 323
                    }
                ],
                "approvalOptions": {
                    "requiredApproverCount": null,
                    "releaseCreatorCanBeApprover": true,
                    "autoTriggeredAndPreviousEnvironmentApprovedCanBeSkipped": false,
                    "enforceIdentityRevalidation": false,
                    "timeoutInMinutes": 0,
                    "executionOrder": 1
                }
            },
            "deployStep": {
                "id": 318
            },
            "postDeployApprovals": {
                "approvals": [
                    {
                        "rank": 1,
                        "isAutomated": true,
                        "isNotificationOn": false,
                        "id": 319
                    }
                ],
                "approvalOptions": {
                    "requiredApproverCount": null,
                    "releaseCreatorCanBeApprover": false,
                    "autoTriggeredAndPreviousEnvironmentApprovedCanBeSkipped": false,
                    "enforceIdentityRevalidation": false,
                    "timeoutInMinutes": 0,
                    "executionOrder": 2
                }
            },
            "deployPhases": [
                {
                    "deploymentInput": {
                        "parallelExecution": {
                            "parallelExecutionType": 0
                        },
                        "agentSpecification": null,
                        "skipArtifactsDownload": false,
                        "artifactsDownloadInput": {
                            "downloadInputs": [
                                {
                                    "alias": "_Build Shared Services and PaaS",
                                    "artifactType": "Build",
                                    "artifactDownloadMode": "All",
                                    "artifactItems": []
                                }
                            ]
                        },
                        "queueId": #Queid4720#,
                        "demands": [],
                        "enableAccessToken": false,
                        "timeoutInMinutes": 0,
                        "jobCancelTimeoutInMinutes": 1,
                        "condition": "succeeded()",
                        "overrideInputs": {}
                    },
                    "rank": 1,
                    "phaseType": 1,
                    "name": "Provision and Deploy",
                    "refName": null,
                    "workflowTasks": [
                        {
                            "environment": {},
                            "taskId": "#Bookings-CD-Base#",
                            "version": "1.*",
                            "name": "Task group: Bookings-CD-Base $(administratorLogin)",
                            "refName": "",
                            "enabled": true,
                            "alwaysRun": true,
                            "continueOnError": true,
                            "timeoutInMinutes": 0,
                            "definitionType": "metaTask",
                            "overrideInputs": {},
                            "condition": "succeededOrFailed()",
                            "inputs": {
                                "administratorLogin": "$(administratorLogin)",
                                "administratorsid": "$(administratorsid)",
                                "appserviceplan": "$(appserviceplan)",
                                "authenticationMode": "$(authenticationMode)",
                                "databasename": "$(databasename)",
                                "resourcegroup": "$(resourcegroup)",
                                "rglocation": "$(rglocation)",
                                "securitylogstorageaccountaccesskey": "$(securitylogstorageaccountaccesskey)",
                                "securitylogstorageaccountendpoint": "$(securitylogstorageaccountendpoint)",
                                "sqlserver": "$(sqlserver)",
                                "sqlserveradmin": "$(sqlserveradmin)",
                                "sqlserveradministratorpassword": "$(sqlserveradministratorpassword)",
                                "webapp": "$(webapp)"
                            }
                        }
                    ]
                }
            ],
            "environmentOptions": {
                "emailNotificationType": "OnlyOnFailure",
                "emailRecipients": "release.environment.owner;release.creator",
                "skipArtifactsDownload": false,
                "timeoutInMinutes": 0,
                "enableAccessToken": false,
                "publishDeploymentStatus": true,
                "badgeEnabled": false,
                "autoLinkWorkItems": false,
                "pullRequestDeploymentEnabled": false
            },
            "demands": [],
            "conditions": [
                {
                    "name": "Release to DEV",
                    "conditionType": 2,
                    "value": "4"
                }
            ],
            "executionPolicy": {
                "concurrencyCount": 1,
                "queueDepthCount": 0
            },
            "schedules": [],
            "currentRelease": {
                "id": 203,
                "url": "https://#OragnizationName#.vsrm.visualstudio.com/#ProjectID#/_apis/Release/releases/203",
                "_links": {}
            },
            "retentionPolicy": {
                "daysToKeep": 30,
                "releasesToKeep": 3,
                "retainBuild": true
            },
            "processParameters": {},
            "properties": {
                "LinkBoardsWorkItems": {
                    "$type": "System.String",
                    "$value": "False"
                }
            },
            "preDeploymentGates": {
                "id": 0,
                "gatesOptions": {
                    "isEnabled": false,
                    "timeout": 1440,
                    "samplingInterval": 15,
                    "stabilizationTime": 5,
                    "minimumSuccessDuration": 0
                },
                "gates": []
            },
            "postDeploymentGates": {
                "id": 0,
                "gatesOptions": null,
                "gates": []
            },
            "environmentTriggers": [],
            "badgeUrl": "https://#OragnizationName#.vsrm.visualstudio.com/_apis/public/Release/badge/#ProjectID#/19/106"
        },
        {
            "id": 107,
            "name": "Undeploy QA",
            "rank": 4,
            "owner": {
                "displayName": "Aakanksha .",
                "url": "https://vssps.dev.azure.com/e/Microsoft/_apis/Identities/cb9715f6-e4a0-6958-99d4-f54dba591bb5",
                "_links": {
                    "avatar": {
                        "href": "https://#OragnizationName#.visualstudio.com/_apis/GraphProfile/MemberAvatars/aad.Y2I5NzE1ZjYtZTRhMC03OTU4LTk5ZDQtZjU0ZGJhNTkxYmI1"
                    }
                },
                "id": "cb9715f6-e4a0-6958-99d4-f54dba591bb5",
                "uniqueName": "aak@microsoft.com",
                "imageUrl": "https://#OragnizationName#.visualstudio.com/_apis/GraphProfile/MemberAvatars/aad.Y2I5NzE1ZjYtZTRhMC03OTU4LTk5ZDQtZjU0ZGJhNTkxYmI1",
                "descriptor": "aad.Y2I5NzE1ZjYtZTRhMC03OTU4LTk5ZDQtZjU0ZGJhNTkxYmI1"
            },
            "variables": {},
            "variableGroups": [
                #Bookings-QA#
            ],
            "preDeployApprovals": {
                "approvals": [
                    {
                        "rank": 1,
                        "isAutomated": false,
                        "isNotificationOn": false,
                        "approver": {
                            "displayName": "[#ProjectName#]\\#ProjectName# Team",
                            "url": "https://vssps.dev.azure.com/e/Microsoft/_apis/Identities/#TeamID#",
                            "_links": {
                                "avatar": {
                                    "href": "https://#OragnizationName#.visualstudio.com/_apis/GraphProfile/MemberAvatars/vssgp.Uy0xLTktMTU1MTM3NDI0NS0zODUzOTg2MzMyLTI3OTQxNjM1MzUtMzEzNDgzNzAxMC0zODY4ODE0NjczLTEtMzI0ODU1NDk2Mi00NzQyMjAwOTYtMzE2NjE5MzQ0Ni0xMTEwNTE2Mjcx"
                                }
                            },
                            "id": "#TeamID#",
                            "uniqueName": "vstfs:///Classification/TeamProject/#ProjectID#\\#ProjectName# Team",
                            "imageUrl": "https://#OragnizationName#.visualstudio.com/_apis/GraphProfile/MemberAvatars/vssgp.Uy0xLTktMTU1MTM3NDI0NS0zODUzOTg2MzMyLTI3OTQxNjM1MzUtMzEzNDgzNzAxMC0zODY4ODE0NjczLTEtMzI0ODU1NDk2Mi00NzQyMjAwOTYtMzE2NjE5MzQ0Ni0xMTEwNTE2Mjcx",
                            "isContainer": true,
                            "descriptor": "vssgp.Uy0xLTktMTU1MTM3NDI0NS0zODUzOTg2MzMyLTI3OTQxNjM1MzUtMzEzNDgzNzAxMC0zODY4ODE0NjczLTEtMzI0ODU1NDk2Mi00NzQyMjAwOTYtMzE2NjE5MzQ0Ni0xMTEwNTE2Mjcx"
                        },
                        "id": 331
                    }
                ],
                "approvalOptions": {
                    "requiredApproverCount": null,
                    "releaseCreatorCanBeApprover": true,
                    "autoTriggeredAndPreviousEnvironmentApprovedCanBeSkipped": false,
                    "enforceIdentityRevalidation": false,
                    "timeoutInMinutes": 0,
                    "executionOrder": 1
                }
            },
            "deployStep": {
                "id": 321
            },
            "postDeployApprovals": {
                "approvals": [
                    {
                        "rank": 1,
                        "isAutomated": true,
                        "isNotificationOn": false,
                        "id": 322
                    }
                ],
                "approvalOptions": {
                    "requiredApproverCount": null,
                    "releaseCreatorCanBeApprover": false,
                    "autoTriggeredAndPreviousEnvironmentApprovedCanBeSkipped": false,
                    "enforceIdentityRevalidation": false,
                    "timeoutInMinutes": 0,
                    "executionOrder": 2
                }
            },
            "deployPhases": [
                {
                    "deploymentInput": {
                        "parallelExecution": {
                            "parallelExecutionType": 0
                        },
                        "agentSpecification": null,
                        "skipArtifactsDownload": false,
                        "artifactsDownloadInput": {
                            "downloadInputs": [
                                {
                                    "alias": "_Build Shared Services and PaaS",
                                    "artifactType": "Build",
                                    "artifactDownloadMode": "All",
                                    "artifactItems": []
                                }
                            ]
                        },
                        "queueId": #Queid4720#,
                        "demands": [],
                        "enableAccessToken": false,
                        "timeoutInMinutes": 0,
                        "jobCancelTimeoutInMinutes": 1,
                        "condition": "succeeded()",
                        "overrideInputs": {}
                    },
                    "rank": 1,
                    "phaseType": 1,
                    "name": "Undeploy QA",
                    "refName": null,
                    "workflowTasks": [
                        {
                            "environment": {},
                            "taskId": "72a1931b-effb-4d2e-8fd8-f8472a07cb62",
                            "version": "4.*",
                            "name": "Azure PowerShell script: FilePath",
                            "refName": "",
                            "enabled": true,
                            "alwaysRun": false,
                            "continueOnError": false,
                            "timeoutInMinutes": 0,
                            "definitionType": "task",
                            "overrideInputs": {},
                            "condition": "succeeded()",
                            "inputs": {
                                "ConnectedServiceNameARM": "#ConnectedServiceName#",
                                "ScriptType": "FilePath",
                                "ScriptPath": "$(System.DefaultWorkingDirectory)/_Bookings-CI/drop/ModernizationWithAppServiceDotNET/SmartHotel360.Registration.ARM/AppServices/UndeployAppService.ps1",
                                "Inline": "# You can write your azure powershell scripts inline here. \n# You can also pass predefined and custom variables to this script using arguments",
                                "ScriptArguments": "-ResourceGroupName '$(resourcegroup)' -WebAppName '$(webapp)' -AppServicePlanName '$(appserviceplan)' -SqlServerName '$(sqlserver)'",
                                "errorActionPreference": "stop",
                                "FailOnStandardError": "false",
                                "TargetAzurePs": "LatestVersion",
                                "CustomTargetAzurePs": ""
                            }
                        }
                    ]
                }
            ],
            "environmentOptions": {
                "emailNotificationType": "OnlyOnFailure",
                "emailRecipients": "release.environment.owner;release.creator",
                "skipArtifactsDownload": false,
                "timeoutInMinutes": 0,
                "enableAccessToken": false,
                "publishDeploymentStatus": true,
                "badgeEnabled": false,
                "autoLinkWorkItems": false,
                "pullRequestDeploymentEnabled": false
            },
            "demands": [],
            "conditions": [
                {
                    "name": "Release to QA",
                    "conditionType": 2,
                    "value": "132"
                }
            ],
            "executionPolicy": {
                "concurrencyCount": 1,
                "queueDepthCount": 0
            },
            "schedules": [],
            "currentRelease": {
                "id": 0,
                "url": "https://#OragnizationName#.vsrm.visualstudio.com/#ProjectID#/_apis/Release/releases/0",
                "_links": {}
            },
            "retentionPolicy": {
                "daysToKeep": 30,
                "releasesToKeep": 3,
                "retainBuild": true
            },
            "processParameters": {},
            "properties": {
                "LinkBoardsWorkItems": {
                    "$type": "System.String",
                    "$value": "False"
                }
            },
            "preDeploymentGates": {
                "id": 0,
                "gatesOptions": null,
                "gates": []
            },
            "postDeploymentGates": {
                "id": 0,
                "gatesOptions": null,
                "gates": []
            },
            "environmentTriggers": [],
            "badgeUrl": "https://#OragnizationName#.vsrm.visualstudio.com/_apis/public/Release/badge/#ProjectID#/19/107"
        },
        {
            "id": 108,
            "name": "Release to SIT",
            "rank": 5,
            "owner": {
                "displayName": "Aakanksha .",
                "url": "https://vssps.dev.azure.com/e/Microsoft/_apis/Identities/cb9715f6-e4a0-6958-99d4-f54dba591bb5",
                "_links": {
                    "avatar": {
                        "href": "https://#OragnizationName#.visualstudio.com/_apis/GraphProfile/MemberAvatars/aad.Y2I5NzE1ZjYtZTRhMC03OTU4LTk5ZDQtZjU0ZGJhNTkxYmI1"
                    }
                },
                "id": "cb9715f6-e4a0-6958-99d4-f54dba591bb5",
                "uniqueName": "aak@microsoft.com",
                "imageUrl": "https://#OragnizationName#.visualstudio.com/_apis/GraphProfile/MemberAvatars/aad.Y2I5NzE1ZjYtZTRhMC03OTU4LTk5ZDQtZjU0ZGJhNTkxYmI1",
                "descriptor": "aad.Y2I5NzE1ZjYtZTRhMC03OTU4LTk5ZDQtZjU0ZGJhNTkxYmI1"
            },
            "variables": {},
            "variableGroups": [
                #Bookings-SIT#
            ],
            "preDeployApprovals": {
                "approvals": [
                    {
                        "rank": 1,
                        "isAutomated": true,
                        "isNotificationOn": false,
                        "id": 345
                    }
                ],
                "approvalOptions": {
                    "requiredApproverCount": null,
                    "releaseCreatorCanBeApprover": false,
                    "autoTriggeredAndPreviousEnvironmentApprovedCanBeSkipped": false,
                    "enforceIdentityRevalidation": false,
                    "timeoutInMinutes": 0,
                    "executionOrder": 1
                }
            },
            "deployStep": {
                "id": 325
            },
            "postDeployApprovals": {
                "approvals": [
                    {
                        "rank": 1,
                        "isAutomated": true,
                        "isNotificationOn": false,
                        "id": 326
                    }
                ],
                "approvalOptions": {
                    "requiredApproverCount": null,
                    "releaseCreatorCanBeApprover": false,
                    "autoTriggeredAndPreviousEnvironmentApprovedCanBeSkipped": false,
                    "enforceIdentityRevalidation": false,
                    "timeoutInMinutes": 0,
                    "executionOrder": 2
                }
            },
            "deployPhases": [
                {
                    "deploymentInput": {
                        "parallelExecution": {
                            "parallelExecutionType": 0
                        },
                        "agentSpecification": null,
                        "skipArtifactsDownload": false,
                        "artifactsDownloadInput": {
                            "downloadInputs": [
                                {
                                    "alias": "_Build Shared Services and PaaS",
                                    "artifactType": "Build",
                                    "artifactDownloadMode": "All",
                                    "artifactItems": []
                                }
                            ]
                        },
                        "queueId": #Queid4720#,
                        "demands": [],
                        "enableAccessToken": false,
                        "timeoutInMinutes": 0,
                        "jobCancelTimeoutInMinutes": 1,
                        "condition": "succeeded()",
                        "overrideInputs": {}
                    },
                    "rank": 1,
                    "phaseType": 1,
                    "name": "Provision and Deploy",
                    "refName": null,
                    "workflowTasks": [
                        {
                            "environment": {},
                            "taskId": "#Bookings-CD-Base#",
                            "version": "1.*",
                            "name": "Task group: Bookings-CD-Base $(administratorLogin)",
                            "refName": "",
                            "enabled": true,
                            "alwaysRun": true,
                            "continueOnError": true,
                            "timeoutInMinutes": 0,
                            "definitionType": "metaTask",
                            "overrideInputs": {},
                            "condition": "succeededOrFailed()",
                            "inputs": {
                                "administratorLogin": "$(administratorLogin)",
                                "administratorsid": "$(administratorsid)",
                                "appserviceplan": "$(appserviceplan)",
                                "authenticationMode": "$(authenticationMode)",
                                "databasename": "$(databasename)",
                                "resourcegroup": "$(resourcegroup)",
                                "rglocation": "$(rglocation)",
                                "securitylogstorageaccountaccesskey": "$(securitylogstorageaccountaccesskey)",
                                "securitylogstorageaccountendpoint": "$(securitylogstorageaccountendpoint)",
                                "sqlserver": "$(sqlserver)",
                                "sqlserveradmin": "$(sqlserveradmin)",
                                "sqlserveradministratorpassword": "$(sqlserveradministratorpassword)",
                                "webapp": "$(webapp)"
                            }
                        }
                    ]
                }
            ],
            "environmentOptions": {
                "emailNotificationType": "OnlyOnFailure",
                "emailRecipients": "release.environment.owner;release.creator",
                "skipArtifactsDownload": false,
                "timeoutInMinutes": 0,
                "enableAccessToken": false,
                "publishDeploymentStatus": true,
                "badgeEnabled": false,
                "autoLinkWorkItems": false,
                "pullRequestDeploymentEnabled": false
            },
            "demands": [],
            "conditions": [
                {
                    "name": "Release to QA",
                    "conditionType": 2,
                    "value": "4"
                }
            ],
            "executionPolicy": {
                "concurrencyCount": 1,
                "queueDepthCount": 0
            },
            "schedules": [],
            "currentRelease": {
                "id": 203,
                "url": "https://#OragnizationName#.vsrm.visualstudio.com/#ProjectID#/_apis/Release/releases/203",
                "_links": {}
            },
            "retentionPolicy": {
                "daysToKeep": 30,
                "releasesToKeep": 3,
                "retainBuild": true
            },
            "processParameters": {},
            "properties": {
                "LinkBoardsWorkItems": {
                    "$type": "System.String",
                    "$value": "False"
                }
            },
            "preDeploymentGates": {
                "id": 0,
                "gatesOptions": {
                    "isEnabled": false,
                    "timeout": 1440,
                    "samplingInterval": 15,
                    "stabilizationTime": 5,
                    "minimumSuccessDuration": 0
                },
                "gates": []
            },
            "postDeploymentGates": {
                "id": 0,
                "gatesOptions": null,
                "gates": []
            },
            "environmentTriggers": [],
            "badgeUrl": "https://#OragnizationName#.vsrm.visualstudio.com/_apis/public/Release/badge/#ProjectID#/19/108"
        },
        {
            "id": 109,
            "name": "Undeploy SIT",
            "rank": 6,
            "owner": {
                "displayName": "Aakanksha .",
                "url": "https://vssps.dev.azure.com/e/Microsoft/_apis/Identities/cb9715f6-e4a0-6958-99d4-f54dba591bb5",
                "_links": {
                    "avatar": {
                        "href": "https://#OragnizationName#.visualstudio.com/_apis/GraphProfile/MemberAvatars/aad.Y2I5NzE1ZjYtZTRhMC03OTU4LTk5ZDQtZjU0ZGJhNTkxYmI1"
                    }
                },
                "id": "cb9715f6-e4a0-6958-99d4-f54dba591bb5",
                "uniqueName": "aak@microsoft.com",
                "imageUrl": "https://#OragnizationName#.visualstudio.com/_apis/GraphProfile/MemberAvatars/aad.Y2I5NzE1ZjYtZTRhMC03OTU4LTk5ZDQtZjU0ZGJhNTkxYmI1",
                "descriptor": "aad.Y2I5NzE1ZjYtZTRhMC03OTU4LTk5ZDQtZjU0ZGJhNTkxYmI1"
            },
            "variables": {},
            "variableGroups": [
                #Bookings-SIT#
            ],
            "preDeployApprovals": {
                "approvals": [
                    {
                        "rank": 1,
                        "isAutomated": false,
                        "isNotificationOn": false,
                        "approver": {
                            "displayName": "[#ProjectName#]\\#ProjectName# Team",
                            "url": "https://vssps.dev.azure.com/e/Microsoft/_apis/Identities/#TeamID#",
                            "_links": {
                                "avatar": {
                                    "href": "https://#OragnizationName#.visualstudio.com/_apis/GraphProfile/MemberAvatars/vssgp.Uy0xLTktMTU1MTM3NDI0NS0zODUzOTg2MzMyLTI3OTQxNjM1MzUtMzEzNDgzNzAxMC0zODY4ODE0NjczLTEtMzI0ODU1NDk2Mi00NzQyMjAwOTYtMzE2NjE5MzQ0Ni0xMTEwNTE2Mjcx"
                                }
                            },
                            "id": "#TeamID#",
                            "uniqueName": "vstfs:///Classification/TeamProject/#ProjectID#\\#ProjectName# Team",
                            "imageUrl": "https://#OragnizationName#.visualstudio.com/_apis/GraphProfile/MemberAvatars/vssgp.Uy0xLTktMTU1MTM3NDI0NS0zODUzOTg2MzMyLTI3OTQxNjM1MzUtMzEzNDgzNzAxMC0zODY4ODE0NjczLTEtMzI0ODU1NDk2Mi00NzQyMjAwOTYtMzE2NjE5MzQ0Ni0xMTEwNTE2Mjcx",
                            "isContainer": true,
                            "descriptor": "vssgp.Uy0xLTktMTU1MTM3NDI0NS0zODUzOTg2MzMyLTI3OTQxNjM1MzUtMzEzNDgzNzAxMC0zODY4ODE0NjczLTEtMzI0ODU1NDk2Mi00NzQyMjAwOTYtMzE2NjE5MzQ0Ni0xMTEwNTE2Mjcx"
                        },
                        "id": 332
                    }
                ],
                "approvalOptions": {
                    "requiredApproverCount": null,
                    "releaseCreatorCanBeApprover": true,
                    "autoTriggeredAndPreviousEnvironmentApprovedCanBeSkipped": false,
                    "enforceIdentityRevalidation": false,
                    "timeoutInMinutes": 0,
                    "executionOrder": 1
                }
            },
            "deployStep": {
                "id": 328
            },
            "postDeployApprovals": {
                "approvals": [
                    {
                        "rank": 1,
                        "isAutomated": true,
                        "isNotificationOn": false,
                        "id": 329
                    }
                ],
                "approvalOptions": {
                    "requiredApproverCount": null,
                    "releaseCreatorCanBeApprover": false,
                    "autoTriggeredAndPreviousEnvironmentApprovedCanBeSkipped": false,
                    "enforceIdentityRevalidation": false,
                    "timeoutInMinutes": 0,
                    "executionOrder": 2
                }
            },
            "deployPhases": [
                {
                    "deploymentInput": {
                        "parallelExecution": {
                            "parallelExecutionType": 0
                        },
                        "agentSpecification": null,
                        "skipArtifactsDownload": false,
                        "artifactsDownloadInput": {
                            "downloadInputs": []
                        },
                        "queueId": #Queid4720#,
                        "demands": [],
                        "enableAccessToken": false,
                        "timeoutInMinutes": 0,
                        "jobCancelTimeoutInMinutes": 1,
                        "condition": "succeeded()",
                        "overrideInputs": {}
                    },
                    "rank": 1,
                    "phaseType": 1,
                    "name": "Undeploy SIT",
                    "refName": null,
                    "workflowTasks": [
                        {
                            "environment": {},
                            "taskId": "72a1931b-effb-4d2e-8fd8-f8472a07cb62",
                            "version": "4.*",
                            "name": "Azure PowerShell script: FilePath",
                            "refName": "",
                            "enabled": true,
                            "alwaysRun": false,
                            "continueOnError": false,
                            "timeoutInMinutes": 0,
                            "definitionType": "task",
                            "overrideInputs": {},
                            "condition": "succeeded()",
                            "inputs": {
                                "ConnectedServiceNameARM": "#ConnectedServiceName#",
                                "ScriptType": "FilePath",
                                "ScriptPath": "$(System.DefaultWorkingDirectory)/_Bookings-CI/drop/ModernizationWithAppServiceDotNET/SmartHotel360.Registration.ARM/AppServices/UndeployAppService.ps1",
                                "Inline": "# You can write your azure powershell scripts inline here. \n# You can also pass predefined and custom variables to this script using arguments",
                                "ScriptArguments": "-ResourceGroupName '$(resourcegroup)' -WebAppName '$(webapp)' -AppServicePlanName '$(appserviceplan)' -SqlServerName '$(sqlserver)'",
                                "errorActionPreference": "stop",
                                "FailOnStandardError": "false",
                                "TargetAzurePs": "LatestVersion",
                                "CustomTargetAzurePs": ""
                            }
                        }
                    ]
                }
            ],
            "environmentOptions": {
                "emailNotificationType": "OnlyOnFailure",
                "emailRecipients": "release.environment.owner;release.creator",
                "skipArtifactsDownload": false,
                "timeoutInMinutes": 0,
                "enableAccessToken": false,
                "publishDeploymentStatus": true,
                "badgeEnabled": false,
                "autoLinkWorkItems": false,
                "pullRequestDeploymentEnabled": false
            },
            "demands": [],
            "conditions": [
                {
                    "name": "Release to SIT",
                    "conditionType": 2,
                    "value": "132"
                }
            ],
            "executionPolicy": {
                "concurrencyCount": 1,
                "queueDepthCount": 0
            },
            "schedules": [],
            "currentRelease": {
                "id": 0,
                "url": "https://#OragnizationName#.vsrm.visualstudio.com/#ProjectID#/_apis/Release/releases/0",
                "_links": {}
            },
            "retentionPolicy": {
                "daysToKeep": 30,
                "releasesToKeep": 3,
                "retainBuild": true
            },
            "processParameters": {},
            "properties": {
                "LinkBoardsWorkItems": {
                    "$type": "System.String",
                    "$value": "False"
                }
            },
            "preDeploymentGates": {
                "id": 0,
                "gatesOptions": null,
                "gates": []
            },
            "postDeploymentGates": {
                "id": 0,
                "gatesOptions": null,
                "gates": []
            },
            "environmentTriggers": [],
            "badgeUrl": "https://#OragnizationName#.vsrm.visualstudio.com/_apis/public/Release/badge/#ProjectID#/19/109"
        },
        {
            "id": 110,
            "name": "Release to STG",
            "rank": 7,
            "owner": {
                "displayName": "Aakanksha .",
                "url": "https://vssps.dev.azure.com/e/Microsoft/_apis/Identities/cb9715f6-e4a0-6958-99d4-f54dba591bb5",
                "_links": {
                    "avatar": {
                        "href": "https://#OragnizationName#.visualstudio.com/_apis/GraphProfile/MemberAvatars/aad.Y2I5NzE1ZjYtZTRhMC03OTU4LTk5ZDQtZjU0ZGJhNTkxYmI1"
                    }
                },
                "id": "cb9715f6-e4a0-6958-99d4-f54dba591bb5",
                "uniqueName": "aak@microsoft.com",
                "imageUrl": "https://#OragnizationName#.visualstudio.com/_apis/GraphProfile/MemberAvatars/aad.Y2I5NzE1ZjYtZTRhMC03OTU4LTk5ZDQtZjU0ZGJhNTkxYmI1",
                "descriptor": "aad.Y2I5NzE1ZjYtZTRhMC03OTU4LTk5ZDQtZjU0ZGJhNTkxYmI1"
            },
            "variables": {},
            "variableGroups": [
                #Bookings-STG#
            ],
            "preDeployApprovals": {
                "approvals": [
                    {
                        "rank": 1,
                        "isAutomated": true,
                        "isNotificationOn": false,
                        "id": 346
                    }
                ],
                "approvalOptions": {
                    "requiredApproverCount": null,
                    "releaseCreatorCanBeApprover": false,
                    "autoTriggeredAndPreviousEnvironmentApprovedCanBeSkipped": false,
                    "enforceIdentityRevalidation": false,
                    "timeoutInMinutes": 0,
                    "executionOrder": 1
                }
            },
            "deployStep": {
                "id": 334
            },
            "postDeployApprovals": {
                "approvals": [
                    {
                        "rank": 1,
                        "isAutomated": true,
                        "isNotificationOn": false,
                        "id": 335
                    }
                ],
                "approvalOptions": {
                    "requiredApproverCount": null,
                    "releaseCreatorCanBeApprover": false,
                    "autoTriggeredAndPreviousEnvironmentApprovedCanBeSkipped": false,
                    "enforceIdentityRevalidation": false,
                    "timeoutInMinutes": 0,
                    "executionOrder": 2
                }
            },
            "deployPhases": [
                {
                    "deploymentInput": {
                        "parallelExecution": {
                            "parallelExecutionType": 0
                        },
                        "agentSpecification": null,
                        "skipArtifactsDownload": false,
                        "artifactsDownloadInput": {
                            "downloadInputs": [
                                {
                                    "alias": "_Build Shared Services and PaaS",
                                    "artifactType": "Build",
                                    "artifactDownloadMode": "All",
                                    "artifactItems": []
                                }
                            ]
                        },
                        "queueId": #Queid4720#,
                        "demands": [],
                        "enableAccessToken": false,
                        "timeoutInMinutes": 0,
                        "jobCancelTimeoutInMinutes": 1,
                        "condition": "succeeded()",
                        "overrideInputs": {}
                    },
                    "rank": 1,
                    "phaseType": 1,
                    "name": "Provision and Deploy",
                    "refName": null,
                    "workflowTasks": [
                        {
                            "environment": {},
                            "taskId": "#Bookings-CD-Base#",
                            "version": "1.*",
                            "name": "Task group: Bookings-CD-Base $(administratorLogin)",
                            "refName": "",
                            "enabled": true,
                            "alwaysRun": true,
                            "continueOnError": true,
                            "timeoutInMinutes": 0,
                            "definitionType": "metaTask",
                            "overrideInputs": {},
                            "condition": "succeededOrFailed()",
                            "inputs": {
                                "administratorLogin": "$(administratorLogin)",
                                "administratorsid": "$(administratorsid)",
                                "appserviceplan": "$(appserviceplan)",
                                "authenticationMode": "$(authenticationMode)",
                                "databasename": "$(databasename)",
                                "resourcegroup": "$(resourcegroup)",
                                "rglocation": "$(rglocation)",
                                "securitylogstorageaccountaccesskey": "$(securitylogstorageaccountaccesskey)",
                                "securitylogstorageaccountendpoint": "$(securitylogstorageaccountendpoint)",
                                "sqlserver": "$(sqlserver)",
                                "sqlserveradmin": "$(sqlserveradmin)",
                                "sqlserveradministratorpassword": "$(sqlserveradministratorpassword)",
                                "webapp": "$(webapp)"
                            }
                        }
                    ]
                }
            ],
            "environmentOptions": {
                "emailNotificationType": "OnlyOnFailure",
                "emailRecipients": "release.environment.owner;release.creator",
                "skipArtifactsDownload": false,
                "timeoutInMinutes": 0,
                "enableAccessToken": false,
                "publishDeploymentStatus": true,
                "badgeEnabled": false,
                "autoLinkWorkItems": false,
                "pullRequestDeploymentEnabled": false
            },
            "demands": [],
            "conditions": [
                {
                    "name": "Release to SIT",
                    "conditionType": 2,
                    "value": "4"
                }
            ],
            "executionPolicy": {
                "concurrencyCount": 1,
                "queueDepthCount": 0
            },
            "schedules": [],
            "currentRelease": {
                "id": 203,
                "url": "https://#OragnizationName#.vsrm.visualstudio.com/#ProjectID#/_apis/Release/releases/203",
                "_links": {}
            },
            "retentionPolicy": {
                "daysToKeep": 30,
                "releasesToKeep": 3,
                "retainBuild": true
            },
            "processParameters": {},
            "properties": {
                "LinkBoardsWorkItems": {
                    "$type": "System.String",
                    "$value": "False"
                }
            },
            "preDeploymentGates": {
                "id": 0,
                "gatesOptions": {
                    "isEnabled": false,
                    "timeout": 1440,
                    "samplingInterval": 15,
                    "stabilizationTime": 5,
                    "minimumSuccessDuration": 0
                },
                "gates": []
            },
            "postDeploymentGates": {
                "id": 0,
                "gatesOptions": null,
                "gates": []
            },
            "environmentTriggers": [],
            "badgeUrl": "https://#OragnizationName#.vsrm.visualstudio.com/_apis/public/Release/badge/#ProjectID#/19/110"
        },
        {
            "id": 111,
            "name": "Undeploy STG",
            "rank": 8,
            "owner": {
                "displayName": "Aakanksha .",
                "url": "https://vssps.dev.azure.com/e/Microsoft/_apis/Identities/cb9715f6-e4a0-6958-99d4-f54dba591bb5",
                "_links": {
                    "avatar": {
                        "href": "https://#OragnizationName#.visualstudio.com/_apis/GraphProfile/MemberAvatars/aad.Y2I5NzE1ZjYtZTRhMC03OTU4LTk5ZDQtZjU0ZGJhNTkxYmI1"
                    }
                },
                "id": "cb9715f6-e4a0-6958-99d4-f54dba591bb5",
                "uniqueName": "aak@microsoft.com",
                "imageUrl": "https://#OragnizationName#.visualstudio.com/_apis/GraphProfile/MemberAvatars/aad.Y2I5NzE1ZjYtZTRhMC03OTU4LTk5ZDQtZjU0ZGJhNTkxYmI1",
                "descriptor": "aad.Y2I5NzE1ZjYtZTRhMC03OTU4LTk5ZDQtZjU0ZGJhNTkxYmI1"
            },
            "variables": {},
            "variableGroups": [
                #Bookings-STG#
            ],
            "preDeployApprovals": {
                "approvals": [
                    {
                        "rank": 1,
                        "isAutomated": false,
                        "isNotificationOn": false,
                        "approver": {
                            "displayName": "[#ProjectName#]\\#ProjectName# Team",
                            "url": "https://vssps.dev.azure.com/e/Microsoft/_apis/Identities/#TeamID#",
                            "_links": {
                                "avatar": {
                                    "href": "https://#OragnizationName#.visualstudio.com/_apis/GraphProfile/MemberAvatars/vssgp.Uy0xLTktMTU1MTM3NDI0NS0zODUzOTg2MzMyLTI3OTQxNjM1MzUtMzEzNDgzNzAxMC0zODY4ODE0NjczLTEtMzI0ODU1NDk2Mi00NzQyMjAwOTYtMzE2NjE5MzQ0Ni0xMTEwNTE2Mjcx"
                                }
                            },
                            "id": "#TeamID#",
                            "uniqueName": "vstfs:///Classification/TeamProject/#ProjectID#\\#ProjectName# Team",
                            "imageUrl": "https://#OragnizationName#.visualstudio.com/_apis/GraphProfile/MemberAvatars/vssgp.Uy0xLTktMTU1MTM3NDI0NS0zODUzOTg2MzMyLTI3OTQxNjM1MzUtMzEzNDgzNzAxMC0zODY4ODE0NjczLTEtMzI0ODU1NDk2Mi00NzQyMjAwOTYtMzE2NjE5MzQ0Ni0xMTEwNTE2Mjcx",
                            "isContainer": true,
                            "descriptor": "vssgp.Uy0xLTktMTU1MTM3NDI0NS0zODUzOTg2MzMyLTI3OTQxNjM1MzUtMzEzNDgzNzAxMC0zODY4ODE0NjczLTEtMzI0ODU1NDk2Mi00NzQyMjAwOTYtMzE2NjE5MzQ0Ni0xMTEwNTE2Mjcx"
                        },
                        "id": 336
                    }
                ],
                "approvalOptions": {
                    "requiredApproverCount": null,
                    "releaseCreatorCanBeApprover": true,
                    "autoTriggeredAndPreviousEnvironmentApprovedCanBeSkipped": false,
                    "enforceIdentityRevalidation": false,
                    "timeoutInMinutes": 0,
                    "executionOrder": 1
                }
            },
            "deployStep": {
                "id": 337
            },
            "postDeployApprovals": {
                "approvals": [
                    {
                        "rank": 1,
                        "isAutomated": true,
                        "isNotificationOn": false,
                        "id": 338
                    }
                ],
                "approvalOptions": {
                    "requiredApproverCount": null,
                    "releaseCreatorCanBeApprover": false,
                    "autoTriggeredAndPreviousEnvironmentApprovedCanBeSkipped": false,
                    "enforceIdentityRevalidation": false,
                    "timeoutInMinutes": 0,
                    "executionOrder": 2
                }
            },
            "deployPhases": [
                {
                    "deploymentInput": {
                        "parallelExecution": {
                            "parallelExecutionType": 0
                        },
                        "agentSpecification": null,
                        "skipArtifactsDownload": false,
                        "artifactsDownloadInput": {
                            "downloadInputs": []
                        },
                        "queueId": #Queid4720#,
                        "demands": [],
                        "enableAccessToken": false,
                        "timeoutInMinutes": 0,
                        "jobCancelTimeoutInMinutes": 1,
                        "condition": "succeeded()",
                        "overrideInputs": {}
                    },
                    "rank": 1,
                    "phaseType": 1,
                    "name": "Undeploy SIT",
                    "refName": null,
                    "workflowTasks": [
                        {
                            "environment": {},
                            "taskId": "72a1931b-effb-4d2e-8fd8-f8472a07cb62",
                            "version": "4.*",
                            "name": "Azure PowerShell script: FilePath",
                            "refName": "",
                            "enabled": true,
                            "alwaysRun": false,
                            "continueOnError": false,
                            "timeoutInMinutes": 0,
                            "definitionType": "task",
                            "overrideInputs": {},
                            "condition": "succeeded()",
                            "inputs": {
                                "ConnectedServiceNameARM": "#ConnectedServiceName#",
                                "ScriptType": "FilePath",
                                "ScriptPath": "$(System.DefaultWorkingDirectory)/_Bookings-CI/drop/ModernizationWithAppServiceDotNET/SmartHotel360.Registration.ARM/AppServices/UndeployAppService.ps1",
                                "Inline": "# You can write your azure powershell scripts inline here. \n# You can also pass predefined and custom variables to this script using arguments",
                                "ScriptArguments": "-ResourceGroupName '$(resourcegroup)' -WebAppName '$(webapp)' -AppServicePlanName '$(appserviceplan)' -SqlServerName '$(sqlserver)'",
                                "errorActionPreference": "stop",
                                "FailOnStandardError": "false",
                                "TargetAzurePs": "LatestVersion",
                                "CustomTargetAzurePs": ""
                            }
                        }
                    ]
                }
            ],
            "environmentOptions": {
                "emailNotificationType": "OnlyOnFailure",
                "emailRecipients": "release.environment.owner;release.creator",
                "skipArtifactsDownload": false,
                "timeoutInMinutes": 0,
                "enableAccessToken": false,
                "publishDeploymentStatus": true,
                "badgeEnabled": false,
                "autoLinkWorkItems": false,
                "pullRequestDeploymentEnabled": false
            },
            "demands": [],
            "conditions": [
                {
                    "name": "Release to STG",
                    "conditionType": 2,
                    "value": "132"
                }
            ],
            "executionPolicy": {
                "concurrencyCount": 1,
                "queueDepthCount": 0
            },
            "schedules": [],
            "currentRelease": {
                "id": 0,
                "url": "https://#OragnizationName#.vsrm.visualstudio.com/#ProjectID#/_apis/Release/releases/0",
                "_links": {}
            },
            "retentionPolicy": {
                "daysToKeep": 30,
                "releasesToKeep": 3,
                "retainBuild": true
            },
            "processParameters": {},
            "properties": {
                "LinkBoardsWorkItems": {
                    "$type": "System.String",
                    "$value": "False"
                }
            },
            "preDeploymentGates": {
                "id": 0,
                "gatesOptions": null,
                "gates": []
            },
            "postDeploymentGates": {
                "id": 0,
                "gatesOptions": null,
                "gates": []
            },
            "environmentTriggers": [],
            "badgeUrl": "https://#OragnizationName#.vsrm.visualstudio.com/_apis/public/Release/badge/#ProjectID#/19/111"
        },
        {
            "id": 112,
            "name": "Release to PRD",
            "rank": 9,
            "owner": {
                "displayName": "Aakanksha .",
                "url": "https://vssps.dev.azure.com/e/Microsoft/_apis/Identities/cb9715f6-e4a0-6958-99d4-f54dba591bb5",
                "_links": {
                    "avatar": {
                        "href": "https://#OragnizationName#.visualstudio.com/_apis/GraphProfile/MemberAvatars/aad.Y2I5NzE1ZjYtZTRhMC03OTU4LTk5ZDQtZjU0ZGJhNTkxYmI1"
                    }
                },
                "id": "cb9715f6-e4a0-6958-99d4-f54dba591bb5",
                "uniqueName": "aak@microsoft.com",
                "imageUrl": "https://#OragnizationName#.visualstudio.com/_apis/GraphProfile/MemberAvatars/aad.Y2I5NzE1ZjYtZTRhMC03OTU4LTk5ZDQtZjU0ZGJhNTkxYmI1",
                "descriptor": "aad.Y2I5NzE1ZjYtZTRhMC03OTU4LTk5ZDQtZjU0ZGJhNTkxYmI1"
            },
            "variables": {},
            "variableGroups": [
                #Bookings-PRD#
            ],
            "preDeployApprovals": {
                "approvals": [
                    {
                        "rank": 1,
                        "isAutomated": false,
                        "isNotificationOn": false,
                        "approver": {
                            "displayName": "[#ProjectName#]\\#ProjectName# Team",
                            "url": "https://vssps.dev.azure.com/e/Microsoft/_apis/Identities/#TeamID#",
                            "_links": {
                                "avatar": {
                                    "href": "https://#OragnizationName#.visualstudio.com/_apis/GraphProfile/MemberAvatars/vssgp.Uy0xLTktMTU1MTM3NDI0NS0zODUzOTg2MzMyLTI3OTQxNjM1MzUtMzEzNDgzNzAxMC0zODY4ODE0NjczLTEtMzI0ODU1NDk2Mi00NzQyMjAwOTYtMzE2NjE5MzQ0Ni0xMTEwNTE2Mjcx"
                                }
                            },
                            "id": "#TeamID#",
                            "uniqueName": "vstfs:///Classification/TeamProject/#ProjectID#\\#ProjectName# Team",
                            "imageUrl": "https://#OragnizationName#.visualstudio.com/_apis/GraphProfile/MemberAvatars/vssgp.Uy0xLTktMTU1MTM3NDI0NS0zODUzOTg2MzMyLTI3OTQxNjM1MzUtMzEzNDgzNzAxMC0zODY4ODE0NjczLTEtMzI0ODU1NDk2Mi00NzQyMjAwOTYtMzE2NjE5MzQ0Ni0xMTEwNTE2Mjcx",
                            "isContainer": true,
                            "descriptor": "vssgp.Uy0xLTktMTU1MTM3NDI0NS0zODUzOTg2MzMyLTI3OTQxNjM1MzUtMzEzNDgzNzAxMC0zODY4ODE0NjczLTEtMzI0ODU1NDk2Mi00NzQyMjAwOTYtMzE2NjE5MzQ0Ni0xMTEwNTE2Mjcx"
                        },
                        "id": 339
                    }
                ],
                "approvalOptions": {
                    "requiredApproverCount": null,
                    "releaseCreatorCanBeApprover": true,
                    "autoTriggeredAndPreviousEnvironmentApprovedCanBeSkipped": false,
                    "enforceIdentityRevalidation": false,
                    "timeoutInMinutes": 0,
                    "executionOrder": 1
                }
            },
            "deployStep": {
                "id": 340
            },
            "postDeployApprovals": {
                "approvals": [
                    {
                        "rank": 1,
                        "isAutomated": true,
                        "isNotificationOn": false,
                        "id": 341
                    }
                ],
                "approvalOptions": {
                    "requiredApproverCount": null,
                    "releaseCreatorCanBeApprover": false,
                    "autoTriggeredAndPreviousEnvironmentApprovedCanBeSkipped": false,
                    "enforceIdentityRevalidation": false,
                    "timeoutInMinutes": 0,
                    "executionOrder": 2
                }
            },
            "deployPhases": [
                {
                    "deploymentInput": {
                        "parallelExecution": {
                            "parallelExecutionType": 0
                        },
                        "agentSpecification": null,
                        "skipArtifactsDownload": false,
                        "artifactsDownloadInput": {
                            "downloadInputs": [
                                {
                                    "alias": "_Build Shared Services and PaaS",
                                    "artifactType": "Build",
                                    "artifactDownloadMode": "All",
                                    "artifactItems": []
                                }
                            ]
                        },
                        "queueId": #Queid4720#,
                        "demands": [],
                        "enableAccessToken": false,
                        "timeoutInMinutes": 0,
                        "jobCancelTimeoutInMinutes": 1,
                        "condition": "succeeded()",
                        "overrideInputs": {}
                    },
                    "rank": 1,
                    "phaseType": 1,
                    "name": "Provision and Deploy",
                    "refName": null,
                    "workflowTasks": [
                        {
                            "environment": {},
                            "taskId": "#Bookings-CD-Base#",
                            "version": "1.*",
                            "name": "Task group: Bookings-CD-Base $(administratorLogin)",
                            "refName": "",
                            "enabled": true,
                            "alwaysRun": true,
                            "continueOnError": true,
                            "timeoutInMinutes": 0,
                            "definitionType": "metaTask",
                            "overrideInputs": {},
                            "condition": "succeededOrFailed()",
                            "inputs": {
                                "administratorLogin": "$(administratorLogin)",
                                "administratorsid": "$(administratorsid)",
                                "appserviceplan": "$(appserviceplan)",
                                "authenticationMode": "$(authenticationMode)",
                                "databasename": "$(databasename)",
                                "resourcegroup": "$(resourcegroup)",
                                "rglocation": "$(rglocation)",
                                "securitylogstorageaccountaccesskey": "$(securitylogstorageaccountaccesskey)",
                                "securitylogstorageaccountendpoint": "$(securitylogstorageaccountendpoint)",
                                "sqlserver": "$(sqlserver)",
                                "sqlserveradmin": "$(sqlserveradmin)",
                                "sqlserveradministratorpassword": "$(sqlserveradministratorpassword)",
                                "webapp": "$(webapp)"
                            }
                        }
                    ]
                }
            ],
            "environmentOptions": {
                "emailNotificationType": "OnlyOnFailure",
                "emailRecipients": "release.environment.owner;release.creator",
                "skipArtifactsDownload": false,
                "timeoutInMinutes": 0,
                "enableAccessToken": false,
                "publishDeploymentStatus": true,
                "badgeEnabled": false,
                "autoLinkWorkItems": false,
                "pullRequestDeploymentEnabled": false
            },
            "demands": [],
            "conditions": [
                {
                    "name": "Release to STG",
                    "conditionType": 2,
                    "value": "4"
                }
            ],
            "executionPolicy": {
                "concurrencyCount": 1,
                "queueDepthCount": 0
            },
            "schedules": [],
            "currentRelease": {
                "id": 203,
                "url": "https://#OragnizationName#.vsrm.visualstudio.com/#ProjectID#/_apis/Release/releases/203",
                "_links": {}
            },
            "retentionPolicy": {
                "daysToKeep": 30,
                "releasesToKeep": 3,
                "retainBuild": true
            },
            "processParameters": {},
            "properties": {
                "LinkBoardsWorkItems": {
                    "$type": "System.String",
                    "$value": "False"
                }
            },
            "preDeploymentGates": {
                "id": 0,
                "gatesOptions": {
                    "isEnabled": false,
                    "timeout": 1440,
                    "samplingInterval": 15,
                    "stabilizationTime": 5,
                    "minimumSuccessDuration": 0
                },
                "gates": []
            },
            "postDeploymentGates": {
                "id": 0,
                "gatesOptions": null,
                "gates": []
            },
            "environmentTriggers": [],
            "badgeUrl": "https://#OragnizationName#.vsrm.visualstudio.com/_apis/public/Release/badge/#ProjectID#/19/112"
        },
        {
            "id": 113,
            "name": "Undeploy PRD",
            "rank": 10,
            "owner": {
                "displayName": "Aakanksha .",
                "url": "https://vssps.dev.azure.com/e/Microsoft/_apis/Identities/cb9715f6-e4a0-6958-99d4-f54dba591bb5",
                "_links": {
                    "avatar": {
                        "href": "https://#OragnizationName#.visualstudio.com/_apis/GraphProfile/MemberAvatars/aad.Y2I5NzE1ZjYtZTRhMC03OTU4LTk5ZDQtZjU0ZGJhNTkxYmI1"
                    }
                },
                "id": "cb9715f6-e4a0-6958-99d4-f54dba591bb5",
                "uniqueName": "aak@microsoft.com",
                "imageUrl": "https://#OragnizationName#.visualstudio.com/_apis/GraphProfile/MemberAvatars/aad.Y2I5NzE1ZjYtZTRhMC03OTU4LTk5ZDQtZjU0ZGJhNTkxYmI1",
                "descriptor": "aad.Y2I5NzE1ZjYtZTRhMC03OTU4LTk5ZDQtZjU0ZGJhNTkxYmI1"
            },
            "variables": {},
            "variableGroups": [
                #Bookings-PRD#
            ],
            "preDeployApprovals": {
                "approvals": [
                    {
                        "rank": 1,
                        "isAutomated": false,
                        "isNotificationOn": false,
                        "approver": {
                            "displayName": "[#ProjectName#]\\#ProjectName# Team",
                            "url": "https://vssps.dev.azure.com/e/Microsoft/_apis/Identities/#TeamID#",
                            "_links": {
                                "avatar": {
                                    "href": "https://#OragnizationName#.visualstudio.com/_apis/GraphProfile/MemberAvatars/vssgp.Uy0xLTktMTU1MTM3NDI0NS0zODUzOTg2MzMyLTI3OTQxNjM1MzUtMzEzNDgzNzAxMC0zODY4ODE0NjczLTEtMzI0ODU1NDk2Mi00NzQyMjAwOTYtMzE2NjE5MzQ0Ni0xMTEwNTE2Mjcx"
                                }
                            },
                            "id": "#TeamID#",
                            "uniqueName": "vstfs:///Classification/TeamProject/#ProjectID#\\#ProjectName# Team",
                            "imageUrl": "https://#OragnizationName#.visualstudio.com/_apis/GraphProfile/MemberAvatars/vssgp.Uy0xLTktMTU1MTM3NDI0NS0zODUzOTg2MzMyLTI3OTQxNjM1MzUtMzEzNDgzNzAxMC0zODY4ODE0NjczLTEtMzI0ODU1NDk2Mi00NzQyMjAwOTYtMzE2NjE5MzQ0Ni0xMTEwNTE2Mjcx",
                            "isContainer": true,
                            "descriptor": "vssgp.Uy0xLTktMTU1MTM3NDI0NS0zODUzOTg2MzMyLTI3OTQxNjM1MzUtMzEzNDgzNzAxMC0zODY4ODE0NjczLTEtMzI0ODU1NDk2Mi00NzQyMjAwOTYtMzE2NjE5MzQ0Ni0xMTEwNTE2Mjcx"
                        },
                        "id": 342
                    }
                ],
                "approvalOptions": {
                    "requiredApproverCount": null,
                    "releaseCreatorCanBeApprover": true,
                    "autoTriggeredAndPreviousEnvironmentApprovedCanBeSkipped": false,
                    "enforceIdentityRevalidation": false,
                    "timeoutInMinutes": 0,
                    "executionOrder": 1
                }
            },
            "deployStep": {
                "id": 343
            },
            "postDeployApprovals": {
                "approvals": [
                    {
                        "rank": 1,
                        "isAutomated": true,
                        "isNotificationOn": false,
                        "id": 344
                    }
                ],
                "approvalOptions": {
                    "requiredApproverCount": null,
                    "releaseCreatorCanBeApprover": false,
                    "autoTriggeredAndPreviousEnvironmentApprovedCanBeSkipped": false,
                    "enforceIdentityRevalidation": false,
                    "timeoutInMinutes": 0,
                    "executionOrder": 2
                }
            },
            "deployPhases": [
                {
                    "deploymentInput": {
                        "parallelExecution": {
                            "parallelExecutionType": 0
                        },
                        "agentSpecification": null,
                        "skipArtifactsDownload": false,
                        "artifactsDownloadInput": {
                            "downloadInputs": []
                        },
                        "queueId": #Queid4720#,
                        "demands": [],
                        "enableAccessToken": false,
                        "timeoutInMinutes": 0,
                        "jobCancelTimeoutInMinutes": 1,
                        "condition": "succeeded()",
                        "overrideInputs": {}
                    },
                    "rank": 1,
                    "phaseType": 1,
                    "name": "Undeploy PRD",
                    "refName": null,
                    "workflowTasks": [
                        {
                            "environment": {},
                            "taskId": "72a1931b-effb-4d2e-8fd8-f8472a07cb62",
                            "version": "4.*",
                            "name": "Azure PowerShell script: FilePath",
                            "refName": "",
                            "enabled": true,
                            "alwaysRun": false,
                            "continueOnError": false,
                            "timeoutInMinutes": 0,
                            "definitionType": "task",
                            "overrideInputs": {},
                            "condition": "succeeded()",
                            "inputs": {
                                "ConnectedServiceNameARM": "#ConnectedServiceName#",
                                "ScriptType": "FilePath",
                                "ScriptPath": "$(System.DefaultWorkingDirectory)/_Bookings-CI/drop/ModernizationWithAppServiceDotNET/SmartHotel360.Registration.ARM/AppServices/UndeployAppService.ps1",
                                "Inline": "# You can write your azure powershell scripts inline here. \n# You can also pass predefined and custom variables to this script using arguments",
                                "ScriptArguments": "-ResourceGroupName '$(resourcegroup)' -WebAppName '$(webapp)' -AppServicePlanName '$(appserviceplan)' -SqlServerName '$(sqlserver)'",
                                "errorActionPreference": "stop",
                                "FailOnStandardError": "false",
                                "TargetAzurePs": "LatestVersion",
                                "CustomTargetAzurePs": ""
                            }
                        }
                    ]
                }
            ],
            "environmentOptions": {
                "emailNotificationType": "OnlyOnFailure",
                "emailRecipients": "release.environment.owner;release.creator",
                "skipArtifactsDownload": false,
                "timeoutInMinutes": 0,
                "enableAccessToken": false,
                "publishDeploymentStatus": true,
                "badgeEnabled": false,
                "autoLinkWorkItems": false,
                "pullRequestDeploymentEnabled": false
            },
            "demands": [],
            "conditions": [
                {
                    "name": "Release to PRD",
                    "conditionType": 2,
                    "value": "132"
                }
            ],
            "executionPolicy": {
                "concurrencyCount": 1,
                "queueDepthCount": 0
            },
            "schedules": [],
            "currentRelease": {
                "id": 0,
                "url": "https://#OragnizationName#.vsrm.visualstudio.com/#ProjectID#/_apis/Release/releases/0",
                "_links": {}
            },
            "retentionPolicy": {
                "daysToKeep": 30,
                "releasesToKeep": 3,
                "retainBuild": true
            },
            "processParameters": {},
            "properties": {
                "LinkBoardsWorkItems": {
                    "$type": "System.String",
                    "$value": "False"
                }
            },
            "preDeploymentGates": {
                "id": 0,
                "gatesOptions": null,
                "gates": []
            },
            "postDeploymentGates": {
                "id": 0,
                "gatesOptions": null,
                "gates": []
            },
            "environmentTriggers": [],
            "badgeUrl": "https://#OragnizationName#.vsrm.visualstudio.com/_apis/public/Release/badge/#ProjectID#/19/113"
        }
    ],
    "artifacts": [
        {
            "sourceId": "#ProjectID#:390",
            "type": "Build",
            "alias": "_Bookings-CI",
            "definitionReference": {
                "artifactSourceDefinitionUrl": {
                    "id": "https://#OragnizationName#.visualstudio.com/_permalink/_build/index?collectionId=353e3837-8e17-443a-a6fe-81c6faabbf5e&projectId=#ProjectID#&definitionId=390",
                    "name": ""
                },
                "defaultVersionBranch": {
                    "id": "",
                    "name": ""
                },
                "defaultVersionSpecific": {
                    "id": "",
                    "name": ""
                },
                "defaultVersionTags": {
                    "id": "",
                    "name": ""
                },
                "defaultVersionType": {
                    "id": "latestType",
                    "name": "Latest"
                },
                "definition": {
                    "id": "390",
                    "name": "Bookings-CI-Build-Base"
                },
                "definitions": {
                    "id": "",
                    "name": ""
                },
                "IsMultiDefinitionType": {
                    "id": "False",
                    "name": "False"
                },
                "project": {
                    "id": "#ProjectID#",
                    "name": "#ProjectName#"
                },
                "repository": {
                    "id": "",
                    "name": ""
                }
            },
            "isPrimary": true,
            "isRetained": false
        },
        {
            "sourceId": "#ProjectID#:442",
            "type": "Build",
            "alias": "_Build Shared Services and PaaS",
            "definitionReference": {
                "defaultVersionBranch": {
                    "id": "",
                    "name": ""
                },
                "defaultVersionSpecific": {
                    "id": "",
                    "name": ""
                },
                "defaultVersionTags": {
                    "id": "",
                    "name": ""
                },
                "defaultVersionType": {
                    "id": "latestType",
                    "name": "Latest"
                },
                "definition": {
                    "id": "442",
                    "name": "Build Shared Services and PaaS"
                },
                "definitions": {
                    "id": "",
                    "name": ""
                },
                "IsMultiDefinitionType": {
                    "id": "False",
                    "name": "False"
                },
                "project": {
                    "id": "#ProjectID#",
                    "name": "#ProjectName#"
                },
                "repository": {
                    "id": "",
                    "name": ""
                },
                "artifactSourceDefinitionUrl": {
                    "id": "https://#OragnizationName#.visualstudio.com/_permalink/_build/index?collectionId=353e3837-8e17-443a-a6fe-81c6faabbf5e&projectId=#ProjectID#&definitionId=442",
                    "name": ""
                }
            },
            "isRetained": false
        }
    ],
    "triggers": [],
    "releaseNameFormat": "Release-$(rev:r)",
    "tags": [],
    "properties": {
        "DefinitionCreationSource": {
            "$type": "System.String",
            "$value": "ReleaseClone"
        },
        "IntegrateJiraWorkItems": {
            "$type": "System.String",
            "$value": "false"
        },
        "IntegrateBoardsWorkItems": {
            "$type": "System.String",
            "$value": "False"
        }
    },
    "id": 19,
    "name": "Bookings-CD-All-Stages",
    "path": "\\DevOps-Dojo-Bookings-CD(for reference)",
    "projectReference": null,
    "url": "https://#OragnizationName#.vsrm.visualstudio.com/#ProjectID#/_apis/Release/definitions/19",
    "_links": {
        "self": {
            "href": "https://#OragnizationName#.vsrm.visualstudio.com/#ProjectID#/_apis/Release/definitions/19"
        },
        "web": {
            "href": "https://#OragnizationName#.visualstudio.com/#ProjectID#/_release?definitionId=19"
        }
    }
}