{
  "options": [
    {
      "enabled": true,
      "definition": {
        "id": "5d58cc01-7c75-450c-be18-a388ddb129ec"
      },
      "inputs": {
        "branchFilters": "[\"+refs/heads/*\"]",
        "additionalFields": "{}"
      }
    },
    {
      "enabled": false,
      "definition": {
        "id": "a9db38f9-9fdc-478c-b0f9-464221e58316"
      },
      "inputs": {
        "workItemType": "Task",
        "assignToRequestor": "true",
        "additionalFields": "{}"
      }
    }
  ],
  "variables": {
    "ArtifactName": {
      "value": "drop"
    },
    "BuildConfiguration": {
      "value": "release",
      "allowOverride": true
    },
    "BuildPlatform": {
      "value": "any cpu",
      "allowOverride": true
    },
    "SolutionPath": {
      "value": "ModernizationWithAppServiceDotNET/SmartHotel360.Registration.sln"
    },
    "system.debug": {
      "value": "false",
      "allowOverride": true
    },
    "TestFilesSingleLine": {
      "value": "**\\$(BuildConfiguration)\\*test*.dll;!**\\obj\\**;!**\\*integration.tests*.dll"
    }
  },
  "variableGroups": [
    {
      "variables": {
        "AppId": {
          "value": null,
          "isSecret": true
        },
        "AppPassword": {
          "value": null,
          "isSecret": true
        },
        "ArtifactName": {
          "value": "drop"
        },
        "BuildConfiguration": {
          "value": "release"
        },
        "BuildPlatform": {
          "value": "any cpu"
        },
        "NSG": {
          "value": "GDBuildSonar"
        },
        "ResourceGroupName": {
          "value": "gdbuild-westus-vm"
        },
        "SolutionPath": {
          "value": "ModernizationWithAppServiceDotNET/SmartHotel360.Registration.sln"
        },
        "SubscriptionId": {
          "value": null,
          "isSecret": true
        },
        "TenantId": {
          "value": null,
          "isSecret": true
        }
      },
      "type": "Vsts",
      "name": "SonarQube-CI",
      "id": "$SonarQube-CI$"
    }
  ],
  "properties": {},
  "tags": [],
  "_links": "{}",
  "buildNumberFormat": "$(date:yyyyMMdd)$(rev:.r)",
  "jobAuthorizationScope": "projectCollection",
  "jobTimeoutInMinutes": 60,
  "jobCancelTimeoutInMinutes": 5,
  "process": {
    "phases": [
      {
        "steps": [
          {
            "environment": {},
            "enabled": true,
            "continueOnError": false,
            "alwaysRun": false,
            "displayName": "Prepare analysis on SonarQube",
            "timeoutInMinutes": 0,
            "condition": "succeeded()",
            "task": {
              "id": "15b84ca1-b62f-4a2a-a403-89b77a063157",
              "versionSpec": "4.*",
              "definitionType": "task"
            },
            "inputs": {
              "SonarQube": "",
              "scannerMode": "MSBuild",
              "configMode": "file",
              "configFile": "sonar-project.properties",
              "cliProjectKey": "",
              "projectKey": "DevOps-Dojo-Full_Booking_Master",
              "cliProjectName": "",
              "projectName": "DevOps-Dojo-Full_Master_#MA",
              "cliProjectVersion": "1.0",
              "projectVersion": "$(Build.buildNumber)",
              "cliSources": ".",
              "extraProperties": "# Additional properties that will be passed to the scanner, \n# Put one key=value per line, example:\n# sonar.exclusions=**/*.bin"
            }
          },
          {
            "environment": {},
            "enabled": true,
            "continueOnError": false,
            "alwaysRun": false,
            "displayName": "Install NuGet ",
            "timeoutInMinutes": 0,
            "condition": "succeeded()",
            "task": {
              "id": "2c65196a-54fd-4a02-9be8-d9d1837b7c5d",
              "versionSpec": "1.*",
              "definitionType": "task"
            },
            "inputs": {
              "versionSpec": "",
              "checkLatest": "false"
            }
          },
          {
            "environment": {},
            "enabled": true,
            "continueOnError": false,
            "alwaysRun": false,
            "displayName": "NuGet restore",
            "timeoutInMinutes": 0,
            "condition": "succeeded()",
            "task": {
              "id": "333b11bd-d341-40d9-afcf-b32d5ce6f23b",
              "versionSpec": "2.*",
              "definitionType": "task"
            },
            "inputs": {
              "command": "restore",
              "solution": "$(SolutionPath)",
              "selectOrConfig": "select",
              "feedRestore": "",
              "includeNuGetOrg": "true",
              "nugetConfigPath": "",
              "externalEndpoints": "",
              "noCache": "false",
              "disableParallelProcessing": "false",
              "packagesDirectory": "",
              "verbosityRestore": "Detailed",
              "searchPatternPush": "$(Build.ArtifactStagingDirectory)/**/*.nupkg;!$(Build.ArtifactStagingDirectory)/**/*.symbols.nupkg",
              "nuGetFeedType": "internal",
              "feedPublish": "",
              "publishPackageMetadata": "true",
              "allowPackageConflicts": "false",
              "externalEndpoint": "",
              "verbosityPush": "Detailed",
              "searchPatternPack": "**/*.csproj",
              "configurationToPack": "$(BuildConfiguration)",
              "outputDir": "$(Build.ArtifactStagingDirectory)",
              "versioningScheme": "off",
              "includeReferencedProjects": "false",
              "versionEnvVar": "",
              "requestedMajorVersion": "1",
              "requestedMinorVersion": "0",
              "requestedPatchVersion": "0",
              "packTimezone": "utc",
              "includeSymbols": "false",
              "toolPackage": "false",
              "buildProperties": "",
              "basePath": "",
              "verbosityPack": "Detailed",
              "arguments": ""
            }
          },
          {
            "environment": {},
            "enabled": true,
            "continueOnError": false,
            "alwaysRun": false,
            "displayName": "Build solution $(SolutionPath)",
            "timeoutInMinutes": 0,
            "condition": "succeeded()",
            "task": {
              "id": "71a9a2d3-a98a-4caa-96ab-affca411ecda",
              "versionSpec": "1.*",
              "definitionType": "task"
            },
            "inputs": {
              "solution": "$(SolutionPath)",
              "vsVersion": "latest",
              "msbuildArgs": "/p:DeployOnBuild=true /p:WebPublishMethod=Package /p:PackageAsSingleFile=true /p:SkipInvalidConfigurations=true /p:PackageLocation=\"$(build.artifactstagingdirectory)\\\\\"",
              "platform": "$(BuildPlatform)",
              "configuration": "$(BuildConfiguration)",
              "clean": "false",
              "maximumCpuCount": "false",
              "restoreNugetPackages": "false",
              "msbuildArchitecture": "x86",
              "logProjectEvents": "true",
              "createLogFile": "false",
              "logFileVerbosity": "normal"
            }
          },
          {
            "environment": {},
            "enabled": true,
            "continueOnError": true,
            "alwaysRun": false,
            "displayName": "Run Code Analysis",
            "timeoutInMinutes": 0,
            "condition": "succeeded()",
            "task": {
              "id": "6d01813a-9589-4b15-8491-8164aeb38055",
              "versionSpec": "4.*",
              "definitionType": "task"
            },
            "inputs": {}
          },
          {
            "environment": {},
            "enabled": false,
            "continueOnError": false,
            "alwaysRun": false,
            "displayName": "Convert TestFiles SingleLine To MultiLine",
            "timeoutInMinutes": 0,
            "condition": "succeeded()",
            "task": {
              "id": "e213ff0f-5d5c-4791-802d-52ea3e7be1f1",
              "versionSpec": "2.*",
              "definitionType": "task"
            },
            "inputs": {
              "targetType": "inline",
              "filePath": "",
              "arguments": "",
              "script": "$singleLineInput = '$(TestFilesSingleLine)'\n$multiLineOutput = $singleLineInput -replace ';', \"%0D%0A\"\nWrite-Host \"##vso[task.setvariable variable=TestFilesMultiLine]$multiLineOutput\"",
              "errorActionPreference": "stop",
              "failOnStderr": "false",
              "ignoreLASTEXITCODE": "false",
              "pwsh": "false",
              "workingDirectory": ""
            }
          }
        ],
        "name": "Build and UTs",
        "refName": "Job_1",
        "condition": "succeeded()",
        "target": {
          "executionOptions": {
            "type": 0
          },
          "allowScriptsAuthAccessOption": false,
          "type": 1,
          "queue": "{}"
        },
        "jobAuthorizationScope": "projectCollection"
      }
    ],
    "target": {
      "agentSpecification": {
        "identifier": "vs2017-win2016"
      }
    },
    "type": 1
  },
  "repository": {
    "properties": {
      "cleanOptions": "0",
      "labelSources": "0",
      "labelSourcesFormat": "$(build.buildNumber)",
      "reportBuildStatus": "true",
      "gitLfsSupport": "false",
      "skipSyncSource": "false",
      "checkoutNestedSubmodules": "false",
      "fetchDepth": "0",
      "connectedServiceId": ""
    },
    "id": "$DevOps-Dojo-Booking$",
    "type": "TfsGit",
    "name": "DevOps-Dojo-Booking",
    "url": "",
    "defaultBranch": "refs/heads/Bookings-Branch(for-reference)/master-CICD",
    "clean": "false",
    "checkoutSubmodules": false
  },
  "processParameters": {},
  "quality": "definition",
  "authoredBy": "{}",
  "drafts": [],
  "queue": {
    "_links": "{}",
    "id": "",
    "name": "Azure Pipelines",
    "url": "",
    "pool": {
      "id": "",
      "name": "Azure Pipelines",
      "isHosted": true
    }
  },
  "id": "",
  "name": "Bookings-CI-Sonar",
  "url": "",
  "uri": "",
  "path": "\\DevOps-Dojo-Booking-CI(for reference)",
  "type": "build",
  "queueStatus": "enabled",
  "revision": 3,
  "createdDate": "",
  "project": "{}"
}