{
  "options": [
    {
      "enabled": true,
      "definition": {
        "id": "5d58cc01-7c75-450c-be18-a388ddb129ec"
      },
      "inputs": {
        "branchFilters": "[\"+refs/heads/*\"]",
        "additionalFields": "{}"
      }
    },
    {
      "enabled": false,
      "definition": {
        "id": "a9db38f9-9fdc-478c-b0f9-464221e58316"
      },
      "inputs": {
        "workItemType": "Task",
        "assignToRequestor": "true",
        "additionalFields": "{}"
      }
    }
  ],
  "variables": {
    "MavenPomFile": {
      "value": "pom.xml"
    },
    "system.debug": {
      "value": "false",
      "allowOverride": true
    }
  },
  "variableGroups": [
    {
      "variables": {
        "AppId": {
          "value": null,
          "isSecret": true
        },
        "AppPassword": {
          "value": null,
          "isSecret": true
        },
        "ArtifactName": {
          "value": "drop"
        },
        "BuildConfiguration": {
          "value": "release"
        },
        "BuildPlatform": {
          "value": "any cpu"
        },
        "NSG": {
          "value": "GDBuildSonar"
        },
        "ResourceGroupName": {
          "value": "gdbuild-westus-vm"
        },
        "SolutionPath": {
          "value": "ModernizationWithAppServiceDotNET/SmartHotel360.Registration.sln"
        },
        "SubscriptionId": {
          "value": null,
          "isSecret": true
        },
        "TenantId": {
          "value": null,
          "isSecret": true
        }
      },
      "type": "Vsts",
      "name": "SonarQube-CI",
      "id": "$SonarQube-CI$"
    }
  ],
  "properties": {},
  "tags": [],
  "_links": "{}",
  "buildNumberFormat": "$(date:yyyyMMdd)$(rev:.r)",
  "jobAuthorizationScope": "projectCollection",
  "jobTimeoutInMinutes": 60,
  "jobCancelTimeoutInMinutes": 5,
  "process": {
    "phases": [
      {
        "steps": [
            {
            "environment": {},
            "enabled": true,
            "continueOnError": false,
            "alwaysRun": false,
            "displayName": "Prepare analysis on SonarQube",
            "timeoutInMinutes": 0,
            "condition": "succeeded()",
            "task": {
              "id": "15b84ca1-b62f-4a2a-a403-89b77a063157",
              "versionSpec": "4.*",
              "definitionType": "task"
            },
            "inputs": {
              "SonarQube": "",
              "scannerMode": "Other",
              "configMode": "file",
              "configFile": "sonar-project.properties",
              "cliProjectKey": "",
              "projectKey": "",
              "cliProjectName": "",
              "projectName": "",
              "cliProjectVersion": "1.0",
              "projectVersion": "1.0",
              "cliSources": ".",
              "extraProperties": "# Additional properties that will be passed to the scanner, \n# Put one key=value per line, example:\n# sonar.exclusions=**/*.bin\nsonar.projectKey=DevOps-Dojo-Full-Coupons-Nightly\nsonar.projectName=DevOps-Dojo-Full-Coupons-Nightly-#MA\nsonar.projectVersion=$(Build.buildNumber)"
            }
          },
          {
            "environment": {},
            "enabled": true,
            "continueOnError": false,
            "alwaysRun": false,
            "displayName": "Maven pom.xml",
            "timeoutInMinutes": 0,
            "condition": "succeeded()",
            "task": {
              "id": "ac4ee482-65da-4485-a532-7b085873e532",
              "versionSpec": "3.*",
              "definitionType": "task"
            },
            "inputs": {
              "mavenPOMFile": "pom.xml",
              "goals": "clean package -Dmaven.test.skip=true",
              "options": "",
              "publishJUnitResults": "true",
              "testResultsFiles": "**/surefire-reports/TEST-*.xml",
              "testRunTitle": "",
              "codeCoverageTool": "None",
              "classFilter": "",
              "classFilesDirectories": "",
              "srcDirectories": "",
              "failIfCoverageEmpty": "false",
              "javaHomeSelection": "JDKVersion",
              "jdkVersion": "default",
              "jdkUserInputPath": "",
              "jdkArchitecture": "x64",
              "mavenVersionSelection": "Default",
              "mavenPath": "",
              "mavenSetM2Home": "false",
              "mavenOpts": "-Xmx1024m",
              "mavenFeedAuthenticate": "false",
              "skipEffectivePom": "false",
              "sqAnalysisEnabled": "true",
              "sqMavenPluginVersionChoice": "latest",
              "checkstyleAnalysisEnabled": "false",
              "pmdAnalysisEnabled": "false",
              "findbugsAnalysisEnabled": "false"
            }
          }
        ],
        "name": "Agent job 1",
        "refName": "Job_1",
        "condition": "succeeded()",
        "target": {
          "executionOptions": {
            "type": 0
          },
          "allowScriptsAuthAccessOption": false,
          "type": 1,
          "queue": "{}"
        },
        "jobAuthorizationScope": "projectCollection"
      }
    ],
    "target": {
      "agentSpecification": {
        "identifier": "vs2017-win2016"
      }
    },
    "type": 1
  },
  "repository": {
    "properties": {
      "labelSources": "0",
      "labelSourcesFormat": "$(build.buildNumber)",
      "reportBuildStatus": "true",
      "fetchDepth": "0",
      "connectedServiceId": ""
    },
    "id": "$DevOps-Dojo-Coupons$",
    "type": "TfsGit",
    "name": "DevOps-Dojo-Coupons",
    "url": "",
    "defaultBranch": "refs/heads/Coupons-branch(for-reference)/master-CICD",
    "clean": null,
    "checkoutSubmodules": false
  },
  "processParameters": {},
  "quality": "definition",
  "authoredBy": "{}",
  "drafts": [],
  "queue": {
    "_links": "{}",
    "id": "",
    "name": "Azure Pipelines",
    "url": "",
    "pool": {
      "id": "",
      "name": "Azure Pipelines",
      "isHosted": true
    }
  },
  "id": "",
  "name": "Coupons-CI-SonarQ",
  "url": "",
  "uri": "",
  "path": "\\DevOps-Dojo-Coupons-CI (for reference)",
  "type": "build",
  "queueStatus": "enabled",
  "revision": 2,
  "createdDate": "",
  "project": "{}"
}