{
  "Extensions": [
    {
      "extensionName": "Personas",
      "link": "<a href='https://marketplace.visualstudio.com/items?itemName=agile-extensions.personas' target='_blank'><b>Personas</b></a>",
      "publisherId": "agile-extensions",
      "extensionId": "personas",
      "publisherName": "Agile Extensions",
      "License": "<a href='https://marketplace.visualstudio.com/items?itemName=agile-extensions.personas' target='_blank'>License Terms</a>"
    },
    {
      "extensionName": "Azure Boards Kanban Tools",
      "link": "<a href='https://marketplace.visualstudio.com/items?itemName=alm-devops-rangers.KanbanBoardTools' target='_blank'><b>Azure Boards Kanban Tools</b></a>",
      "publisherId": "alm-devops-rangers",
      "extensionId": "KanbanBoardTools",
      "publisherName": "ALM DevOps Rangers",
      "License": "<a href='https://marketplace.visualstudio.com/items?itemName=alm-devops-rangers.KanbanBoardTools' target='_blank'>License Terms</a>"
    },
    
  
    {
      "extensionName": "Secure DevOps Kit (AzSK) CICD Extensions for Azure",
      "link": "<a href='https://marketplace.visualstudio.com/items?itemName=azsdktm.AzSDK-task' target='_blank'><b>Secure DevOps Kit (AzSK) CICD Extensions for Azure</b></a>",
      "publisherId": "azsdktm",
      "extensionId": "AzSDK-task",
      "publisherName": "Microsoft DevLabs",
      "License": "<a href='https://marketplace.visualstudio.com/items?itemName=azsdktm.AzSDK-task' target='_blank'>License Terms</a>"
    },
   
    {
      "extensionName": "Azure Cosmos DB Emulator (public preview)",
      "link": "<a href='https://marketplace.visualstudio.com/items?itemName=azure-cosmosdb.emulator-public-preview' target='_blank'><b>Azure Cosmos DB Emulator (public preview)</b></a>",
      "publisherId": "azure-cosmosdb",
      "extensionId": "emulator-public-preview",
      "publisherName": "Microsoft",
      "License": "<a href='https://marketplace.visualstudio.com/items?itemName=azure-cosmosdb.emulator-public-preview' target='_blank'>License Terms</a>"
    },    
    {
      "extensionName": "WhiteSource Bolt",
      "link": "<a href='https://marketplace.visualstudio.com/items?itemName=whitesource.ws-bolt' target='_blank'><b>WhiteSource Bolt</b></a>",
      "publisherId": "whitesource",
      "extensionId": "ws-bolt",
      "publisherName": "WhiteSource",
      "License": "<a href='https://marketplace.visualstudio.com/items?itemName=whitesource.ws-bolt' target='_blank'>License Terms</a>"
    },
    {
      "extensionName": "Azure DevOps Open in Excel",
      "link": "<a href='https://marketplace.visualstudio.com/items?itemName=blueprint.vsts-open-work-items-in-excel' target='_blank'><b>Azure DevOps Open in Excel</b></a>",
      "publisherId": "blueprint",
      "extensionId": "vsts-open-work-items-in-excel",
      "publisherName": "Microsoft DevLabs",
      "License": "<a href='https://marketplace.visualstudio.com/items?itemName=blueprint.vsts-open-work-items-in-excel' target='_blank'>License Terms</a>"
    },
    {
      "extensionName": "Remove Folder Hierarchy",
      "link": "<a href='https://marketplace.visualstudio.com/items?itemName=dutchworkz.RemoveFolderHierarchy' target='_blank'><b>Remove Folder Hierarchy</b></a>",
      "publisherId": "dutchworkz",
      "extensionId": "RemoveFolderHierarchy",
      "publisherName": "DutchWorkz B.V.",
      "License": "<a href='https://marketplace.visualstudio.com/items?itemName=dutchworkz.RemoveFolderHierarchy' target='_blank'>License Terms</a>"
    },
       {
      "extensionName": "Microsoft Azure Build and Release Tasks",
      "link": "<a href='https://marketplace.visualstudio.com/items?itemName=geeklearningio.gl-vsts-tasks-azure' target='_blank'><b>Microsoft Azure Build and Release Tasks</b></a>",
      "publisherId": "geeklearningio",
      "extensionId": "gl-vsts-tasks-azure",
      "publisherName": "Geek Learning",
      "License": "<a href='https://marketplace.visualstudio.com/items?itemName=geeklearningio.gl-vsts-tasks-azure' target='_blank'>License Terms</a>"
    },
    {
      "extensionName": "Inception Build and Release Tasks",
      "link": "<a href='https://marketplace.visualstudio.com/items?itemName=geeklearningio.gl-vsts-tasks-inception' target='_blank'><b>Inception Build and Release Tasks</b></a>",
      "publisherId": "geeklearningio",
      "extensionId": "gl-vsts-tasks-inception",
      "publisherName": "Geek Learning",
      "License": "<a href='https://marketplace.visualstudio.com/items?itemName=geeklearningio.gl-vsts-tasks-inception' target='_blank'>License Terms</a>"
    },
    {
      "extensionName": "Semantic Versioning Build and Release Tasks",
      "link": "<a href='https://marketplace.visualstudio.com/items?itemName=geeklearningio.gl-vsts-tasks-semver' target='_blank'><b>Semantic Versioning Build and Release Tasks</b></a>",
      "publisherId": "geeklearningio",
      "extensionId": "gl-vsts-tasks-semver",
      "publisherName": "Geek Learning",
      "License": "<a href='https://marketplace.visualstudio.com/items?itemName=geeklearningio.gl-vsts-tasks-semver' target='_blank'>License Terms</a>"
    },
    {
      "extensionName": "WSJF (Weighted Shortest Job First)",
      "link": "<a href='https://marketplace.visualstudio.com/items?itemName=MS-Agile-SAFe.WSJF-extension' target='_blank'><b>WSJF (Weighted Shortest Job First)</b></a>",
      "publisherId": "MS-Agile-SAFe",
      "extensionId": "WSJF-extension",
      "publisherName": "Microsoft DevLabs",
      "License": "<a href='https://marketplace.visualstudio.com/items?itemName=MS-Agile-SAFe.WSJF-extension' target='_blank'>License Terms</a>"
    },
    {
      "extensionName": "Azure Application Insights Widgets",
      "link": "<a href='https://marketplace.visualstudio.com/items?itemName=ms-appinsights.ApplicationInsightsWidgets' target='_blank'><b>Azure Application Insights Widgets</b></a>",
      "publisherId": "ms-appinsights",
      "extensionId": "ApplicationInsightsWidgets",
      "publisherName": "Microsoft",
      "License": "<a href='https://marketplace.visualstudio.com/items?itemName=ms-appinsights.ApplicationInsightsWidgets' target='_blank'>License Terms</a>"
    },
    {
      "extensionName": "Build Usage",
      "link": "<a href='https://marketplace.visualstudio.com/items?itemName=ms-devlabs.BuildandTestUsage' target='_blank'><b>Build Usage</b></a>",
      "publisherId": "ms-devlabs",
      "extensionId": "BuildandTestUsage",
      "publisherName": "Microsoft DevLabs",
      "License": "<a href='https://marketplace.visualstudio.com/items?itemName=ms-devlabs.BuildandTestUsage' target='_blank'>License Terms</a>"
    },
    {
      "extensionName": "Team Calendar",
      "link": "<a href='https://marketplace.visualstudio.com/items?itemName=ms-devlabs.team-calendar' target='_blank'><b>Team Calendar</b></a>",
      "publisherId": "ms-devlabs",
      "extensionId": "team-calendar",
      "publisherName": "Microsoft DevLabs",
      "License": "<a href='https://marketplace.visualstudio.com/items?itemName=ms-devlabs.team-calendar' target='_blank'>License Terms</a>"
    },
    {
      "extensionName": "Retrospectives",
      "link": "<a href='https://marketplace.visualstudio.com/items?itemName=ms-devlabs.team-retrospectives' target='_blank'><b>Retrospectives</b></a>",
      "publisherId": "ms-devlabs",
      "extensionId": "team-retrospectives",
      "publisherName": "Microsoft DevLabs",
      "License": "<a href='https://marketplace.visualstudio.com/items?itemName=ms-devlabs.team-retrospectives' target='_blank'>License Terms</a>"
    },
    {
      "extensionName": "Team Project Health",
      "link": "<a href='https://marketplace.visualstudio.com/items?itemName=ms-devlabs.TeamProjectHealth' target='_blank'><b>Team Project Health</b></a>",
      "publisherId": "ms-devlabs",
      "extensionId": "TeamProjectHealth",
      "publisherName": "Microsoft DevLabs",
      "License": "<a href='https://marketplace.visualstudio.com/items?itemName=ms-devlabs.TeamProjectHealth' target='_blank'>License Terms</a>"
    },
    {
      "extensionName": "Toggle control",
      "link": "<a href='https://marketplace.visualstudio.com/items?itemName=ms-devlabs.toggle-control' target='_blank'><b>Toggle control</b></a>",
      "publisherId": "ms-devlabs",
      "extensionId": "toggle-control",
      "publisherName": "Microsoft DevLabs",
      "License": "<a href='https://marketplace.visualstudio.com/items?itemName=ms-devlabs.toggle-control' target='_blank'>License Terms</a>"
    },
    {
      "extensionName": "Multivalue control",
      "link": "<a href='https://marketplace.visualstudio.com/items?itemName=ms-devlabs.vsts-extensions-multivalue-control' target='_blank'><b>Multivalue control</b></a>",
      "publisherId": "ms-devlabs",
      "extensionId": "vsts-extensions-multivalue-control",
      "publisherName": "Microsoft DevLabs",
      "License": "<a href='https://marketplace.visualstudio.com/items?itemName=ms-devlabs.vsts-extensions-multivalue-control' target='_blank'>License Terms</a>"
    },
    {
      "extensionName": "Wiki",
      "link": "<a href='https://marketplace.visualstudio.com/items?itemName=ms-devlabs.wiki' target='_blank'><b>Wiki</b></a>",
      "publisherId": "ms-devlabs",
      "extensionId": "wiki",
      "publisherName": "Microsoft DevLabs",
      "License": "<a href='https://marketplace.visualstudio.com/items?itemName=ms-devlabs.wiki' target='_blank'>License Terms</a>"
    },
    {
      "extensionName": "Feature timeline and Epic Roadmap",
      "link": "<a href='https://marketplace.visualstudio.com/items?itemName=ms-devlabs.workitem-feature-timeline-extension' target='_blank'><b>Feature timeline and Epic Roadmap</b></a>",
      "publisherId": "ms-devlabs",
      "extensionId": "workitem-feature-timeline-extension",
      "publisherName": "Microsoft DevLabs",
      "License": "<a href='https://marketplace.visualstudio.com/items?itemName=ms-devlabs.workitem-feature-timeline-extension' target='_blank'>License Terms</a>"
    },
    {
      "extensionName": "Work Item Details",
      "link": "<a href='https://marketplace.visualstudio.com/items?itemName=ms-devlabs.WorkItemDetails' target='_blank'><b>Work Item Details</b></a>",
      "publisherId": "ms-devlabs",
      "extensionId": "WorkItemDetails",
      "publisherName": "Microsoft DevLabs",
      "License": "<a href='https://marketplace.visualstudio.com/items?itemName=ms-devlabs.WorkItemDetails' target='_blank'>License Terms</a>"
    },
    {
      "extensionName": "Dependency Tracker",
      "link": "<a href='https://marketplace.visualstudio.com/items?itemName=ms-eswm.dependencytracker' target='_blank'><b>Dependency Tracker</b></a>",
      "publisherId": "ms-eswm",
      "extensionId": "dependencytracker",
      "publisherName": "Microsoft",
      "License": "<a href='https://marketplace.visualstudio.com/items?itemName=ms-eswm.dependencytracker' target='_blank'>License Terms</a>"
    },
    {
      "extensionName": "Apple App Store",
      "link": "<a href='https://marketplace.visualstudio.com/items?itemName=ms-vsclient.app-store' target='_blank'><b>Apple App Store</b></a>",
      "publisherId": "ms-vsclient",
      "extensionId": "app-store",
      "publisherName": "Microsoft",
      "License": "<a href='https://marketplace.visualstudio.com/items?itemName=ms-vsclient.app-store' target='_blank'>License Terms</a>"
    },
    {
      "extensionName": "Google Play",
      "link": "<a href='https://marketplace.visualstudio.com/items?itemName=ms-vsclient.google-play' target='_blank'><b>Google Play</b></a>",
      "publisherId": "ms-vsclient",
      "extensionId": "google-play",
      "publisherName": "Microsoft",
      "License": "<a href='https://marketplace.visualstudio.com/items?itemName=ms-vsclient.google-play' target='_blank'>License Terms</a>"
    },
    {
      "extensionName": "Apache Tomcat Deployment",
      "link": "<a href='https://marketplace.visualstudio.com/items?itemName=ms-vscs-rm.apachetomcat' target='_blank'><b>Apache Tomcat Deployment</b></a>",
      "publisherId": "ms-vscs-rm",
      "extensionId": "apachetomcat",
      "publisherName": "Microsoft",
      "License": "<a href='https://marketplace.visualstudio.com/items?itemName=ms-vscs-rm.apachetomcat' target='_blank'>License Terms</a>"
    },
    {
      "extensionName": "IIS Web App Deployment Using WinRM",
      "link": "<a href='https://marketplace.visualstudio.com/items?itemName=ms-vscs-rm.iiswebapp' target='_blank'><b>IIS Web App Deployment Using WinRM</b></a>",
      "publisherId": "ms-vscs-rm",
      "extensionId": "iiswebapp",
      "publisherName": "Microsoft",
      "License": "<a href='https://marketplace.visualstudio.com/items?itemName=ms-vscs-rm.iiswebapp' target='_blank'>License Terms</a>"
    },
    {
      "extensionName": "Post Build Cleanup",
      "link": "<a href='https://marketplace.visualstudio.com/items?itemName=mspremier.PostBuildCleanup' target='_blank'><b>Post Build Cleanup</b></a>",
      "publisherId": "mspremier",
      "extensionId": "PostBuildCleanup",
      "publisherName": "Microsoft Premier Services",
      "License": "<a href='https://marketplace.visualstudio.com/items?itemName=mspremier.PostBuildCleanup' target='_blank'>License Terms</a>"
    },
    {
      "extensionName": "Process Tools for Azure DevOps",
      "link": "<a href='https://marketplace.visualstudio.com/items?itemName=nkdagility.processtemplate' target='_blank'><b>Process Tools for Azure DevOps</b></a>",
      "publisherId": "nkdagility",
      "extensionId": "processtemplate",
      "publisherName": "naked Agility Ltd. – Martin Hinshelwood",
      "License": "<a href='https://marketplace.visualstudio.com/items?itemName=nkdagility.processtemplate' target='_blank'>License Terms</a>"
    },
    {
      "extensionName": "Pester Test Runner Build Task",
      "link": "<a href='https://marketplace.visualstudio.com/items?itemName=richardfennellBM.BM-VSTS-PesterRunner-Task' target='_blank'><b>Pester Test Runner Build Task</b></a>",
      "publisherId": "richardfennellBM",
      "extensionId": "BM-VSTS-PesterRunner-Task",
      "publisherName": "Richard Fennell (Black Marble)",
      "License": "<a href='https://marketplace.visualstudio.com/items?itemName=richardfennellBM.BM-VSTS-PesterRunner-Task' target='_blank'>License Terms</a>"
    },
    {
      "extensionName": "SonarQube",
      "link": "<a href='https://marketplace.visualstudio.com/items?itemName=SonarSource.sonarqube' target='_blank'><b>SonarQube</b></a>",
      "publisherId": "SonarSource",
      "extensionId": "sonarqube",
      "publisherName": "SonarSource",
      "License": "<a href='https://marketplace.visualstudio.com/items?itemName=SonarSource.sonarqube' target='_blank'>License Terms</a>"
    },
    {
      "extensionName": "Open in Power BI",
      "link": "<a href='https://marketplace.visualstudio.com/items?itemName=stansw.vsts-open-in-powerbi' target='_blank'><b>Open in Power BI</b></a>",
      "publisherId": "stansw",
      "extensionId": "vsts-open-in-powerbi",
      "publisherName": "Stanislaw Swierc",
      "License": "<a href='https://marketplace.visualstudio.com/items?itemName=stansw.vsts-open-in-powerbi' target='_blank'>License Terms</a>"
    },
    {
      "extensionName": "Delivery Plans",
      "link": "<a href='https://marketplace.visualstudio.com/items?itemName=ms.vss-plans' target='_blank'><b>Delivery Plans</b></a>",
      "publisherId": "ms",
      "extensionId": "vss-plans",
      "publisherName": "Microsoft",
      "License": "<a href='https://marketplace.visualstudio.com/items?itemName=ms.vss-plans' target='_blank'>License Terms</a>"
    }
  ]
}