{
  "source": "userInterface",
  "revision": 8,
  "description": null,
  "createdBy": "{}",
  "createdOn": "",
  "modifiedBy": "{}",
  "modifiedOn": "",
  "isDeleted": false,
  "lastRelease": {
    "id": 70,
    "name": "Release-14",
    "artifacts": [],
    "_links": {},
    "description": "",
    "releaseDefinition": {
      "id": 4,
      "projectReference": null,
      "_links": {}
    },
    "createdOn": "2019-10-22T20:11:34.17Z",
    "createdBy": {
      "displayName": "Swathi G",
      "url": "https://spsprodcus2.vssps.visualstudio.com/Ab558cd06-5b68-466b-95bd-7b709e2862f0/_apis/Identities/d3e8ce72-5a35-689e-b035-29cd59698d84",
      "_links": {
        "avatar": {
          "href": "https://dev.azure.com/abcdsse/_apis/GraphProfile/MemberAvatars/bnd.dXBuOjI3YzRmN2RmLWZhZDctNDA4Mi1iM2I0LTg4YmY0Zjk0MmE0N1xzd2F0aGdAbWljcm9zb2Z0LmNvbQ"
        }
      },
      "id": "d3e8ce72-5a35-689e-b035-29cd59698d84",
      "uniqueName": "swathg@microsoft.com",
      "imageUrl": "https://dev.azure.com/abcdsse/_apis/GraphProfile/MemberAvatars/bnd.dXBuOjI3YzRmN2RmLWZhZDctNDA4Mi1iM2I0LTg4YmY0Zjk0MmE0N1xzd2F0aGdAbWljcm9zb2Z0LmNvbQ",
      "descriptor": "bnd.dXBuOjI3YzRmN2RmLWZhZDctNDA4Mi1iM2I0LTg4YmY0Zjk0MmE0N1xzd2F0aGdAbWljcm9zb2Z0LmNvbQ"
    }
  },
  "variables": {
    "system.debug": {
      "value": "true"
    }
  },
  "variableGroups": [
    "$All-Stages-Booking$"
  ],
  "environments": [
    {
      "id": 23,
      "name": "Release to DEV",
      "rank": 1,
      "owner": {
        "displayName": "$OwnerDisplayName$",
        "url": "",
        "_links": "{}",
        "id": "$OwnerId$",
        "uniqueName": "$OwnerUniqueName$",
        "imageUrl": "",
        "descriptor": ""
      },
      "variables": {},
      "variableGroups": [
        "$Bookings-DEV$"
      ],
      "preDeployApprovals": {
        "approvals": [
          {
            "rank": 1,
            "isAutomated": true,
            "isNotificationOn": false,
            "id": 67
          }
        ],
        "approvalOptions": {
          "requiredApproverCount": null,
          "releaseCreatorCanBeApprover": false,
          "autoTriggeredAndPreviousEnvironmentApprovedCanBeSkipped": false,
          "enforceIdentityRevalidation": false,
          "timeoutInMinutes": 0,
          "executionOrder": "beforeGates"
        }
      },
      "deployStep": {
        "id": 86
      },
      "postDeployApprovals": {
        "approvals": [
          {
            "rank": 1,
            "isAutomated": true,
            "isNotificationOn": false,
            "id": 87
          }
        ],
        "approvalOptions": {
          "requiredApproverCount": null,
          "releaseCreatorCanBeApprover": false,
          "autoTriggeredAndPreviousEnvironmentApprovedCanBeSkipped": false,
          "enforceIdentityRevalidation": false,
          "timeoutInMinutes": 0,
          "executionOrder": "afterSuccessfulGates"
        }
      },
      "deployPhases": [
        {
          "deploymentInput": {
            "parallelExecution": {
              "parallelExecutionType": "none"
            },
            "agentSpecification": {
              "identifier": "vs2017-win2016"
            },
            "skipArtifactsDownload": false,
            "artifactsDownloadInput": {
              "downloadInputs": [
                {
                  "alias": "_Build Shared Services and PaaS",
                  "artifactType": "Build",
                  "artifactDownloadMode": "All",
                  "artifactItems": []
                }
              ]
            },
            "queueId": "$Azure Pipelines$",
            "demands": [],
            "enableAccessToken": false,
            "timeoutInMinutes": 0,
            "jobCancelTimeoutInMinutes": 1,
            "condition": "succeeded()",
            "overrideInputs": {}
          },
          "rank": 1,
          "phaseType": "agentBasedDeployment",
          "name": "Provision and Deploy",
          "refName": null,
          "workflowTasks": [
            {
              "environment": {},
              "taskId": "2c65e16f-a966-4c35-a787-b772614ca962",
              "version": "1.*",
              "name": "Bookings-CD-CQ-CS",
              "refName": "",
              "enabled": true,
              "alwaysRun": true,
              "continueOnError": true,
              "timeoutInMinutes": 0,
              "definitionType": "metaTask",
              "overrideInputs": {},
              "condition": "succeededOrFailed()",
              "inputs": {
                "administratorLogin": "$(administratorLogin)",
                "administratorPassword": "$(administratorPassword)",
                "administratorsid": "$(administratorsid)",
                "appserviceplan": "$(appserviceplan)",
                "armAppServiceOutput": "$(armAppServiceOutput)",
                "authenticationMode": "$(authenticationMode)",
                "databasename": "$(databasename)",
                "diagnosticStorageAccountName": "$(diagnosticStorageAccountName)",
                "diagnosticStorageResourceGroup": "$(diagnosticStorageResourceGroup)",
                "keyvaultlogstorageaccountaccesskey": "$(keyvaultlogstorageaccountaccesskey)",
                "keyvaultname": "$(keyvaultname)",
                "keyvaultserviceprincipalclientid": "$(keyvaultserviceprincipalclientid)",
                "keyvaultserviceprincipalclientpassword": "$(keyvaultserviceprincipalclientpassword)",
                "localsqlserveradmin": "$(localsqlserveradmin)",
                "localsqlserveradministratorpassword": "$(localsqlserveradministratorpassword)",
                "logAnalyticsWorkspaceName": "$(logAnalyticsWorkspaceName)",
                "logAnalyticsWorkspaceResourceGroup": "$(logAnalyticsWorkspaceResourceGroup)",
                "objectId": "$(objectId)",
                "resourcegroup": "$(resourcegroup)",
                "rglocation": "$(rglocation)",
                "securitylogstorageaccountaccesskey": "$(securitylogstorageaccountaccesskey)",
                "securitylogstorageaccountendpoint": "$(securitylogstorageaccountendpoint)",
                "sqlsecuritylogstorageaccountname": "$(sqlsecuritylogstorageaccountname)",
                "sqlserver": "$(sqlserver)",
                "sqlserveradmin": "$(sqlserveradmin)",
                "sqlserveradministratorpassword": "$(sqlserveradministratorpassword)",
                "storageAccountOutput": "$(storageAccountOutput)",
                "storageAccountResourceId": "$(storageAccountResourceId)",
                "subscriptionid": "$(subscriptionid)",
                "tenantId": "$(tenantId)",
                "vaultsku": "$(vaultsku)",
                "webapp": "$(webapp)"
              }
            }
          ]
        }
      ],
      "environmentOptions": {
        "emailNotificationType": "OnlyOnFailure",
        "emailRecipients": "release.environment.owner;release.creator",
        "skipArtifactsDownload": false,
        "timeoutInMinutes": 0,
        "enableAccessToken": false,
        "publishDeploymentStatus": true,
        "badgeEnabled": false,
        "autoLinkWorkItems": false,
        "pullRequestDeploymentEnabled": false
      },
      "demands": [],
      "conditions": [
        {
          "name": "ReleaseStarted",
          "conditionType": "event",
          "value": ""
        }
      ],
      "executionPolicy": {
        "concurrencyCount": 1,
        "queueDepthCount": 0
      },
      "schedules": [],
      "currentRelease": {
        "id": 70,
        "url": "https://vsrm.dev.azure.com/abcdsse/eb1ae3df-fc9c-424e-817f-f42f8315de2d/_apis/Release/releases/70",
        "_links": {}
      },
      "retentionPolicy": {
        "daysToKeep": 30,
        "releasesToKeep": 3,
        "retainBuild": true
      },
      "processParameters": {},
      "properties": {
        "LinkBoardsWorkItems": {
          "$type": "System.String",
          "$value": "False"
        }
      },
      "preDeploymentGates": {
        "id": 0,
        "gatesOptions": {
          "isEnabled": false,
          "timeout": 1440,
          "samplingInterval": 15,
          "stabilizationTime": 5,
          "minimumSuccessDuration": 0
        },
        "gates": []
      },
      "postDeploymentGates": {
        "id": 0,
        "gatesOptions": null,
        "gates": []
      },
      "environmentTriggers": [],
      "badgeUrl": ""
    },
    {
      "id": 24,
      "name": "Undeploy DEV",
      "rank": 2,
      "owner": {
        "displayName": "$OwnerDisplayName$",
        "url": "",
        "_links": "{}",
        "id": "$OwnerId$",
        "uniqueName": "$OwnerUniqueName$",
        "imageUrl": "",
        "descriptor": ""
      },
      "variables": {},
      "variableGroups": [
        "$Bookings-DEV$"
      ],
      "preDeployApprovals": {
        "approvals": [
          {
            "rank": 1,
            "isAutomated": false,
            "isNotificationOn": false,
            "approver": {
              "displayName": "[mytest]\\mytest Team",
              "url": "https://spsprodcus2.vssps.visualstudio.com/Ab558cd06-5b68-466b-95bd-7b709e2862f0/_apis/Identities/f4817093-c23a-409b-b126-0262ca79ead8",
              "_links": {
                "avatar": {
                  "href": "https://dev.azure.com/abcdsse/_apis/GraphProfile/MemberAvatars/vssgp.Uy0xLTktMTU1MTM3NDI0NS0zNzU2MjAyNzMxLTI2MzM3ODA4MDItMjE3MjY0NjQ0Ny0yMTk5MjQ4NDI5LTEtMjU5MDMwNDIyMC00NTE0NTkyMy0yNDU0MDU5NTk5LTEyMjk4MjM4NTE"
                }
              },
              "id": "f4817093-c23a-409b-b126-0262ca79ead8",
              "uniqueName": "vstfs:///Classification/TeamProject/eb1ae3df-fc9c-424e-817f-f42f8315de2d\\mytest Team",
              "imageUrl": "https://dev.azure.com/abcdsse/_apis/GraphProfile/MemberAvatars/vssgp.Uy0xLTktMTU1MTM3NDI0NS0zNzU2MjAyNzMxLTI2MzM3ODA4MDItMjE3MjY0NjQ0Ny0yMTk5MjQ4NDI5LTEtMjU5MDMwNDIyMC00NTE0NTkyMy0yNDU0MDU5NTk5LTEyMjk4MjM4NTE",
              "isContainer": true,
              "descriptor": "vssgp.Uy0xLTktMTU1MTM3NDI0NS0zNzU2MjAyNzMxLTI2MzM3ODA4MDItMjE3MjY0NjQ0Ny0yMTk5MjQ4NDI5LTEtMjU5MDMwNDIyMC00NTE0NTkyMy0yNDU0MDU5NTk5LTEyMjk4MjM4NTE"
            },
            "id": 255
          }
        ],
        "approvalOptions": {
          "requiredApproverCount": null,
          "releaseCreatorCanBeApprover": true,
          "autoTriggeredAndPreviousEnvironmentApprovedCanBeSkipped": false,
          "enforceIdentityRevalidation": false,
          "timeoutInMinutes": 0,
          "executionOrder": "beforeGates"
        }
      },
      "deployStep": {
        "id": 85
      },
      "postDeployApprovals": {
        "approvals": [
          {
            "rank": 1,
            "isAutomated": true,
            "isNotificationOn": false,
            "id": 88
          }
        ],
        "approvalOptions": {
          "requiredApproverCount": null,
          "releaseCreatorCanBeApprover": false,
          "autoTriggeredAndPreviousEnvironmentApprovedCanBeSkipped": false,
          "enforceIdentityRevalidation": false,
          "timeoutInMinutes": 0,
          "executionOrder": "afterSuccessfulGates"
        }
      },
      "deployPhases": [
        {
          "deploymentInput": {
            "parallelExecution": {
              "parallelExecutionType": "none"
            },
            "agentSpecification": {
              "identifier": "vs2017-win2016"
            },
            "skipArtifactsDownload": false,
            "artifactsDownloadInput": {
              "downloadInputs": []
            },
            "queueId": "$Azure Pipelines$",
            "demands": [],
            "enableAccessToken": false,
            "timeoutInMinutes": 0,
            "jobCancelTimeoutInMinutes": 1,
            "condition": "succeeded()",
            "overrideInputs": {}
          },
          "rank": 1,
          "phaseType": "agentBasedDeployment",
          "name": "Undeploy DEV",
          "refName": null,
          "workflowTasks": [
            {
              "environment": {},
              "taskId": "72a1931b-effb-4d2e-8fd8-f8472a07cb62",
              "version": "4.*",
              "name": "Azure PowerShell script: FilePath",
              "refName": "",
              "enabled": true,
              "alwaysRun": false,
              "continueOnError": false,
              "timeoutInMinutes": 0,
              "definitionType": "task",
              "overrideInputs": {},
              "condition": "succeeded()",
              "inputs": {
                "ConnectedServiceNameARM": "",
                "ScriptType": "FilePath",
                "ScriptPath": "$(System.DefaultWorkingDirectory)/_Bookings-CI/drop/ModernizationWithAppServiceDotNET/SmartHotel360.Registration.ARM/AppServices/UndeployAppService.ps1",
                "Inline": "# You can write your azure powershell scripts inline here. \n# You can also pass predefined and custom variables to this script using arguments",
                "ScriptArguments": "-ResourceGroupName '$(resourcegroup)' -WebAppName '$(webapp)' -AppServicePlanName '$(appserviceplan)' -SqlServerName '$(sqlserver)'",
                "errorActionPreference": "stop",
                "FailOnStandardError": "false",
                "TargetAzurePs": "LatestVersion",
                "CustomTargetAzurePs": ""
              }
            }
          ]
        }
      ],
      "environmentOptions": {
        "emailNotificationType": "OnlyOnFailure",
        "emailRecipients": "release.environment.owner;release.creator",
        "skipArtifactsDownload": false,
        "timeoutInMinutes": 0,
        "enableAccessToken": false,
        "publishDeploymentStatus": true,
        "badgeEnabled": false,
        "autoLinkWorkItems": false,
        "pullRequestDeploymentEnabled": false
      },
      "demands": [],
      "conditions": [
        {
          "name": "Release to DEV",
          "conditionType": "environmentState",
          "value": "132"
        }
      ],
      "executionPolicy": {
        "concurrencyCount": 1,
        "queueDepthCount": 0
      },
      "schedules": [],
      "currentRelease": {
        "id": 0,
        "url": "https://vsrm.dev.azure.com/abcdsse/eb1ae3df-fc9c-424e-817f-f42f8315de2d/_apis/Release/releases/0",
        "_links": {}
      },
      "retentionPolicy": {
        "daysToKeep": 30,
        "releasesToKeep": 3,
        "retainBuild": true
      },
      "processParameters": {},
      "properties": {
        "LinkBoardsWorkItems": {
          "$type": "System.String",
          "$value": "False"
        }
      },
      "preDeploymentGates": {
        "id": 0,
        "gatesOptions": null,
        "gates": []
      },
      "postDeploymentGates": {
        "id": 0,
        "gatesOptions": null,
        "gates": []
      },
      "environmentTriggers": [],
      "badgeUrl": ""
    },
    {
      "id": 25,
      "name": "Release to QA",
      "rank": 3,
      "owner": {
        "displayName": "$OwnerDisplayName$",
        "url": "",
        "_links": "{}",
        "id": "$OwnerId$",
        "uniqueName": "$OwnerUniqueName$",
        "imageUrl": "",
        "descriptor": ""
      },
      "variables": {},
      "variableGroups": [
        "$Bookings-QA$"
      ],
      "preDeployApprovals": {
        "approvals": [
          {
            "rank": 1,
            "isAutomated": false,
            "isNotificationOn": false,
            "approver": {
              "displayName": null,
              "id": "3a718057-7af6-49c0-9abb-be956be6cc3d"
            },
            "id": 69
          }
        ],
        "approvalOptions": {
          "requiredApproverCount": null,
          "releaseCreatorCanBeApprover": true,
          "autoTriggeredAndPreviousEnvironmentApprovedCanBeSkipped": false,
          "enforceIdentityRevalidation": false,
          "timeoutInMinutes": 0,
          "executionOrder": "beforeGates"
        }
      },
      "deployStep": {
        "id": 84
      },
      "postDeployApprovals": {
        "approvals": [
          {
            "rank": 1,
            "isAutomated": true,
            "isNotificationOn": false,
            "id": 89
          }
        ],
        "approvalOptions": {
          "requiredApproverCount": null,
          "releaseCreatorCanBeApprover": false,
          "autoTriggeredAndPreviousEnvironmentApprovedCanBeSkipped": false,
          "enforceIdentityRevalidation": false,
          "timeoutInMinutes": 0,
          "executionOrder": "afterSuccessfulGates"
        }
      },
      "deployPhases": [
        {
          "deploymentInput": {
            "parallelExecution": {
              "parallelExecutionType": "none"
            },
            "agentSpecification": {
              "identifier": "vs2017-win2016"
            },
            "skipArtifactsDownload": false,
            "artifactsDownloadInput": {
              "downloadInputs": [
                {
                  "alias": "_Build Shared Services and PaaS",
                  "artifactType": "Build",
                  "artifactDownloadMode": "All",
                  "artifactItems": []
                }
              ]
            },
            "queueId": "$Azure Pipelines$",
            "demands": [],
            "enableAccessToken": false,
            "timeoutInMinutes": 0,
            "jobCancelTimeoutInMinutes": 1,
            "condition": "succeeded()",
            "overrideInputs": {}
          },
          "rank": 1,
          "phaseType": "agentBasedDeployment",
          "name": "Provision and Deploy",
          "refName": null,
          "workflowTasks": [
            {
              "environment": {},
              "taskId": "2c65e16f-a966-4c35-a787-b772614ca962",
              "version": "1.*",
              "name": "Bookings-CD-CQ-CS",
              "refName": "",
              "enabled": true,
              "alwaysRun": true,
              "continueOnError": true,
              "timeoutInMinutes": 0,
              "definitionType": "metaTask",
              "overrideInputs": {},
              "condition": "succeededOrFailed()",
              "inputs": {
                "administratorLogin": "$(administratorLogin)",
                "administratorPassword": "$(administratorPassword)",
                "administratorsid": "$(administratorsid)",
                "appserviceplan": "$(appserviceplan)",
                "armAppServiceOutput": "$(armAppServiceOutput)",
                "authenticationMode": "$(authenticationMode)",
                "databasename": "$(databasename)",
                "diagnosticStorageAccountName": "$(diagnosticStorageAccountName)",
                "diagnosticStorageResourceGroup": "$(diagnosticStorageResourceGroup)",
                "keyvaultlogstorageaccountaccesskey": "$(keyvaultlogstorageaccountaccesskey)",
                "keyvaultname": "$(keyvaultname)",
                "keyvaultserviceprincipalclientid": "$(keyvaultserviceprincipalclientid)",
                "keyvaultserviceprincipalclientpassword": "$(keyvaultserviceprincipalclientpassword)",
                "localsqlserveradmin": "$(localsqlserveradmin)",
                "localsqlserveradministratorpassword": "$(localsqlserveradministratorpassword)",
                "logAnalyticsWorkspaceName": "$(logAnalyticsWorkspaceName)",
                "logAnalyticsWorkspaceResourceGroup": "$(logAnalyticsWorkspaceResourceGroup)",
                "objectId": "$(objectId)",
                "resourcegroup": "$(resourcegroup)",
                "rglocation": "$(rglocation)",
                "securitylogstorageaccountaccesskey": "$(securitylogstorageaccountaccesskey)",
                "securitylogstorageaccountendpoint": "$(securitylogstorageaccountendpoint)",
                "sqlsecuritylogstorageaccountname": "$(sqlsecuritylogstorageaccountname)",
                "sqlserver": "$(sqlserver)",
                "sqlserveradmin": "$(sqlserveradmin)",
                "sqlserveradministratorpassword": "$(sqlserveradministratorpassword)",
                "storageAccountOutput": "$(storageAccountOutput)",
                "storageAccountResourceId": "$(storageAccountResourceId)",
                "subscriptionid": "$(subscriptionid)",
                "tenantId": "$(tenantId)",
                "vaultsku": "$(vaultsku)",
                "webapp": "$(webapp)"
              }
            }
          ]
        },
        {
          "deploymentInput": {
            "parallelExecution": {
              "parallelExecutionType": "none"
            },
            "agentSpecification": {
              "identifier": "vs2017-win2016"
            },
            "skipArtifactsDownload": false,
            "artifactsDownloadInput": {
              "downloadInputs": []
            },
            "queueId": "$Azure Pipelines$",
            "demands": [],
            "enableAccessToken": false,
            "timeoutInMinutes": 0,
            "jobCancelTimeoutInMinutes": 1,
            "condition": "succeeded()",
            "overrideInputs": {}
          },
          "rank": 2,
          "phaseType": "agentBasedDeployment",
          "name": "Run BDD Automated Functional Tests",
          "refName": null,
          "workflowTasks": [
            {
              "environment": {},
              "taskId": "e213ff0f-5d5c-4791-802d-52ea3e7be1f1",
              "version": "2.*",
              "name": "Update App Settings for BDD automated functional tests",
              "refName": "",
              "enabled": true,
              "alwaysRun": false,
              "continueOnError": false,
              "timeoutInMinutes": 0,
              "definitionType": "task",
              "overrideInputs": {},
              "condition": "succeeded()",
              "inputs": {
                "targetType": "filePath",
                "filePath": "$(System.DefaultWorkingDirectory)/_Bookings-CI/drop/ModernizationWithAppServiceDotNET/SmartHotel360.Registration.ARM/SpecflowIntegrationTest/UpdateAppConfigAtRunTime.ps1",
                "arguments": "$(System.DefaultWorkingDirectory)/_Bookings-CI/drop/ModernizationWithAppServiceDotNET/SmartHotel360.Registration.Web.Int.Tests/bin/Release/SmartHotel360.Registration.Web.Integration.Tests.dll.config $(authenticationMode) $(sqlserver) $(databasename) \"https://$(keyvaultname).vault.azure.net/\" $(keyvaultserviceprincipalclientid) $(keyvaultserviceprincipalclientpassword)",
                "script": "# Write your PowerShell commands here.\n\nWrite-Host \"Hello World\"\n",
                "errorActionPreference": "stop",
                "failOnStderr": "false",
                "ignoreLASTEXITCODE": "false",
                "pwsh": "false",
                "workingDirectory": ""
              }
            },
            {
              "environment": {},
              "taskId": "ef087383-ee5e-42c7-9a53-ab56c98420f9",
              "version": "2.*",
              "name": "BDD Automated Functional Tests using Specflow",
              "refName": "",
              "enabled": true,
              "alwaysRun": false,
              "continueOnError": false,
              "timeoutInMinutes": 0,
              "definitionType": "task",
              "overrideInputs": {},
              "condition": "succeeded()",
              "inputs": {
                "testSelector": "testAssemblies",
                "testAssemblyVer2": "##\\#integration.tests#.dll\n!##\\#TestAdapter.dll\n!##\\obj\\##",
                "testPlan": "",
                "testSuite": "",
                "testConfiguration": "",
                "tcmTestRun": "$(test.RunId)",
                "searchFolder": "$(System.DefaultWorkingDirectory)",
                "testFiltercriteria": "",
                "runOnlyImpactedTests": "False",
                "runAllTestsAfterXBuilds": "50",
                "uiTests": "false",
                "vstestLocationMethod": "version",
                "vsTestVersion": "latest",
                "vstestLocation": "",
                "runSettingsFile": "",
                "overrideTestrunParameters": "",
                "pathtoCustomTestAdapters": "",
                "runInParallel": "False",
                "runTestsInIsolation": "False",
                "codeCoverageEnabled": "False",
                "otherConsoleOptions": "",
                "distributionBatchType": "basedOnTestCases",
                "batchingBasedOnAgentsOption": "autoBatchSize",
                "customBatchSizeValue": "10",
                "batchingBasedOnExecutionTimeOption": "autoBatchSize",
                "customRunTimePerBatchValue": "60",
                "dontDistribute": "False",
                "testRunTitle": "",
                "platform": "",
                "configuration": "",
                "publishRunAttachments": "true",
                "diagnosticsEnabled": "true",
                "collectDumpOn": "onAbortOnly",
                "rerunFailedTests": "False",
                "rerunType": "basedOnTestFailurePercentage",
                "rerunFailedThreshold": "30",
                "rerunFailedTestCasesMaxLimit": "5",
                "rerunMaxAttempts": "3"
              }
            }
          ]
        }
      ],
      "environmentOptions": {
        "emailNotificationType": "OnlyOnFailure",
        "emailRecipients": "release.environment.owner;release.creator",
        "skipArtifactsDownload": false,
        "timeoutInMinutes": 0,
        "enableAccessToken": false,
        "publishDeploymentStatus": true,
        "badgeEnabled": false,
        "autoLinkWorkItems": false,
        "pullRequestDeploymentEnabled": false
      },
      "demands": [],
      "conditions": [
        {
          "name": "Release to DEV",
          "conditionType": "environmentState",
          "value": "4"
        }
      ],
      "executionPolicy": {
        "concurrencyCount": 1,
        "queueDepthCount": 0
      },
      "schedules": [],
      "currentRelease": {
        "id": 70,
        "url": "https://vsrm.dev.azure.com/abcdsse/eb1ae3df-fc9c-424e-817f-f42f8315de2d/_apis/Release/releases/70",
        "_links": {}
      },
      "retentionPolicy": {
        "daysToKeep": 30,
        "releasesToKeep": 3,
        "retainBuild": true
      },
      "processParameters": {},
      "properties": {
        "LinkBoardsWorkItems": {
          "$type": "System.String",
          "$value": "False"
        }
      },
      "preDeploymentGates": {
        "id": 0,
        "gatesOptions": {
          "isEnabled": false,
          "timeout": 1440,
          "samplingInterval": 15,
          "stabilizationTime": 5,
          "minimumSuccessDuration": 0
        },
        "gates": []
      },
      "postDeploymentGates": {
        "id": 0,
        "gatesOptions": null,
        "gates": []
      },
      "environmentTriggers": [],
      "badgeUrl": ""
    },
    {
      "id": 26,
      "name": "Undeploy QA",
      "rank": 4,
      "owner": {
        "displayName": "$OwnerDisplayName$",
        "url": "",
        "_links": "{}",
        "id": "$OwnerId$",
        "uniqueName": "$OwnerUniqueName$",
        "imageUrl": "",
        "descriptor": ""
      },
      "variables": {},
      "variableGroups": [
        "$Bookings-QA$"
      ],
      "preDeployApprovals": {
        "approvals": [
          {
            "rank": 1,
            "isAutomated": false,
            "isNotificationOn": false,
            "approver": {
              "displayName": "[mytest]\\mytest Team",
              "url": "https://spsprodcus2.vssps.visualstudio.com/Ab558cd06-5b68-466b-95bd-7b709e2862f0/_apis/Identities/f4817093-c23a-409b-b126-0262ca79ead8",
              "_links": {
                "avatar": {
                  "href": "https://dev.azure.com/abcdsse/_apis/GraphProfile/MemberAvatars/vssgp.Uy0xLTktMTU1MTM3NDI0NS0zNzU2MjAyNzMxLTI2MzM3ODA4MDItMjE3MjY0NjQ0Ny0yMTk5MjQ4NDI5LTEtMjU5MDMwNDIyMC00NTE0NTkyMy0yNDU0MDU5NTk5LTEyMjk4MjM4NTE"
                }
              },
              "id": "f4817093-c23a-409b-b126-0262ca79ead8",
              "uniqueName": "vstfs:///Classification/TeamProject/eb1ae3df-fc9c-424e-817f-f42f8315de2d\\mytest Team",
              "imageUrl": "https://dev.azure.com/abcdsse/_apis/GraphProfile/MemberAvatars/vssgp.Uy0xLTktMTU1MTM3NDI0NS0zNzU2MjAyNzMxLTI2MzM3ODA4MDItMjE3MjY0NjQ0Ny0yMTk5MjQ4NDI5LTEtMjU5MDMwNDIyMC00NTE0NTkyMy0yNDU0MDU5NTk5LTEyMjk4MjM4NTE",
              "isContainer": true,
              "descriptor": "vssgp.Uy0xLTktMTU1MTM3NDI0NS0zNzU2MjAyNzMxLTI2MzM3ODA4MDItMjE3MjY0NjQ0Ny0yMTk5MjQ4NDI5LTEtMjU5MDMwNDIyMC00NTE0NTkyMy0yNDU0MDU5NTk5LTEyMjk4MjM4NTE"
            },
            "id": 256
          }
        ],
        "approvalOptions": {
          "requiredApproverCount": null,
          "releaseCreatorCanBeApprover": true,
          "autoTriggeredAndPreviousEnvironmentApprovedCanBeSkipped": false,
          "enforceIdentityRevalidation": false,
          "timeoutInMinutes": 0,
          "executionOrder": "beforeGates"
        }
      },
      "deployStep": {
        "id": 83
      },
      "postDeployApprovals": {
        "approvals": [
          {
            "rank": 1,
            "isAutomated": true,
            "isNotificationOn": false,
            "id": 90
          }
        ],
        "approvalOptions": {
          "requiredApproverCount": null,
          "releaseCreatorCanBeApprover": false,
          "autoTriggeredAndPreviousEnvironmentApprovedCanBeSkipped": false,
          "enforceIdentityRevalidation": false,
          "timeoutInMinutes": 0,
          "executionOrder": "afterSuccessfulGates"
        }
      },
      "deployPhases": [
        {
          "deploymentInput": {
            "parallelExecution": {
              "parallelExecutionType": "none"
            },
            "agentSpecification": {
              "identifier": "vs2017-win2016"
            },
            "skipArtifactsDownload": false,
            "artifactsDownloadInput": {
              "downloadInputs": [
                {
                  "alias": "_Build Shared Services and PaaS",
                  "artifactType": "Build",
                  "artifactDownloadMode": "All",
                  "artifactItems": []
                }
              ]
            },
            "queueId": "$Azure Pipelines$",
            "demands": [],
            "enableAccessToken": false,
            "timeoutInMinutes": 0,
            "jobCancelTimeoutInMinutes": 1,
            "condition": "succeeded()",
            "overrideInputs": {}
          },
          "rank": 1,
          "phaseType": "agentBasedDeployment",
          "name": "Undeploy QA",
          "refName": null,
          "workflowTasks": [
            {
              "environment": {},
              "taskId": "72a1931b-effb-4d2e-8fd8-f8472a07cb62",
              "version": "4.*",
              "name": "Azure PowerShell script: FilePath",
              "refName": "",
              "enabled": true,
              "alwaysRun": false,
              "continueOnError": false,
              "timeoutInMinutes": 0,
              "definitionType": "task",
              "overrideInputs": {},
              "condition": "succeeded()",
              "inputs": {
                "ConnectedServiceNameARM": "",
                "ScriptType": "FilePath",
                "ScriptPath": "$(System.DefaultWorkingDirectory)/_Bookings-CI/drop/ModernizationWithAppServiceDotNET/SmartHotel360.Registration.ARM/AppServices/UndeployAppService.ps1",
                "Inline": "# You can write your azure powershell scripts inline here. \n# You can also pass predefined and custom variables to this script using arguments",
                "ScriptArguments": "-ResourceGroupName '$(resourcegroup)' -WebAppName '$(webapp)' -AppServicePlanName '$(appserviceplan)' -SqlServerName '$(sqlserver)'",
                "errorActionPreference": "stop",
                "FailOnStandardError": "false",
                "TargetAzurePs": "LatestVersion",
                "CustomTargetAzurePs": ""
              }
            }
          ]
        }
      ],
      "environmentOptions": {
        "emailNotificationType": "OnlyOnFailure",
        "emailRecipients": "release.environment.owner;release.creator",
        "skipArtifactsDownload": false,
        "timeoutInMinutes": 0,
        "enableAccessToken": false,
        "publishDeploymentStatus": true,
        "badgeEnabled": false,
        "autoLinkWorkItems": false,
        "pullRequestDeploymentEnabled": false
      },
      "demands": [],
      "conditions": [
        {
          "name": "Release to QA",
          "conditionType": "environmentState",
          "value": "132"
        }
      ],
      "executionPolicy": {
        "concurrencyCount": 1,
        "queueDepthCount": 0
      },
      "schedules": [],
      "currentRelease": {
        "id": 0,
        "url": "https://vsrm.dev.azure.com/abcdsse/eb1ae3df-fc9c-424e-817f-f42f8315de2d/_apis/Release/releases/0",
        "_links": {}
      },
      "retentionPolicy": {
        "daysToKeep": 30,
        "releasesToKeep": 3,
        "retainBuild": true
      },
      "processParameters": {},
      "properties": {
        "LinkBoardsWorkItems": {
          "$type": "System.String",
          "$value": "False"
        }
      },
      "preDeploymentGates": {
        "id": 0,
        "gatesOptions": null,
        "gates": []
      },
      "postDeploymentGates": {
        "id": 0,
        "gatesOptions": null,
        "gates": []
      },
      "environmentTriggers": [],
      "badgeUrl": ""
    },
    {
      "id": 27,
      "name": "Release to SIT",
      "rank": 5,
      "owner": {
        "displayName": "$OwnerDisplayName$",
        "url": "",
        "_links": "{}",
        "id": "$OwnerId$",
        "uniqueName": "$OwnerUniqueName$",
        "imageUrl": "",
        "descriptor": ""
      },
      "variables": {},
      "variableGroups": [
        "$Bookings-SIT$"
      ],
      "preDeployApprovals": {
        "approvals": [
          {
            "rank": 1,
            "isAutomated": true,
            "isNotificationOn": false,
            "id": 71
          }
        ],
        "approvalOptions": {
          "requiredApproverCount": null,
          "releaseCreatorCanBeApprover": false,
          "autoTriggeredAndPreviousEnvironmentApprovedCanBeSkipped": false,
          "enforceIdentityRevalidation": false,
          "timeoutInMinutes": 0,
          "executionOrder": "beforeGates"
        }
      },
      "deployStep": {
        "id": 82
      },
      "postDeployApprovals": {
        "approvals": [
          {
            "rank": 1,
            "isAutomated": true,
            "isNotificationOn": false,
            "id": 91
          }
        ],
        "approvalOptions": {
          "requiredApproverCount": null,
          "releaseCreatorCanBeApprover": false,
          "autoTriggeredAndPreviousEnvironmentApprovedCanBeSkipped": false,
          "enforceIdentityRevalidation": false,
          "timeoutInMinutes": 0,
          "executionOrder": "afterSuccessfulGates"
        }
      },
      "deployPhases": [
        {
          "deploymentInput": {
            "parallelExecution": {
              "parallelExecutionType": "none"
            },
            "agentSpecification": {
              "identifier": "vs2017-win2016"
            },
            "skipArtifactsDownload": false,
            "artifactsDownloadInput": {
              "downloadInputs": [
                {
                  "alias": "_Build Shared Services and PaaS",
                  "artifactType": "Build",
                  "artifactDownloadMode": "All",
                  "artifactItems": []
                }
              ]
            },
            "queueId": "$Azure Pipelines$",
            "demands": [],
            "enableAccessToken": false,
            "timeoutInMinutes": 0,
            "jobCancelTimeoutInMinutes": 1,
            "condition": "succeeded()",
            "overrideInputs": {}
          },
          "rank": 1,
          "phaseType": "agentBasedDeployment",
          "name": "Provision and Deploy",
          "refName": null,
          "workflowTasks": [
            {
              "environment": {},
              "taskId": "2c65e16f-a966-4c35-a787-b772614ca962",
              "version": "1.*",
              "name": "Bookings-CD-CQ-CS",
              "refName": "",
              "enabled": true,
              "alwaysRun": true,
              "continueOnError": true,
              "timeoutInMinutes": 0,
              "definitionType": "metaTask",
              "overrideInputs": {},
              "condition": "succeededOrFailed()",
              "inputs": {
                "administratorLogin": "$(administratorLogin)",
                "administratorPassword": "$(administratorPassword)",
                "administratorsid": "$(administratorsid)",
                "appserviceplan": "$(appserviceplan)",
                "armAppServiceOutput": "$(armAppServiceOutput)",
                "authenticationMode": "$(authenticationMode)",
                "databasename": "$(databasename)",
                "diagnosticStorageAccountName": "$(diagnosticStorageAccountName)",
                "diagnosticStorageResourceGroup": "$(diagnosticStorageResourceGroup)",
                "keyvaultlogstorageaccountaccesskey": "$(keyvaultlogstorageaccountaccesskey)",
                "keyvaultname": "$(keyvaultname)",
                "keyvaultserviceprincipalclientid": "$(keyvaultserviceprincipalclientid)",
                "keyvaultserviceprincipalclientpassword": "$(keyvaultserviceprincipalclientpassword)",
                "localsqlserveradmin": "$(localsqlserveradmin)",
                "localsqlserveradministratorpassword": "$(localsqlserveradministratorpassword)",
                "logAnalyticsWorkspaceName": "$(logAnalyticsWorkspaceName)",
                "logAnalyticsWorkspaceResourceGroup": "$(logAnalyticsWorkspaceResourceGroup)",
                "objectId": "$(objectId)",
                "resourcegroup": "$(resourcegroup)",
                "rglocation": "$(rglocation)",
                "securitylogstorageaccountaccesskey": "$(securitylogstorageaccountaccesskey)",
                "securitylogstorageaccountendpoint": "$(securitylogstorageaccountendpoint)",
                "sqlsecuritylogstorageaccountname": "$(sqlsecuritylogstorageaccountname)",
                "sqlserver": "$(sqlserver)",
                "sqlserveradmin": "$(sqlserveradmin)",
                "sqlserveradministratorpassword": "$(sqlserveradministratorpassword)",
                "storageAccountOutput": "$(storageAccountOutput)",
                "storageAccountResourceId": "$(storageAccountResourceId)",
                "subscriptionid": "$(subscriptionid)",
                "tenantId": "$(tenantId)",
                "vaultsku": "$(vaultsku)",
                "webapp": "$(webapp)"
              }
            }
          ]
        },
        {
          "deploymentInput": {
            "parallelExecution": {
              "parallelExecutionType": "none"
            },
            "agentSpecification": {
              "identifier": "vs2017-win2016"
            },
            "skipArtifactsDownload": false,
            "artifactsDownloadInput": {
              "downloadInputs": []
            },
            "queueId": "$Azure Pipelines$",
            "demands": [],
            "enableAccessToken": false,
            "timeoutInMinutes": 0,
            "jobCancelTimeoutInMinutes": 1,
            "condition": "succeeded()",
            "overrideInputs": {}
          },
          "rank": 2,
          "phaseType": "agentBasedDeployment",
          "name": "Run UI Tests",
          "refName": null,
          "workflowTasks": [
            {
              "environment": {},
              "taskId": "e213ff0f-5d5c-4791-802d-52ea3e7be1f1",
              "version": "2.*",
              "name": "Update app config for UI Tests",
              "refName": "",
              "enabled": true,
              "alwaysRun": false,
              "continueOnError": false,
              "timeoutInMinutes": 0,
              "definitionType": "task",
              "overrideInputs": {},
              "condition": "succeeded()",
              "inputs": {
                "targetType": "filePath",
                "filePath": "$(System.DefaultWorkingDirectory)/_Bookings-CI/drop/ModernizationWithAppServiceDotNET/SmartHotel360.Registration.ARM/UITest/UpdateAppConfigSettingsUITests.ps1",
                "arguments": "$(System.DefaultWorkingDirectory)/_Bookings-CI/drop/ModernizationWithAppServiceDotNET/SmartHotel360.Registration.Web.Tests/bin/Release/SmartHotel360.Registration.Web.Tests.dll.config \"https://$(webapp).azurewebsites.net\"",
                "script": "# Write your PowerShell commands here.\n\nWrite-Host \"Hello World\"\n",
                "errorActionPreference": "stop",
                "failOnStderr": "false",
                "ignoreLASTEXITCODE": "false",
                "pwsh": "false",
                "workingDirectory": ""
              }
            },
            {
              "environment": {},
              "taskId": "ef087383-ee5e-42c7-9a53-ab56c98420f9",
              "version": "2.*",
              "name": "UI Test",
              "refName": "",
              "enabled": true,
              "alwaysRun": false,
              "continueOnError": false,
              "timeoutInMinutes": 0,
              "definitionType": "task",
              "overrideInputs": {},
              "condition": "succeeded()",
              "inputs": {
                "testSelector": "testAssemblies",
                "testAssemblyVer2": "##\\#test#.dll\n!##\\#TestAdapter.dll\n!##\\obj\\##",
                "testPlan": "",
                "testSuite": "",
                "testConfiguration": "",
                "tcmTestRun": "$(test.RunId)",
                "searchFolder": "$(System.DefaultWorkingDirectory)",
                "testFiltercriteria": "TestCategory=UITest",
                "runOnlyImpactedTests": "False",
                "runAllTestsAfterXBuilds": "50",
                "uiTests": "true",
                "vstestLocationMethod": "version",
                "vsTestVersion": "latest",
                "vstestLocation": "",
                "runSettingsFile": "",
                "overrideTestrunParameters": "",
                "pathtoCustomTestAdapters": "",
                "runInParallel": "False",
                "runTestsInIsolation": "False",
                "codeCoverageEnabled": "False",
                "otherConsoleOptions": "",
                "distributionBatchType": "basedOnTestCases",
                "batchingBasedOnAgentsOption": "autoBatchSize",
                "customBatchSizeValue": "10",
                "batchingBasedOnExecutionTimeOption": "autoBatchSize",
                "customRunTimePerBatchValue": "60",
                "dontDistribute": "False",
                "testRunTitle": "",
                "platform": "",
                "configuration": "",
                "publishRunAttachments": "true",
                "diagnosticsEnabled": "false",
                "collectDumpOn": "onAbortOnly",
                "rerunFailedTests": "False",
                "rerunType": "basedOnTestFailurePercentage",
                "rerunFailedThreshold": "30",
                "rerunFailedTestCasesMaxLimit": "5",
                "rerunMaxAttempts": "3"
              }
            }
          ]
        },
        {
          "deploymentInput": {
            "parallelExecution": {
              "parallelExecutionType": "none"
            },
            "agentSpecification": {
              "identifier": "vs2017-win2016"
            },
            "skipArtifactsDownload": false,
            "artifactsDownloadInput": {
              "downloadInputs": []
            },
            "queueId": "$Azure Pipelines$",
            "demands": [],
            "enableAccessToken": false,
            "timeoutInMinutes": 0,
            "jobCancelTimeoutInMinutes": 1,
            "condition": "succeeded()",
            "overrideInputs": {}
          },
          "rank": 3,
          "phaseType": "agentBasedDeployment",
          "name": "Run Performance Tests",
          "refName": null,
          "workflowTasks": [
            {
              "environment": {},
              "taskId": "9648625c-1523-4eb5-b015-dfe7c685840c",
              "version": "1.*",
              "name": "Quick Web Performance Test BookingQuickPerformanceTest",
              "refName": "",
              "enabled": true,
              "alwaysRun": false,
              "continueOnError": false,
              "timeoutInMinutes": 0,
              "definitionType": "task",
              "overrideInputs": {},
              "condition": "succeeded()",
              "inputs": {
                "connectedServiceName": "",
                "websiteUrl": "https://$(webapp).azurewebsites.net",
                "testName": "BookingQuickPerformanceTest",
                "vuLoad": "1",
                "runDuration": "60",
                "geoLocation": "Default",
                "machineType": "0",
                "resourceGroupName": "default",
                "numOfSelfProvisionedAgents": "1",
                "avgResponseTimeThreshold": "0"
              }
            }
          ]
        }
      ],
      "environmentOptions": {
        "emailNotificationType": "OnlyOnFailure",
        "emailRecipients": "release.environment.owner;release.creator",
        "skipArtifactsDownload": false,
        "timeoutInMinutes": 0,
        "enableAccessToken": false,
        "publishDeploymentStatus": true,
        "badgeEnabled": false,
        "autoLinkWorkItems": false,
        "pullRequestDeploymentEnabled": false
      },
      "demands": [],
      "conditions": [
        {
          "name": "Release to QA",
          "conditionType": "environmentState",
          "value": "4"
        }
      ],
      "executionPolicy": {
        "concurrencyCount": 1,
        "queueDepthCount": 0
      },
      "schedules": [],
      "currentRelease": {
        "id": 70,
        "url": "https://vsrm.dev.azure.com/abcdsse/eb1ae3df-fc9c-424e-817f-f42f8315de2d/_apis/Release/releases/70",
        "_links": {}
      },
      "retentionPolicy": {
        "daysToKeep": 30,
        "releasesToKeep": 3,
        "retainBuild": true
      },
      "processParameters": {},
      "properties": {
        "LinkBoardsWorkItems": {
          "$type": "System.String",
          "$value": "False"
        }
      },
      "preDeploymentGates": {
        "id": 0,
        "gatesOptions": {
          "isEnabled": false,
          "timeout": 1440,
          "samplingInterval": 15,
          "stabilizationTime": 5,
          "minimumSuccessDuration": 0
        },
        "gates": []
      },
      "postDeploymentGates": {
        "id": 0,
        "gatesOptions": null,
        "gates": []
      },
      "environmentTriggers": [],
      "badgeUrl": ""
    },
    {
      "id": 28,
      "name": "Undeploy SIT",
      "rank": 6,
      "owner": {
        "displayName": "$OwnerDisplayName$",
        "url": "",
        "_links": "{}",
        "id": "$OwnerId$",
        "uniqueName": "$OwnerUniqueName$",
        "imageUrl": "",
        "descriptor": ""
      },
      "variables": {},
      "variableGroups": [
        "$Bookings-SIT$"
      ],
      "preDeployApprovals": {
        "approvals": [
          {
            "rank": 1,
            "isAutomated": false,
            "isNotificationOn": false,
            "approver": {
              "displayName": null,
              "id": "3a718057-7af6-49c0-9abb-be956be6cc3d"
            },
            "id": 72
          }
        ],
        "approvalOptions": {
          "requiredApproverCount": null,
          "releaseCreatorCanBeApprover": true,
          "autoTriggeredAndPreviousEnvironmentApprovedCanBeSkipped": false,
          "enforceIdentityRevalidation": false,
          "timeoutInMinutes": 0,
          "executionOrder": "beforeGates"
        }
      },
      "deployStep": {
        "id": 81
      },
      "postDeployApprovals": {
        "approvals": [
          {
            "rank": 1,
            "isAutomated": true,
            "isNotificationOn": false,
            "id": 92
          }
        ],
        "approvalOptions": {
          "requiredApproverCount": null,
          "releaseCreatorCanBeApprover": false,
          "autoTriggeredAndPreviousEnvironmentApprovedCanBeSkipped": false,
          "enforceIdentityRevalidation": false,
          "timeoutInMinutes": 0,
          "executionOrder": "afterSuccessfulGates"
        }
      },
      "deployPhases": [
        {
          "deploymentInput": {
            "parallelExecution": {
              "parallelExecutionType": "none"
            },
            "agentSpecification": {
              "identifier": "vs2017-win2016"
            },
            "skipArtifactsDownload": false,
            "artifactsDownloadInput": {
              "downloadInputs": []
            },
            "queueId": "$Azure Pipelines$",
            "demands": [],
            "enableAccessToken": false,
            "timeoutInMinutes": 0,
            "jobCancelTimeoutInMinutes": 1,
            "condition": "succeeded()",
            "overrideInputs": {}
          },
          "rank": 1,
          "phaseType": "agentBasedDeployment",
          "name": "Undeploy SIT",
          "refName": null,
          "workflowTasks": [
            {
              "environment": {},
              "taskId": "72a1931b-effb-4d2e-8fd8-f8472a07cb62",
              "version": "4.*",
              "name": "Azure PowerShell script: FilePath",
              "refName": "",
              "enabled": true,
              "alwaysRun": false,
              "continueOnError": false,
              "timeoutInMinutes": 0,
              "definitionType": "task",
              "overrideInputs": {},
              "condition": "succeeded()",
              "inputs": {
                "ConnectedServiceNameARM": "",
                "ScriptType": "FilePath",
                "ScriptPath": "$(System.DefaultWorkingDirectory)/_Bookings-CI/drop/ModernizationWithAppServiceDotNET/SmartHotel360.Registration.ARM/AppServices/UndeployAppService.ps1",
                "Inline": "# You can write your azure powershell scripts inline here. \n# You can also pass predefined and custom variables to this script using arguments",
                "ScriptArguments": "-ResourceGroupName '$(resourcegroup)' -WebAppName '$(webapp)' -AppServicePlanName '$(appserviceplan)' -SqlServerName '$(sqlserver)'",
                "errorActionPreference": "stop",
                "FailOnStandardError": "false",
                "TargetAzurePs": "LatestVersion",
                "CustomTargetAzurePs": ""
              }
            }
          ]
        }
      ],
      "environmentOptions": {
        "emailNotificationType": "OnlyOnFailure",
        "emailRecipients": "release.environment.owner;release.creator",
        "skipArtifactsDownload": false,
        "timeoutInMinutes": 0,
        "enableAccessToken": false,
        "publishDeploymentStatus": true,
        "badgeEnabled": false,
        "autoLinkWorkItems": false,
        "pullRequestDeploymentEnabled": false
      },
      "demands": [],
      "conditions": [
        {
          "name": "Release to SIT",
          "conditionType": "environmentState",
          "value": "132"
        }
      ],
      "executionPolicy": {
        "concurrencyCount": 1,
        "queueDepthCount": 0
      },
      "schedules": [],
      "currentRelease": {
        "id": 0,
        "url": "https://vsrm.dev.azure.com/abcdsse/eb1ae3df-fc9c-424e-817f-f42f8315de2d/_apis/Release/releases/0",
        "_links": {}
      },
      "retentionPolicy": {
        "daysToKeep": 30,
        "releasesToKeep": 3,
        "retainBuild": true
      },
      "processParameters": {},
      "properties": {
        "LinkBoardsWorkItems": {
          "$type": "System.String",
          "$value": "False"
        }
      },
      "preDeploymentGates": {
        "id": 0,
        "gatesOptions": null,
        "gates": []
      },
      "postDeploymentGates": {
        "id": 0,
        "gatesOptions": null,
        "gates": []
      },
      "environmentTriggers": [],
      "badgeUrl": ""
    },
    {
      "id": 29,
      "name": "Release to STG",
      "rank": 7,
      "owner": {
        "displayName": "$OwnerDisplayName$",
        "url": "",
        "_links": "{}",
        "id": "$OwnerId$",
        "uniqueName": "$OwnerUniqueName$",
        "imageUrl": "",
        "descriptor": ""
      },
      "variables": {},
      "variableGroups": [
        "$Bookings-STG$"
      ],
      "preDeployApprovals": {
        "approvals": [
          {
            "rank": 1,
            "isAutomated": true,
            "isNotificationOn": false,
            "id": 73
          }
        ],
        "approvalOptions": {
          "requiredApproverCount": null,
          "releaseCreatorCanBeApprover": false,
          "autoTriggeredAndPreviousEnvironmentApprovedCanBeSkipped": false,
          "enforceIdentityRevalidation": false,
          "timeoutInMinutes": 0,
          "executionOrder": "beforeGates"
        }
      },
      "deployStep": {
        "id": 80
      },
      "postDeployApprovals": {
        "approvals": [
          {
            "rank": 1,
            "isAutomated": true,
            "isNotificationOn": false,
            "id": 93
          }
        ],
        "approvalOptions": {
          "requiredApproverCount": null,
          "releaseCreatorCanBeApprover": false,
          "autoTriggeredAndPreviousEnvironmentApprovedCanBeSkipped": false,
          "enforceIdentityRevalidation": false,
          "timeoutInMinutes": 0,
          "executionOrder": "afterSuccessfulGates"
        }
      },
      "deployPhases": [
        {
          "deploymentInput": {
            "parallelExecution": {
              "parallelExecutionType": "none"
            },
            "agentSpecification": {
              "identifier": "vs2017-win2016"
            },
            "skipArtifactsDownload": false,
            "artifactsDownloadInput": {
              "downloadInputs": [
                {
                  "alias": "_Build Shared Services and PaaS",
                  "artifactType": "Build",
                  "artifactDownloadMode": "All",
                  "artifactItems": []
                }
              ]
            },
            "queueId": "$Azure Pipelines$",
            "demands": [],
            "enableAccessToken": false,
            "timeoutInMinutes": 0,
            "jobCancelTimeoutInMinutes": 1,
            "condition": "succeeded()",
            "overrideInputs": {}
          },
          "rank": 1,
          "phaseType": "agentBasedDeployment",
          "name": "Provision and Deploy",
          "refName": null,
          "workflowTasks": [
            {
              "environment": {},
              "taskId": "2c65e16f-a966-4c35-a787-b772614ca962",
              "version": "1.*",
              "name": "Bookings-CD-CQ-CS",
              "refName": "",
              "enabled": true,
              "alwaysRun": true,
              "continueOnError": true,
              "timeoutInMinutes": 0,
              "definitionType": "metaTask",
              "overrideInputs": {},
              "condition": "succeededOrFailed()",
              "inputs": {
                "administratorLogin": "$(administratorLogin)",
                "administratorPassword": "$(administratorPassword)",
                "administratorsid": "$(administratorsid)",
                "appserviceplan": "$(appserviceplan)",
                "armAppServiceOutput": "$(armAppServiceOutput)",
                "authenticationMode": "$(authenticationMode)",
                "databasename": "$(databasename)",
                "diagnosticStorageAccountName": "$(diagnosticStorageAccountName)",
                "diagnosticStorageResourceGroup": "$(diagnosticStorageResourceGroup)",
                "keyvaultlogstorageaccountaccesskey": "$(keyvaultlogstorageaccountaccesskey)",
                "keyvaultname": "$(keyvaultname)",
                "keyvaultserviceprincipalclientid": "$(keyvaultserviceprincipalclientid)",
                "keyvaultserviceprincipalclientpassword": "$(keyvaultserviceprincipalclientpassword)",
                "localsqlserveradmin": "$(localsqlserveradmin)",
                "localsqlserveradministratorpassword": "$(localsqlserveradministratorpassword)",
                "logAnalyticsWorkspaceName": "$(logAnalyticsWorkspaceName)",
                "logAnalyticsWorkspaceResourceGroup": "$(logAnalyticsWorkspaceResourceGroup)",
                "objectId": "$(objectId)",
                "resourcegroup": "$(resourcegroup)",
                "rglocation": "$(rglocation)",
                "securitylogstorageaccountaccesskey": "$(securitylogstorageaccountaccesskey)",
                "securitylogstorageaccountendpoint": "$(securitylogstorageaccountendpoint)",
                "sqlsecuritylogstorageaccountname": "$(sqlsecuritylogstorageaccountname)",
                "sqlserver": "$(sqlserver)",
                "sqlserveradmin": "$(sqlserveradmin)",
                "sqlserveradministratorpassword": "$(sqlserveradministratorpassword)",
                "storageAccountOutput": "$(storageAccountOutput)",
                "storageAccountResourceId": "$(storageAccountResourceId)",
                "subscriptionid": "$(subscriptionid)",
                "tenantId": "$(tenantId)",
                "vaultsku": "$(vaultsku)",
                "webapp": "$(webapp)"
              }
            }
          ]
        }
      ],
      "environmentOptions": {
        "emailNotificationType": "OnlyOnFailure",
        "emailRecipients": "release.environment.owner;release.creator",
        "skipArtifactsDownload": false,
        "timeoutInMinutes": 0,
        "enableAccessToken": false,
        "publishDeploymentStatus": true,
        "badgeEnabled": false,
        "autoLinkWorkItems": false,
        "pullRequestDeploymentEnabled": false
      },
      "demands": [],
      "conditions": [
        {
          "name": "Release to SIT",
          "conditionType": "environmentState",
          "value": "4"
        }
      ],
      "executionPolicy": {
        "concurrencyCount": 1,
        "queueDepthCount": 0
      },
      "schedules": [],
      "currentRelease": {
        "id": 70,
        "url": "https://vsrm.dev.azure.com/abcdsse/eb1ae3df-fc9c-424e-817f-f42f8315de2d/_apis/Release/releases/70",
        "_links": {}
      },
      "retentionPolicy": {
        "daysToKeep": 30,
        "releasesToKeep": 3,
        "retainBuild": true
      },
      "processParameters": {},
      "properties": {
        "LinkBoardsWorkItems": {
          "$type": "System.String",
          "$value": "False"
        }
      },
      "preDeploymentGates": {
        "id": 0,
        "gatesOptions": {
          "isEnabled": false,
          "timeout": 1440,
          "samplingInterval": 15,
          "stabilizationTime": 5,
          "minimumSuccessDuration": 0
        },
        "gates": []
      },
      "postDeploymentGates": {
        "id": 0,
        "gatesOptions": null,
        "gates": []
      },
      "environmentTriggers": [],
      "badgeUrl": ""
    },
    {
      "id": 30,
      "name": "Undeploy STG",
      "rank": 8,
      "owner": {
        "displayName": "$OwnerDisplayName$",
        "url": "",
        "_links": "{}",
        "id": "$OwnerId$",
        "uniqueName": "$OwnerUniqueName$",
        "imageUrl": "",
        "descriptor": ""
      },
      "variables": {},
      "variableGroups": [
        "$Bookings-STG$"
      ],
      "preDeployApprovals": {
        "approvals": [
          {
            "rank": 1,
            "isAutomated": false,
            "isNotificationOn": false,
            "approver": {
              "displayName": null,
              "id": "3a718057-7af6-49c0-9abb-be956be6cc3d"
            },
            "id": 74
          }
        ],
        "approvalOptions": {
          "requiredApproverCount": null,
          "releaseCreatorCanBeApprover": true,
          "autoTriggeredAndPreviousEnvironmentApprovedCanBeSkipped": false,
          "enforceIdentityRevalidation": false,
          "timeoutInMinutes": 0,
          "executionOrder": "beforeGates"
        }
      },
      "deployStep": {
        "id": 79
      },
      "postDeployApprovals": {
        "approvals": [
          {
            "rank": 1,
            "isAutomated": true,
            "isNotificationOn": false,
            "id": 94
          }
        ],
        "approvalOptions": {
          "requiredApproverCount": null,
          "releaseCreatorCanBeApprover": false,
          "autoTriggeredAndPreviousEnvironmentApprovedCanBeSkipped": false,
          "enforceIdentityRevalidation": false,
          "timeoutInMinutes": 0,
          "executionOrder": "afterSuccessfulGates"
        }
      },
      "deployPhases": [
        {
          "deploymentInput": {
            "parallelExecution": {
              "parallelExecutionType": "none"
            },
            "agentSpecification": {
              "identifier": "vs2017-win2016"
            },
            "skipArtifactsDownload": false,
            "artifactsDownloadInput": {
              "downloadInputs": []
            },
            "queueId": "$Azure Pipelines$",
            "demands": [],
            "enableAccessToken": false,
            "timeoutInMinutes": 0,
            "jobCancelTimeoutInMinutes": 1,
            "condition": "succeeded()",
            "overrideInputs": {}
          },
          "rank": 1,
          "phaseType": "agentBasedDeployment",
          "name": "Undeploy SIT",
          "refName": null,
          "workflowTasks": [
            {
              "environment": {},
              "taskId": "72a1931b-effb-4d2e-8fd8-f8472a07cb62",
              "version": "4.*",
              "name": "Azure PowerShell script: FilePath",
              "refName": "",
              "enabled": true,
              "alwaysRun": false,
              "continueOnError": false,
              "timeoutInMinutes": 0,
              "definitionType": "task",
              "overrideInputs": {},
              "condition": "succeeded()",
              "inputs": {
                "ConnectedServiceNameARM": "",
                "ScriptType": "FilePath",
                "ScriptPath": "$(System.DefaultWorkingDirectory)/_Bookings-CI/drop/ModernizationWithAppServiceDotNET/SmartHotel360.Registration.ARM/AppServices/UndeployAppService.ps1",
                "Inline": "# You can write your azure powershell scripts inline here. \n# You can also pass predefined and custom variables to this script using arguments",
                "ScriptArguments": "-ResourceGroupName '$(resourcegroup)' -WebAppName '$(webapp)' -AppServicePlanName '$(appserviceplan)' -SqlServerName '$(sqlserver)'",
                "errorActionPreference": "stop",
                "FailOnStandardError": "false",
                "TargetAzurePs": "LatestVersion",
                "CustomTargetAzurePs": ""
              }
            }
          ]
        }
      ],
      "environmentOptions": {
        "emailNotificationType": "OnlyOnFailure",
        "emailRecipients": "release.environment.owner;release.creator",
        "skipArtifactsDownload": false,
        "timeoutInMinutes": 0,
        "enableAccessToken": false,
        "publishDeploymentStatus": true,
        "badgeEnabled": false,
        "autoLinkWorkItems": false,
        "pullRequestDeploymentEnabled": false
      },
      "demands": [],
      "conditions": [
        {
          "name": "Release to STG",
          "conditionType": "environmentState",
          "value": "132"
        }
      ],
      "executionPolicy": {
        "concurrencyCount": 1,
        "queueDepthCount": 0
      },
      "schedules": [],
      "currentRelease": {
        "id": 0,
        "url": "https://vsrm.dev.azure.com/abcdsse/eb1ae3df-fc9c-424e-817f-f42f8315de2d/_apis/Release/releases/0",
        "_links": {}
      },
      "retentionPolicy": {
        "daysToKeep": 30,
        "releasesToKeep": 3,
        "retainBuild": true
      },
      "processParameters": {},
      "properties": {
        "LinkBoardsWorkItems": {
          "$type": "System.String",
          "$value": "False"
        }
      },
      "preDeploymentGates": {
        "id": 0,
        "gatesOptions": null,
        "gates": []
      },
      "postDeploymentGates": {
        "id": 0,
        "gatesOptions": null,
        "gates": []
      },
      "environmentTriggers": [],
      "badgeUrl": ""
    },
    {
      "id": 31,
      "name": "Release to PRD",
      "rank": 9,
      "owner": {
        "displayName": "$OwnerDisplayName$",
        "url": "",
        "_links": "{}",
        "id": "$OwnerId$",
        "uniqueName": "$OwnerUniqueName$",
        "imageUrl": "",
        "descriptor": ""
      },
      "variables": {},
      "variableGroups": [
        "$Bookings-PRD$"
      ],
      "preDeployApprovals": {
        "approvals": [
          {
            "rank": 1,
            "isAutomated": false,
            "isNotificationOn": false,
            "approver": {
              "displayName": null,
              "id": "3a718057-7af6-49c0-9abb-be956be6cc3d"
            },
            "id": 75
          }
        ],
        "approvalOptions": {
          "requiredApproverCount": null,
          "releaseCreatorCanBeApprover": true,
          "autoTriggeredAndPreviousEnvironmentApprovedCanBeSkipped": false,
          "enforceIdentityRevalidation": false,
          "timeoutInMinutes": 0,
          "executionOrder": "beforeGates"
        }
      },
      "deployStep": {
        "id": 78
      },
      "postDeployApprovals": {
        "approvals": [
          {
            "rank": 1,
            "isAutomated": true,
            "isNotificationOn": false,
            "id": 95
          }
        ],
        "approvalOptions": {
          "requiredApproverCount": null,
          "releaseCreatorCanBeApprover": false,
          "autoTriggeredAndPreviousEnvironmentApprovedCanBeSkipped": false,
          "enforceIdentityRevalidation": false,
          "timeoutInMinutes": 0,
          "executionOrder": "afterSuccessfulGates"
        }
      },
      "deployPhases": [
        {
          "deploymentInput": {
            "parallelExecution": {
              "parallelExecutionType": "none"
            },
            "agentSpecification": {
              "identifier": "vs2017-win2016"
            },
            "skipArtifactsDownload": false,
            "artifactsDownloadInput": {
              "downloadInputs": [
                {
                  "alias": "_Build Shared Services and PaaS",
                  "artifactType": "Build",
                  "artifactDownloadMode": "All",
                  "artifactItems": []
                }
              ]
            },
            "queueId": "$Azure Pipelines$",
            "demands": [],
            "enableAccessToken": false,
            "timeoutInMinutes": 0,
            "jobCancelTimeoutInMinutes": 1,
            "condition": "succeeded()",
            "overrideInputs": {}
          },
          "rank": 1,
          "phaseType": "agentBasedDeployment",
          "name": "Provision and Deploy",
          "refName": null,
          "workflowTasks": [
            {
              "environment": {},
              "taskId": "2c65e16f-a966-4c35-a787-b772614ca962",
              "version": "1.*",
              "name": "Bookings-CD-CQ-CS",
              "refName": "",
              "enabled": true,
              "alwaysRun": true,
              "continueOnError": true,
              "timeoutInMinutes": 0,
              "definitionType": "metaTask",
              "overrideInputs": {},
              "condition": "succeededOrFailed()",
              "inputs": {
                "administratorLogin": "$(administratorLogin)",
                "administratorPassword": "$(administratorPassword)",
                "administratorsid": "$(administratorsid)",
                "appserviceplan": "$(appserviceplan)",
                "armAppServiceOutput": "$(armAppServiceOutput)",
                "authenticationMode": "$(authenticationMode)",
                "databasename": "$(databasename)",
                "diagnosticStorageAccountName": "$(diagnosticStorageAccountName)",
                "diagnosticStorageResourceGroup": "$(diagnosticStorageResourceGroup)",
                "keyvaultlogstorageaccountaccesskey": "$(keyvaultlogstorageaccountaccesskey)",
                "keyvaultname": "$(keyvaultname)",
                "keyvaultserviceprincipalclientid": "$(keyvaultserviceprincipalclientid)",
                "keyvaultserviceprincipalclientpassword": "$(keyvaultserviceprincipalclientpassword)",
                "localsqlserveradmin": "$(localsqlserveradmin)",
                "localsqlserveradministratorpassword": "$(localsqlserveradministratorpassword)",
                "logAnalyticsWorkspaceName": "$(logAnalyticsWorkspaceName)",
                "logAnalyticsWorkspaceResourceGroup": "$(logAnalyticsWorkspaceResourceGroup)",
                "objectId": "$(objectId)",
                "resourcegroup": "$(resourcegroup)",
                "rglocation": "$(rglocation)",
                "securitylogstorageaccountaccesskey": "$(securitylogstorageaccountaccesskey)",
                "securitylogstorageaccountendpoint": "$(securitylogstorageaccountendpoint)",
                "sqlsecuritylogstorageaccountname": "$(sqlsecuritylogstorageaccountname)",
                "sqlserver": "$(sqlserver)",
                "sqlserveradmin": "$(sqlserveradmin)",
                "sqlserveradministratorpassword": "$(sqlserveradministratorpassword)",
                "storageAccountOutput": "$(storageAccountOutput)",
                "storageAccountResourceId": "$(storageAccountResourceId)",
                "subscriptionid": "$(subscriptionid)",
                "tenantId": "$(tenantId)",
                "vaultsku": "$(vaultsku)",
                "webapp": "$(webapp)"
              }
            }
          ]
        }
      ],
      "environmentOptions": {
        "emailNotificationType": "OnlyOnFailure",
        "emailRecipients": "release.environment.owner;release.creator",
        "skipArtifactsDownload": false,
        "timeoutInMinutes": 0,
        "enableAccessToken": false,
        "publishDeploymentStatus": true,
        "badgeEnabled": false,
        "autoLinkWorkItems": false,
        "pullRequestDeploymentEnabled": false
      },
      "demands": [],
      "conditions": [
        {
          "name": "Release to STG",
          "conditionType": "environmentState",
          "value": "4"
        }
      ],
      "executionPolicy": {
        "concurrencyCount": 1,
        "queueDepthCount": 0
      },
      "schedules": [],
      "currentRelease": {
        "id": 0,
        "url": "https://vsrm.dev.azure.com/abcdsse/eb1ae3df-fc9c-424e-817f-f42f8315de2d/_apis/Release/releases/0",
        "_links": {}
      },
      "retentionPolicy": {
        "daysToKeep": 30,
        "releasesToKeep": 3,
        "retainBuild": true
      },
      "processParameters": {},
      "properties": {
        "LinkBoardsWorkItems": {
          "$type": "System.String",
          "$value": "False"
        }
      },
      "preDeploymentGates": {
        "id": 0,
        "gatesOptions": {
          "isEnabled": false,
          "timeout": 1440,
          "samplingInterval": 15,
          "stabilizationTime": 5,
          "minimumSuccessDuration": 0
        },
        "gates": []
      },
      "postDeploymentGates": {
        "id": 0,
        "gatesOptions": null,
        "gates": []
      },
      "environmentTriggers": [],
      "badgeUrl": ""
    },
    {
      "id": 32,
      "name": "Undeploy PRD",
      "rank": 10,
      "owner": {
        "displayName": "$OwnerDisplayName$",
        "url": "",
        "_links": "{}",
        "id": "$OwnerId$",
        "uniqueName": "$OwnerUniqueName$",
        "imageUrl": "",
        "descriptor": ""
      },
      "variables": {},
      "variableGroups": [
        "$Bookings-PRD$"
      ],
      "preDeployApprovals": {
        "approvals": [
          {
            "rank": 1,
            "isAutomated": false,
            "isNotificationOn": false,
            "approver": {
              "displayName": null,
              "id": "3a718057-7af6-49c0-9abb-be956be6cc3d"
            },
            "id": 76
          }
        ],
        "approvalOptions": {
          "requiredApproverCount": null,
          "releaseCreatorCanBeApprover": true,
          "autoTriggeredAndPreviousEnvironmentApprovedCanBeSkipped": false,
          "enforceIdentityRevalidation": false,
          "timeoutInMinutes": 0,
          "executionOrder": "beforeGates"
        }
      },
      "deployStep": {
        "id": 77
      },
      "postDeployApprovals": {
        "approvals": [
          {
            "rank": 1,
            "isAutomated": true,
            "isNotificationOn": false,
            "id": 96
          }
        ],
        "approvalOptions": {
          "requiredApproverCount": null,
          "releaseCreatorCanBeApprover": false,
          "autoTriggeredAndPreviousEnvironmentApprovedCanBeSkipped": false,
          "enforceIdentityRevalidation": false,
          "timeoutInMinutes": 0,
          "executionOrder": "afterSuccessfulGates"
        }
      },
      "deployPhases": [
        {
          "deploymentInput": {
            "parallelExecution": {
              "parallelExecutionType": "none"
            },
            "agentSpecification": {
              "identifier": "vs2017-win2016"
            },
            "skipArtifactsDownload": false,
            "artifactsDownloadInput": {
              "downloadInputs": []
            },
            "queueId": "$Azure Pipelines$",
            "demands": [],
            "enableAccessToken": false,
            "timeoutInMinutes": 0,
            "jobCancelTimeoutInMinutes": 1,
            "condition": "succeeded()",
            "overrideInputs": {}
          },
          "rank": 1,
          "phaseType": "agentBasedDeployment",
          "name": "Undeploy PRD",
          "refName": null,
          "workflowTasks": [
            {
              "environment": {},
              "taskId": "72a1931b-effb-4d2e-8fd8-f8472a07cb62",
              "version": "4.*",
              "name": "Azure PowerShell script: FilePath",
              "refName": "",
              "enabled": true,
              "alwaysRun": false,
              "continueOnError": false,
              "timeoutInMinutes": 0,
              "definitionType": "task",
              "overrideInputs": {},
              "condition": "succeeded()",
              "inputs": {
                "ConnectedServiceNameARM": "",
                "ScriptType": "FilePath",
                "ScriptPath": "$(System.DefaultWorkingDirectory)/_Bookings-CI/drop/ModernizationWithAppServiceDotNET/SmartHotel360.Registration.ARM/AppServices/UndeployAppService.ps1",
                "Inline": "# You can write your azure powershell scripts inline here. \n# You can also pass predefined and custom variables to this script using arguments",
                "ScriptArguments": "-ResourceGroupName '$(resourcegroup)' -WebAppName '$(webapp)' -AppServicePlanName '$(appserviceplan)' -SqlServerName '$(sqlserver)'",
                "errorActionPreference": "stop",
                "FailOnStandardError": "false",
                "TargetAzurePs": "LatestVersion",
                "CustomTargetAzurePs": ""
              }
            }
          ]
        }
      ],
      "environmentOptions": {
        "emailNotificationType": "OnlyOnFailure",
        "emailRecipients": "release.environment.owner;release.creator",
        "skipArtifactsDownload": false,
        "timeoutInMinutes": 0,
        "enableAccessToken": false,
        "publishDeploymentStatus": true,
        "badgeEnabled": false,
        "autoLinkWorkItems": false,
        "pullRequestDeploymentEnabled": false
      },
      "demands": [],
      "conditions": [
        {
          "name": "Release to PRD",
          "conditionType": "environmentState",
          "value": "132"
        }
      ],
      "executionPolicy": {
        "concurrencyCount": 1,
        "queueDepthCount": 0
      },
      "schedules": [],
      "currentRelease": {
        "id": 0,
        "url": "https://vsrm.dev.azure.com/abcdsse/eb1ae3df-fc9c-424e-817f-f42f8315de2d/_apis/Release/releases/0",
        "_links": {}
      },
      "retentionPolicy": {
        "daysToKeep": 30,
        "releasesToKeep": 3,
        "retainBuild": true
      },
      "processParameters": {},
      "properties": {
        "LinkBoardsWorkItems": {
          "$type": "System.String",
          "$value": "False"
        }
      },
      "preDeploymentGates": {
        "id": 0,
        "gatesOptions": null,
        "gates": []
      },
      "postDeploymentGates": {
        "id": 0,
        "gatesOptions": null,
        "gates": []
      },
      "environmentTriggers": [],
      "badgeUrl": ""
    }
  ],
  "artifacts": [
    {
      "sourceId": "$ProjectId$:$Bookings-CI-CQ-CS-id$",
      "type": "Build",
      "alias": "_Bookings-CI",
      "definitionReference": {
        "artifactSourceDefinitionUrl": "{}",
        "defaultVersionBranch": {
          "id": "",
          "name": ""
        },
        "defaultVersionSpecific": {
          "id": "",
          "name": ""
        },
        "defaultVersionTags": {
          "id": "",
          "name": ""
        },
        "defaultVersionType": {
          "id": "latestType",
          "name": "Latest"
        },
        "definition": {
          "id": "$Bookings-CI-CQ-CS-id$",
          "name": "Bookings-CI-CQ-CS"
        },
        "definitions": {
          "id": "",
          "name": ""
        },
        "IsMultiDefinitionType": {
          "id": "False",
          "name": "False"
        },
        "project": {
          "id": "$ProjectId$",
          "name": "$ProjectName$"
        },
        "repository": {
          "id": "",
          "name": ""
        }
      },
      "isRetained": false
    },
    {
      "sourceId": "$ProjectId$:$Build Shared Services and PaaS-id$",
      "type": "Build",
      "alias": "_Build Shared Services and PaaS",
      "definitionReference": {
        "artifactSourceDefinitionUrl": "{}",
        "defaultVersionBranch": {
          "id": "",
          "name": ""
        },
        "defaultVersionSpecific": {
          "id": "",
          "name": ""
        },
        "defaultVersionTags": {
          "id": "",
          "name": ""
        },
        "defaultVersionType": {
          "id": "latestType",
          "name": "Latest"
        },
        "definition": {
          "id": "$Build Shared Services and PaaS-id$",
          "name": "Build Shared Services and PaaS"
        },
        "definitions": {
          "id": "",
          "name": ""
        },
        "IsMultiDefinitionType": {
          "id": "False",
          "name": "False"
        },
        "project": {
          "id": "$ProjectId$",
          "name": "$ProjectName$"
        },
        "repository": {
          "id": "",
          "name": ""
        }
      },
      "isPrimary": true,
      "isRetained": false
    }
  ],
  "triggers": [],
  "releaseNameFormat": "Release-$(rev:r)",
  "tags": [],
  "properties": {
    "DefinitionCreationSource": {
      "$type": "System.String",
      "$value": "ReleaseClone"
    },
    "IntegrateBoardsWorkItems": {
      "$type": "System.String",
      "$value": "False"
    },
    "IntegrateJiraWorkItems": {
      "$type": "System.String",
      "$value": "false"
    }
  },
  "id": "",
  "name": "Bookings-CD-CQ-CS",
  "path": "\\DevOps-Dojo-Bookings-CD(for reference)",
  "projectReference": null,
  "url": "",
  "_links": "{}"
}