{
  "source": "userInterface",
  "revision": 5,
  "description": null,
  "createdBy": "{}",
  "createdOn": "",
  "modifiedBy": "{}",
  "modifiedOn": "",
  "isDeleted": false,
  "lastRelease": {
    "id": 65,
    "name": "Release-13",
    "artifacts": [],
    "_links": {},
    "description": "",
    "releaseDefinition": {
      "id": 5,
      "projectReference": null,
      "_links": {}
    },
    "createdOn": "2019-10-22T17:14:48.123Z",
    "createdBy": {
      "displayName": "Swathi G",
      "url": "https://spsprodcus2.vssps.visualstudio.com/Ab558cd06-5b68-466b-95bd-7b709e2862f0/_apis/Identities/d3e8ce72-5a35-689e-b035-29cd59698d84",
      "_links": {
        "avatar": {
          "href": "https://dev.azure.com/abcdsse/_apis/GraphProfile/MemberAvatars/bnd.dXBuOjI3YzRmN2RmLWZhZDctNDA4Mi1iM2I0LTg4YmY0Zjk0MmE0N1xzd2F0aGdAbWljcm9zb2Z0LmNvbQ"
        }
      },
      "id": "d3e8ce72-5a35-689e-b035-29cd59698d84",
      "uniqueName": "swathg@microsoft.com",
      "imageUrl": "https://dev.azure.com/abcdsse/_apis/GraphProfile/MemberAvatars/bnd.dXBuOjI3YzRmN2RmLWZhZDctNDA4Mi1iM2I0LTg4YmY0Zjk0MmE0N1xzd2F0aGdAbWljcm9zb2Z0LmNvbQ",
      "descriptor": "bnd.dXBuOjI3YzRmN2RmLWZhZDctNDA4Mi1iM2I0LTg4YmY0Zjk0MmE0N1xzd2F0aGdAbWljcm9zb2Z0LmNvbQ"
    }
  },
  "variables": {},
  "variableGroups": [
    "$All-Stages-Coupon$"
  ],
  "environments": [
    {
      "id": 33,
      "name": "Release to DEV",
      "rank": 1,
      "owner": {
        "displayName": "$OwnerDisplayName$",
        "url": "",
        "_links": "{}",
        "id": "$OwnerId$",
        "uniqueName": "$OwnerUniqueName$",
        "imageUrl": "",
        "descriptor": ""
      },
      "variables": {},
      "variableGroups": [
        "$Coupons-IaaS-Dev$"
      ],
      "preDeployApprovals": {
        "approvals": [
          {
            "rank": 1,
            "isAutomated": true,
            "isNotificationOn": false,
            "id": 97
          }
        ],
        "approvalOptions": {
          "requiredApproverCount": null,
          "releaseCreatorCanBeApprover": false,
          "autoTriggeredAndPreviousEnvironmentApprovedCanBeSkipped": false,
          "enforceIdentityRevalidation": false,
          "timeoutInMinutes": 0,
          "executionOrder": "beforeGates"
        }
      },
      "deployStep": {
        "id": 116
      },
      "postDeployApprovals": {
        "approvals": [
          {
            "rank": 1,
            "isAutomated": true,
            "isNotificationOn": false,
            "id": 117
          }
        ],
        "approvalOptions": {
          "requiredApproverCount": null,
          "releaseCreatorCanBeApprover": false,
          "autoTriggeredAndPreviousEnvironmentApprovedCanBeSkipped": false,
          "enforceIdentityRevalidation": false,
          "timeoutInMinutes": 0,
          "executionOrder": "afterSuccessfulGates"
        }
      },
      "deployPhases": [
        {
          "deploymentInput": {
            "parallelExecution": {
              "parallelExecutionType": "none"
            },
            "agentSpecification": {
              "identifier": "vs2017-win2016"
            },
            "skipArtifactsDownload": false,
            "artifactsDownloadInput": {
              "downloadInputs": []
            },
            "queueId": "$Azure Pipelines$",
            "demands": [],
            "enableAccessToken": false,
            "timeoutInMinutes": 0,
            "jobCancelTimeoutInMinutes": 1,
            "condition": "succeeded()",
            "overrideInputs": {}
          },
          "rank": 1,
          "phaseType": "agentBasedDeployment",
          "name": "Deploy application",
          "refName": null,
          "workflowTasks": [
            {
              "environment": {},
              "taskId": "28011c7a-abbe-4dd7-a7a7-4426610a40c6",
              "version": "1.*",
              "name": "Coupons Environment Setup",
              "refName": "",
              "enabled": true,
              "alwaysRun": true,
              "continueOnError": true,
              "timeoutInMinutes": 0,
              "definitionType": "metaTask",
              "overrideInputs": {},
              "condition": "succeededOrFailed()",
              "inputs": {
                "appImageID": "$(appImageID)",
                "AppInsightsOutput": "$(AppInsightsOutput)",
                "appprefix": "$(appprefix)",
                "appSubnet": "$(appSubnet)",
                "appvmarmoutput": "$(appvmarmoutput)",
                "appVnet": "$(appVnet)",
                "databasepassword": "$(databasepassword)",
                "databaseusername": "$(databaseusername)",
                "dataImageID": "$(dataImageID)",
                "dataprivateip": "$(dataprivateip)",
                "dataSubnet": "$(dataSubnet)",
                "dataVnet": "$(dataVnet)",
                "diagnosticStorageAccountName": "$(diagnosticStorageAccountName)",
                "instrumentation_key": "$(instrumentation_key)",
                "keyVaultName": "$(keyVaultName)",
                "location": "$(location)",
                "logAnalyticsWorkspaceName": "$(logAnalyticsWorkspaceName)",
                "logAnalyticsWorkspaceResourceGroup": "$(logAnalyticsWorkspaceResourceGroup)",
                "objectId": "$(objectId)",
                "resourcegroup": "$(resourcegroup)",
                "servicePrincipalId": "$(servicePrincipalId)",
                "servicePrincipalPass": "$(servicePrincipalPass)",
                "storageAccount": "$(storageAccount)",
                "subscriptionid": "$(subscriptionid)",
                "tenantId": "$(tenantId)",
                "vaultsku": "$(vaultsku)",
                "vmadmin": "$(vmadmin)",
                "vmpassword": "$(vmpassword)"
              }
            },
            {
              "environment": {},
              "taskId": "e213ff0f-5d5c-4791-802d-52ea3e7be1f1",
              "version": "2.*",
              "name": "Warmup Tomcat Manager",
              "refName": "",
              "enabled": true,
              "alwaysRun": false,
              "continueOnError": false,
              "timeoutInMinutes": 0,
              "definitionType": "task",
              "overrideInputs": {},
              "condition": "succeeded()",
              "inputs": {
                "targetType": "inline",
                "filePath": "",
                "arguments": "",
                "script": "$baseUrl = \"http://$(apppublicip):8080/manager/text\"\n$User = \"manager\"\n$PWord = ConvertTo-SecureString -String \"manager@123\" -AsPlainText -Force\n$Credential = New-Object -TypeName System.Management.Automation.PSCredential -ArgumentList $User, $PWord\n\nWrite-Host $baseUrl\n\n$retries = 5\nwhile ($retries -gt 0) \n{\n    try\n    {    \n        Invoke-RestMethod -Method Get -Uri \"$baseUrl/list\" -Credential $Credential -TimeoutSec 90\n        Invoke-RestMethod -Method Get -Uri \"$baseUrl/serverinfo\" -Credential $Credential -TimeoutSec 90\n        Invoke-RestMethod -Method Get -Uri \"$baseUrl/stop?path=/examples\" -Credential $Credential -TimeoutSec 90\n        Invoke-RestMethod -Method Get -Uri \"$baseUrl/start?path=/examples\" -Credential $Credential -TimeoutSec 90\n        break;\n    }\n    catch\n    {\n        Write-Host 'Error' $_.Exception\n       \n        $retries--\n        if($retries -le 0)\n        {\n            throw\n        }\n\n        Start-Sleep -Seconds 10\n    }\n }\n",
                "errorActionPreference": "stop",
                "failOnStderr": "false",
                "ignoreLASTEXITCODE": "false",
                "pwsh": "false",
                "workingDirectory": ""
              }
            },
            {
              "environment": {},
              "taskId": "5d93dbe2-e57f-4b7c-a872-1e6b80a01904",
              "version": "0.*",
              "name": "Deploy application to a Tomcat server",
              "refName": "",
              "enabled": true,
              "alwaysRun": false,
              "continueOnError": true,
              "timeoutInMinutes": 0,
              "definitionType": "task",
              "overrideInputs": {},
              "condition": "succeeded()",
              "inputs": {
                "TomcatUrl": "http://$(apppublicip):8080",
                "Username": "manager",
                "Password": "manager@123",
                "Warfile": "$(System.DefaultWorkingDirectory)/_Coupons-CI/drop/target/ROOT.war",
                "Context": "/",
                "ServerVersion": "7OrAbove"
              }
            }
          ]
        }
      ],
      "environmentOptions": {
        "emailNotificationType": "OnlyOnFailure",
        "emailRecipients": "release.environment.owner;release.creator",
        "skipArtifactsDownload": false,
        "timeoutInMinutes": 0,
        "enableAccessToken": false,
        "publishDeploymentStatus": true,
        "badgeEnabled": false,
        "autoLinkWorkItems": false,
        "pullRequestDeploymentEnabled": false
      },
      "demands": [],
      "conditions": [
        {
          "name": "ReleaseStarted",
          "conditionType": "event",
          "value": ""
        }
      ],
      "executionPolicy": {
        "concurrencyCount": 1,
        "queueDepthCount": 0
      },
      "schedules": [],
      "currentRelease": {
        "id": 48,
        "url": "https://vsrm.dev.azure.com/abcdsse/eb1ae3df-fc9c-424e-817f-f42f8315de2d/_apis/Release/releases/48",
        "_links": {}
      },
      "retentionPolicy": {
        "daysToKeep": 30,
        "releasesToKeep": 3,
        "retainBuild": true
      },
      "processParameters": {},
      "properties": {
        "LinkBoardsWorkItems": {
          "$type": "System.String",
          "$value": "False"
        }
      },
      "preDeploymentGates": {
        "id": 0,
        "gatesOptions": null,
        "gates": []
      },
      "postDeploymentGates": {
        "id": 0,
        "gatesOptions": null,
        "gates": []
      },
      "environmentTriggers": [],
      "badgeUrl": ""
    },
    {
      "id": 34,
      "name": "Release to QA",
      "rank": 2,
      "owner": {
        "displayName": "$OwnerDisplayName$",
        "url": "",
        "_links": "{}",
        "id": "$OwnerId$",
        "uniqueName": "$OwnerUniqueName$",
        "imageUrl": "",
        "descriptor": ""
      },
      "variables": {},
      "variableGroups": [
        "$Coupons-IaaS-QA$"
      ],
      "preDeployApprovals": {
        "approvals": [
          {
            "rank": 1,
            "isAutomated": false,
            "isNotificationOn": false,
            "approver": {
              "displayName": null,
              "id": "3a718057-7af6-49c0-9abb-be956be6cc3d"
            },
            "id": 98
          }
        ],
        "approvalOptions": {
          "requiredApproverCount": null,
          "releaseCreatorCanBeApprover": true,
          "autoTriggeredAndPreviousEnvironmentApprovedCanBeSkipped": false,
          "enforceIdentityRevalidation": false,
          "timeoutInMinutes": 0,
          "executionOrder": "beforeGates"
        }
      },
      "deployStep": {
        "id": 115
      },
      "postDeployApprovals": {
        "approvals": [
          {
            "rank": 1,
            "isAutomated": true,
            "isNotificationOn": false,
            "id": 118
          }
        ],
        "approvalOptions": {
          "requiredApproverCount": null,
          "releaseCreatorCanBeApprover": false,
          "autoTriggeredAndPreviousEnvironmentApprovedCanBeSkipped": false,
          "enforceIdentityRevalidation": false,
          "timeoutInMinutes": 0,
          "executionOrder": "afterSuccessfulGates"
        }
      },
      "deployPhases": [
        {
          "deploymentInput": {
            "parallelExecution": {
              "parallelExecutionType": "none"
            },
            "agentSpecification": {
              "identifier": "vs2017-win2016"
            },
            "skipArtifactsDownload": false,
            "artifactsDownloadInput": {
              "downloadInputs": []
            },
            "queueId": "$Azure Pipelines$",
            "demands": [],
            "enableAccessToken": false,
            "timeoutInMinutes": 0,
            "jobCancelTimeoutInMinutes": 1,
            "condition": "succeeded()",
            "overrideInputs": {}
          },
          "rank": 1,
          "phaseType": "agentBasedDeployment",
          "name": "Deploy application",
          "refName": null,
          "workflowTasks": [
            {
              "environment": {},
              "taskId": "28011c7a-abbe-4dd7-a7a7-4426610a40c6",
              "version": "1.*",
              "name": "Task group: Coupons-CD-CQ-CS-CO $(appImageID)",
              "refName": "",
              "enabled": true,
              "alwaysRun": true,
              "continueOnError": true,
              "timeoutInMinutes": 0,
              "definitionType": "metaTask",
              "overrideInputs": {},
              "condition": "succeededOrFailed()",
              "inputs": {
                "appImageID": "$(appImageID)",
                "AppInsightsOutput": "$(AppInsightsOutput)",
                "appprefix": "$(appprefix)",
                "appSubnet": "$(appSubnet)",
                "appvmarmoutput": "$(appvmarmoutput)",
                "appVnet": "$(appVnet)",
                "databasepassword": "$(databasepassword)",
                "databaseusername": "$(databaseusername)",
                "dataImageID": "$(dataImageID)",
                "dataprivateip": "$(dataprivateip)",
                "dataSubnet": "$(dataSubnet)",
                "dataVnet": "$(dataVnet)",
                "diagnosticStorageAccountName": "$(diagnosticStorageAccountName)",
                "instrumentation_key": "$(instrumentation_key)",
                "keyVaultName": "$(keyVaultName)",
                "location": "$(location)",
                "logAnalyticsWorkspaceName": "$(logAnalyticsWorkspaceName)",
                "logAnalyticsWorkspaceResourceGroup": "$(logAnalyticsWorkspaceResourceGroup)",
                "objectId": "$(objectId)",
                "resourcegroup": "$(resourcegroup)",
                "servicePrincipalId": "$(servicePrincipalId)",
                "servicePrincipalPass": "$(servicePrincipalPass)",
                "storageAccount": "$(storageAccount)",
                "subscriptionid": "$(subscriptionid)",
                "tenantId": "$(tenantId)",
                "vaultsku": "$(vaultsku)",
                "vmadmin": "$(vmadmin)",
                "vmpassword": "$(vmpassword)"
              }
            },
            {
              "environment": {},
              "taskId": "e213ff0f-5d5c-4791-802d-52ea3e7be1f1",
              "version": "2.*",
              "name": "Warmup Tomcat Manager",
              "refName": "",
              "enabled": true,
              "alwaysRun": false,
              "continueOnError": false,
              "timeoutInMinutes": 0,
              "definitionType": "task",
              "overrideInputs": {},
              "condition": "succeeded()",
              "inputs": {
                "targetType": "inline",
                "filePath": "",
                "arguments": "",
                "script": "$baseUrl = \"http://$(apppublicip):8080/manager/text\"\n$User = \"manager\"\n$PWord = ConvertTo-SecureString -String \"manager@123\" -AsPlainText -Force\n$Credential = New-Object -TypeName System.Management.Automation.PSCredential -ArgumentList $User, $PWord\n\nWrite-Host $baseUrl\n\n$retries = 5\nwhile ($retries -gt 0) \n{\n    try\n    {    \n        Invoke-RestMethod -Method Get -Uri \"$baseUrl/list\" -Credential $Credential -TimeoutSec 90\n        Invoke-RestMethod -Method Get -Uri \"$baseUrl/serverinfo\" -Credential $Credential -TimeoutSec 90\n        Invoke-RestMethod -Method Get -Uri \"$baseUrl/stop?path=/examples\" -Credential $Credential -TimeoutSec 90\n        Invoke-RestMethod -Method Get -Uri \"$baseUrl/start?path=/examples\" -Credential $Credential -TimeoutSec 90\n        break;\n    }\n    catch\n    {\n        Write-Host 'Error' $_.Exception\n       \n        $retries--\n        if($retries -le 0)\n        {\n            throw\n        }\n\n        Start-Sleep -Seconds 10\n    }\n }\n",
                "errorActionPreference": "stop",
                "failOnStderr": "false",
                "ignoreLASTEXITCODE": "false",
                "pwsh": "false",
                "workingDirectory": ""
              }
            },
            {
              "environment": {},
              "taskId": "5d93dbe2-e57f-4b7c-a872-1e6b80a01904",
              "version": "0.*",
              "name": "Deploy application to a Tomcat server",
              "refName": "",
              "enabled": true,
              "alwaysRun": false,
              "continueOnError": true,
              "timeoutInMinutes": 0,
              "definitionType": "task",
              "overrideInputs": {},
              "condition": "succeeded()",
              "inputs": {
                "TomcatUrl": "http://$(apppublicip):8080",
                "Username": "manager",
                "Password": "manager@123",
                "Warfile": "$(System.DefaultWorkingDirectory)/_Coupons-CI/drop/target/ROOT.war",
                "Context": "/",
                "ServerVersion": "7OrAbove"
              }
            },
            {
              "environment": {},
              "taskId": "e213ff0f-5d5c-4791-802d-52ea3e7be1f1",
              "version": "2.*",
              "name": "BDD tests",
              "refName": "",
              "enabled": true,
              "alwaysRun": false,
              "continueOnError": false,
              "timeoutInMinutes": 0,
              "definitionType": "task",
              "overrideInputs": {},
              "condition": "succeeded()",
              "inputs": {
                "targetType": "filePath",
                "filePath": "$(System.DefaultWorkingDirectory)/_Coupons-CI/drop/IaC/scripts/UpdateVariablesAtRunTime.ps1",
                "arguments": "-configPath $(System.DefaultWorkingDirectory)/_Coupons-CI/drop/src/main/resources/application.properties  -keyVaultUri \"https://$(keyVaultName).vault.azure.net/\" -instrumentationKey $(instrumentation_key)  -sourceUrl \"jdbc:mysql://$(datapublicip):3306/hotel_coupon?verifyServerCertificate=false&useSSL=false&requireSSL=false\" -appUrl \"http://$(apppublicip):8080\" -principalId \"$(servicePrincipalId)\" -principalPass \"$(servicePrincipalPass)\"",
                "script": "# Write your PowerShell commands here.\n\nWrite-Host \"Hello World\"\n",
                "errorActionPreference": "stop",
                "failOnStderr": "false",
                "ignoreLASTEXITCODE": "false",
                "pwsh": "false",
                "workingDirectory": ""
              }
            },
            {
              "environment": {},
              "taskId": "ac4ee482-65da-4485-a532-7b085873e532",
              "version": "3.*",
              "name": "Maven $(System.DefaultWorkingDirectory)/_Coupons-CI/drop/pom.xml",
              "refName": "",
              "enabled": true,
              "alwaysRun": false,
              "continueOnError": false,
              "timeoutInMinutes": 0,
              "definitionType": "task",
              "overrideInputs": {},
              "condition": "succeeded()",
              "inputs": {
                "mavenPOMFile": "$(System.DefaultWorkingDirectory)/_Coupons-CI/drop/pom.xml",
                "goals": "verify -Dit.test=CouponControllerBDDIT verify",
                "options": "",
                "publishJUnitResults": "true",
                "testResultsFiles": "**failsafe-reports/TEST-com.example.fabrikam.HotelCoupon.IntegrationTest.CouponControllerBDDIT.xml",
                "testRunTitle": "",
                "codeCoverageTool": "None",
                "classFilter": "",
                "classFilesDirectories": "",
                "srcDirectories": "",
                "failIfCoverageEmpty": "false",
                "javaHomeSelection": "JDKVersion",
                "jdkVersion": "default",
                "jdkUserInputPath": "",
                "jdkArchitecture": "x64",
                "mavenVersionSelection": "Default",
                "mavenPath": "",
                "mavenSetM2Home": "false",
                "mavenOpts": "-Xmx1024m",
                "mavenFeedAuthenticate": "false",
                "skipEffectivePom": "false",
                "sqAnalysisEnabled": "false",
                "sqMavenPluginVersionChoice": "latest",
                "checkstyleAnalysisEnabled": "false",
                "pmdAnalysisEnabled": "false",
                "findbugsAnalysisEnabled": "false"
              }
            }
          ]
        }
      ],
      "environmentOptions": {
        "emailNotificationType": "OnlyOnFailure",
        "emailRecipients": "release.environment.owner;release.creator",
        "skipArtifactsDownload": false,
        "timeoutInMinutes": 0,
        "enableAccessToken": false,
        "publishDeploymentStatus": true,
        "badgeEnabled": false,
        "autoLinkWorkItems": false,
        "pullRequestDeploymentEnabled": false
      },
      "demands": [],
      "conditions": [
        {
          "name": "Release to DEV",
          "conditionType": "environmentState",
          "value": "4"
        }
      ],
      "executionPolicy": {
        "concurrencyCount": 1,
        "queueDepthCount": 0
      },
      "schedules": [],
      "currentRelease": {
        "id": 65,
        "url": "https://vsrm.dev.azure.com/abcdsse/eb1ae3df-fc9c-424e-817f-f42f8315de2d/_apis/Release/releases/65",
        "_links": {}
      },
      "retentionPolicy": {
        "daysToKeep": 30,
        "releasesToKeep": 3,
        "retainBuild": true
      },
      "processParameters": {},
      "properties": {
        "LinkBoardsWorkItems": {
          "$type": "System.String",
          "$value": "False"
        }
      },
      "preDeploymentGates": {
        "id": 0,
        "gatesOptions": null,
        "gates": []
      },
      "postDeploymentGates": {
        "id": 0,
        "gatesOptions": null,
        "gates": []
      },
      "environmentTriggers": [],
      "badgeUrl": ""
    },
    {
      "id": 35,
      "name": "Undeploy DEV",
      "rank": 3,
      "owner": {
        "displayName": "$OwnerDisplayName$",
        "url": "",
        "_links": "{}",
        "id": "$OwnerId$",
        "uniqueName": "$OwnerUniqueName$",
        "imageUrl": "",
        "descriptor": ""
      },
      "variables": {},
      "variableGroups": [
        "$Coupons-IaaS-Dev$"
      ],
      "preDeployApprovals": {
        "approvals": [
          {
            "rank": 1,
            "isAutomated": false,
            "isNotificationOn": false,
            "approver": {
              "displayName": null,
              "id": "3a718057-7af6-49c0-9abb-be956be6cc3d"
            },
            "id": 99
          }
        ],
        "approvalOptions": {
          "requiredApproverCount": null,
          "releaseCreatorCanBeApprover": true,
          "autoTriggeredAndPreviousEnvironmentApprovedCanBeSkipped": false,
          "enforceIdentityRevalidation": false,
          "timeoutInMinutes": 0,
          "executionOrder": "beforeGates"
        }
      },
      "deployStep": {
        "id": 114
      },
      "postDeployApprovals": {
        "approvals": [
          {
            "rank": 1,
            "isAutomated": true,
            "isNotificationOn": false,
            "id": 119
          }
        ],
        "approvalOptions": {
          "requiredApproverCount": null,
          "releaseCreatorCanBeApprover": false,
          "autoTriggeredAndPreviousEnvironmentApprovedCanBeSkipped": false,
          "enforceIdentityRevalidation": false,
          "timeoutInMinutes": 0,
          "executionOrder": "afterSuccessfulGates"
        }
      },
      "deployPhases": [
        {
          "deploymentInput": {
            "parallelExecution": {
              "parallelExecutionType": "none"
            },
            "agentSpecification": {
              "identifier": "vs2017-win2016"
            },
            "skipArtifactsDownload": false,
            "artifactsDownloadInput": {
              "downloadInputs": []
            },
            "queueId": "$Azure Pipelines$",
            "demands": [],
            "enableAccessToken": false,
            "timeoutInMinutes": 0,
            "jobCancelTimeoutInMinutes": 1,
            "condition": "succeeded()",
            "overrideInputs": {}
          },
          "rank": 1,
          "phaseType": "agentBasedDeployment",
          "name": "Agent job",
          "refName": null,
          "workflowTasks": [
            {
              "environment": {},
              "taskId": "72a1931b-effb-4d2e-8fd8-f8472a07cb62",
              "version": "4.*",
              "name": "Remove Azure Resources",
              "refName": "",
              "enabled": true,
              "alwaysRun": false,
              "continueOnError": false,
              "timeoutInMinutes": 0,
              "definitionType": "task",
              "overrideInputs": {},
              "condition": "succeeded()",
              "inputs": {
                "ConnectedServiceNameARM": "",
                "ScriptType": "FilePath",
                "ScriptPath": "$(System.DefaultWorkingDirectory)/_Coupons-CI/drop/IaC/scripts/Undeploy.ps1",
                "Inline": "# You can write your azure powershell scripts inline here. \n# You can also pass predefined and custom variables to this script using arguments",
                "ScriptArguments": "-ResourceGroupName $(resourcegroup) -WebVmName $(appprefix)-app -DataVmName $(appprefix)-data -JumpboxVmName $(appprefix)-jbjbox -JumpboxVmScalesetName $(appprefix)-jb",
                "errorActionPreference": "stop",
                "FailOnStandardError": "false",
                "TargetAzurePs": "LatestVersion",
                "CustomTargetAzurePs": ""
              }
            }
          ]
        }
      ],
      "environmentOptions": {
        "emailNotificationType": "OnlyOnFailure",
        "emailRecipients": "release.environment.owner;release.creator",
        "skipArtifactsDownload": false,
        "timeoutInMinutes": 0,
        "enableAccessToken": false,
        "publishDeploymentStatus": true,
        "badgeEnabled": false,
        "autoLinkWorkItems": false,
        "pullRequestDeploymentEnabled": false
      },
      "demands": [],
      "conditions": [
        {
          "name": "Release to DEV",
          "conditionType": "environmentState",
          "value": "4"
        }
      ],
      "executionPolicy": {
        "concurrencyCount": 1,
        "queueDepthCount": 0
      },
      "schedules": [],
      "currentRelease": {
        "id": 0,
        "url": "https://vsrm.dev.azure.com/abcdsse/eb1ae3df-fc9c-424e-817f-f42f8315de2d/_apis/Release/releases/0",
        "_links": {}
      },
      "retentionPolicy": {
        "daysToKeep": 30,
        "releasesToKeep": 3,
        "retainBuild": true
      },
      "processParameters": {},
      "properties": {
        "LinkBoardsWorkItems": {
          "$type": "System.String",
          "$value": "False"
        }
      },
      "preDeploymentGates": {
        "id": 0,
        "gatesOptions": null,
        "gates": []
      },
      "postDeploymentGates": {
        "id": 0,
        "gatesOptions": null,
        "gates": []
      },
      "environmentTriggers": [],
      "badgeUrl": ""
    },
    {
      "id": 36,
      "name": "Release to SIT",
      "rank": 4,
      "owner": {
        "displayName": "$OwnerDisplayName$",
        "url": "",
        "_links": "{}",
        "id": "$OwnerId$",
        "uniqueName": "$OwnerUniqueName$",
        "imageUrl": "",
        "descriptor": ""
      },
      "variables": {},
      "variableGroups": [
        "$Coupons-IaaS-SIT$"
      ],
      "preDeployApprovals": {
        "approvals": [
          {
            "rank": 1,
            "isAutomated": true,
            "isNotificationOn": false,
            "id": 261
          }
        ],
        "approvalOptions": {
          "requiredApproverCount": null,
          "releaseCreatorCanBeApprover": false,
          "autoTriggeredAndPreviousEnvironmentApprovedCanBeSkipped": false,
          "enforceIdentityRevalidation": false,
          "timeoutInMinutes": 0,
          "executionOrder": "beforeGates"
        }
      },
      "deployStep": {
        "id": 113
      },
      "postDeployApprovals": {
        "approvals": [
          {
            "rank": 1,
            "isAutomated": true,
            "isNotificationOn": false,
            "id": 120
          }
        ],
        "approvalOptions": {
          "requiredApproverCount": null,
          "releaseCreatorCanBeApprover": false,
          "autoTriggeredAndPreviousEnvironmentApprovedCanBeSkipped": false,
          "enforceIdentityRevalidation": false,
          "timeoutInMinutes": 0,
          "executionOrder": "afterSuccessfulGates"
        }
      },
      "deployPhases": [
        {
          "deploymentInput": {
            "parallelExecution": {
              "parallelExecutionType": "none"
            },
            "agentSpecification": {
              "identifier": "vs2017-win2016"
            },
            "skipArtifactsDownload": false,
            "artifactsDownloadInput": {
              "downloadInputs": []
            },
            "queueId": "$Azure Pipelines$",
            "demands": [],
            "enableAccessToken": false,
            "timeoutInMinutes": 0,
            "jobCancelTimeoutInMinutes": 1,
            "condition": "succeeded()",
            "overrideInputs": {}
          },
          "rank": 1,
          "phaseType": "agentBasedDeployment",
          "name": "Deploy application",
          "refName": null,
          "workflowTasks": [
            {
              "environment": {},
              "taskId": "28011c7a-abbe-4dd7-a7a7-4426610a40c6",
              "version": "1.*",
              "name": "Task group: Coupons-CD-CQ-CS-CO $(appImageID)",
              "refName": "",
              "enabled": true,
              "alwaysRun": true,
              "continueOnError": true,
              "timeoutInMinutes": 0,
              "definitionType": "metaTask",
              "overrideInputs": {},
              "condition": "succeededOrFailed()",
              "inputs": {
                "appImageID": "$(appImageID)",
                "AppInsightsOutput": "$(AppInsightsOutput)",
                "appprefix": "$(appprefix)",
                "appSubnet": "$(appSubnet)",
                "appvmarmoutput": "$(appvmarmoutput)",
                "appVnet": "$(appVnet)",
                "databasepassword": "$(databasepassword)",
                "databaseusername": "$(databaseusername)",
                "dataImageID": "$(dataImageID)",
                "dataprivateip": "$(dataprivateip)",
                "dataSubnet": "$(dataSubnet)",
                "dataVnet": "$(dataVnet)",
                "diagnosticStorageAccountName": "$(diagnosticStorageAccountName)",
                "instrumentation_key": "$(instrumentation_key)",
                "keyVaultName": "$(keyVaultName)",
                "location": "$(location)",
                "logAnalyticsWorkspaceName": "$(logAnalyticsWorkspaceName)",
                "logAnalyticsWorkspaceResourceGroup": "$(logAnalyticsWorkspaceResourceGroup)",
                "objectId": "$(objectId)",
                "resourcegroup": "$(resourcegroup)",
                "servicePrincipalId": "$(servicePrincipalId)",
                "servicePrincipalPass": "$(servicePrincipalPass)",
                "storageAccount": "$(storageAccount)",
                "subscriptionid": "$(subscriptionid)",
                "tenantId": "$(tenantId)",
                "vaultsku": "$(vaultsku)",
                "vmadmin": "$(vmadmin)",
                "vmpassword": "$(vmpassword)"
              }
            },
            {
              "environment": {},
              "taskId": "e213ff0f-5d5c-4791-802d-52ea3e7be1f1",
              "version": "2.*",
              "name": "Warmup Tomcat Manager",
              "refName": "",
              "enabled": true,
              "alwaysRun": false,
              "continueOnError": false,
              "timeoutInMinutes": 0,
              "definitionType": "task",
              "overrideInputs": {},
              "condition": "succeeded()",
              "inputs": {
                "targetType": "inline",
                "filePath": "",
                "arguments": "",
                "script": "$baseUrl = \"http://$(apppublicip):8080/manager/text\"\n$User = \"manager\"\n$PWord = ConvertTo-SecureString -String \"manager@123\" -AsPlainText -Force\n$Credential = New-Object -TypeName System.Management.Automation.PSCredential -ArgumentList $User, $PWord\n\nWrite-Host $baseUrl\n\n$retries = 5\nwhile ($retries -gt 0) \n{\n    try\n    {    \n        Invoke-RestMethod -Method Get -Uri \"$baseUrl/list\" -Credential $Credential -TimeoutSec 90\n        Invoke-RestMethod -Method Get -Uri \"$baseUrl/serverinfo\" -Credential $Credential -TimeoutSec 90\n        Invoke-RestMethod -Method Get -Uri \"$baseUrl/stop?path=/examples\" -Credential $Credential -TimeoutSec 90\n        Invoke-RestMethod -Method Get -Uri \"$baseUrl/start?path=/examples\" -Credential $Credential -TimeoutSec 90\n        break;\n    }\n    catch\n    {\n        Write-Host 'Error' $_.Exception\n       \n        $retries--\n        if($retries -le 0)\n        {\n            throw\n        }\n\n        Start-Sleep -Seconds 10\n    }\n }\n",
                "errorActionPreference": "stop",
                "failOnStderr": "false",
                "ignoreLASTEXITCODE": "false",
                "pwsh": "false",
                "workingDirectory": ""
              }
            },
            {
              "environment": {},
              "taskId": "5d93dbe2-e57f-4b7c-a872-1e6b80a01904",
              "version": "0.*",
              "name": "Deploy application to a Tomcat server",
              "refName": "",
              "enabled": true,
              "alwaysRun": false,
              "continueOnError": true,
              "timeoutInMinutes": 0,
              "definitionType": "task",
              "overrideInputs": {},
              "condition": "succeeded()",
              "inputs": {
                "TomcatUrl": "http://$(apppublicip):8080",
                "Username": "manager",
                "Password": "manager@123",
                "Warfile": "$(System.DefaultWorkingDirectory)/_Coupons-CI/drop/target/ROOT.war",
                "Context": "/",
                "ServerVersion": "7OrAbove"
              }
            },
            {
              "environment": {},
              "taskId": "e213ff0f-5d5c-4791-802d-52ea3e7be1f1",
              "version": "2.*",
              "name": "Update test settings",
              "refName": "",
              "enabled": true,
              "alwaysRun": false,
              "continueOnError": false,
              "timeoutInMinutes": 0,
              "definitionType": "task",
              "overrideInputs": {},
              "condition": "succeeded()",
              "inputs": {
                "targetType": "filePath",
                "filePath": "$(System.DefaultWorkingDirectory)/_Coupons-CI/drop/IaC/scripts/UpdateVariablesAtRunTime.ps1",
                "arguments": "-configPath $(System.DefaultWorkingDirectory)/_Coupons-CI/drop/src/main/resources/application.properties  -keyVaultUri \"https://$(keyVaultName).vault.azure.net/\" -instrumentationKey $(instrumentation_key)  -sourceUrl \"jdbc:mysql://$(datapublicip):3306/hotel_coupon?verifyServerCertificate=false&useSSL=false&requireSSL=false\" -appUrl \"http://$(apppublicip):8080\" -principalId \"$(servicePrincipalId)\" -principalPass \"$(servicePrincipalPass)\"",
                "script": "# Write your PowerShell commands here.\n\nWrite-Host \"Hello World\"\n",
                "errorActionPreference": "stop",
                "failOnStderr": "false",
                "ignoreLASTEXITCODE": "false",
                "pwsh": "false",
                "workingDirectory": ""
              }
            },
            {
              "environment": {},
              "taskId": "ac4ee482-65da-4485-a532-7b085873e532",
              "version": "3.*",
              "name": "UI tests",
              "refName": "",
              "enabled": true,
              "alwaysRun": false,
              "continueOnError": false,
              "timeoutInMinutes": 0,
              "definitionType": "task",
              "overrideInputs": {},
              "condition": "succeeded()",
              "inputs": {
                "mavenPOMFile": "$(System.DefaultWorkingDirectory)/_Coupons-CI/drop/pom.xml",
                "goals": "verify -Dit.test=LoginUIIT#testInQA* verify",
                "options": "",
                "publishJUnitResults": "true",
                "testResultsFiles": "**/failsafe-reports/TEST-com.example.fabrikam.HotelCoupon.IntegrationTest.LoginUIIT.xml",
                "testRunTitle": "",
                "codeCoverageTool": "None",
                "classFilter": "",
                "classFilesDirectories": "",
                "srcDirectories": "",
                "failIfCoverageEmpty": "false",
                "javaHomeSelection": "JDKVersion",
                "jdkVersion": "default",
                "jdkUserInputPath": "",
                "jdkArchitecture": "x64",
                "mavenVersionSelection": "Default",
                "mavenPath": "",
                "mavenSetM2Home": "false",
                "mavenOpts": "-Xmx1024m",
                "mavenFeedAuthenticate": "false",
                "skipEffectivePom": "false",
                "sqAnalysisEnabled": "false",
                "sqMavenPluginVersionChoice": "latest",
                "checkstyleAnalysisEnabled": "false",
                "pmdAnalysisEnabled": "false",
                "findbugsAnalysisEnabled": "false"
              }
            }
          ]
        }
      ],
      "environmentOptions": {
        "emailNotificationType": "OnlyOnFailure",
        "emailRecipients": "release.environment.owner;release.creator",
        "skipArtifactsDownload": false,
        "timeoutInMinutes": 0,
        "enableAccessToken": false,
        "publishDeploymentStatus": true,
        "badgeEnabled": false,
        "autoLinkWorkItems": false,
        "pullRequestDeploymentEnabled": false
      },
      "demands": [],
      "conditions": [
        {
          "name": "Release to QA",
          "conditionType": "environmentState",
          "value": "4"
        }
      ],
      "executionPolicy": {
        "concurrencyCount": 1,
        "queueDepthCount": 0
      },
      "schedules": [],
      "currentRelease": {
        "id": 65,
        "url": "https://vsrm.dev.azure.com/abcdsse/eb1ae3df-fc9c-424e-817f-f42f8315de2d/_apis/Release/releases/65",
        "_links": {}
      },
      "retentionPolicy": {
        "daysToKeep": 30,
        "releasesToKeep": 3,
        "retainBuild": true
      },
      "processParameters": {},
      "properties": {
        "LinkBoardsWorkItems": {
          "$type": "System.String",
          "$value": "False"
        }
      },
      "preDeploymentGates": {
        "id": 0,
        "gatesOptions": null,
        "gates": []
      },
      "postDeploymentGates": {
        "id": 0,
        "gatesOptions": null,
        "gates": []
      },
      "environmentTriggers": [],
      "badgeUrl": ""
    },
    {
      "id": 37,
      "name": "Undeploy QA",
      "rank": 5,
      "owner": {
        "displayName": "$OwnerDisplayName$",
        "url": "",
        "_links": "{}",
        "id": "$OwnerId$",
        "uniqueName": "$OwnerUniqueName$",
        "imageUrl": "",
        "descriptor": ""
      },
      "variables": {},
      "variableGroups": [
        "$Coupons-IaaS-QA$"
      ],
      "preDeployApprovals": {
        "approvals": [
          {
            "rank": 1,
            "isAutomated": false,
            "isNotificationOn": false,
            "approver": {
              "displayName": null,
              "id": "3a718057-7af6-49c0-9abb-be956be6cc3d"
            },
            "id": 101
          }
        ],
        "approvalOptions": {
          "requiredApproverCount": null,
          "releaseCreatorCanBeApprover": true,
          "autoTriggeredAndPreviousEnvironmentApprovedCanBeSkipped": false,
          "enforceIdentityRevalidation": false,
          "timeoutInMinutes": 0,
          "executionOrder": "beforeGates"
        }
      },
      "deployStep": {
        "id": 112
      },
      "postDeployApprovals": {
        "approvals": [
          {
            "rank": 1,
            "isAutomated": true,
            "isNotificationOn": false,
            "id": 121
          }
        ],
        "approvalOptions": {
          "requiredApproverCount": null,
          "releaseCreatorCanBeApprover": false,
          "autoTriggeredAndPreviousEnvironmentApprovedCanBeSkipped": false,
          "enforceIdentityRevalidation": false,
          "timeoutInMinutes": 0,
          "executionOrder": "afterSuccessfulGates"
        }
      },
      "deployPhases": [
        {
          "deploymentInput": {
            "parallelExecution": {
              "parallelExecutionType": "none"
            },
            "agentSpecification": {
              "identifier": "vs2017-win2016"
            },
            "skipArtifactsDownload": false,
            "artifactsDownloadInput": {
              "downloadInputs": []
            },
            "queueId": "$Azure Pipelines$",
            "demands": [],
            "enableAccessToken": false,
            "timeoutInMinutes": 0,
            "jobCancelTimeoutInMinutes": 1,
            "condition": "succeeded()",
            "overrideInputs": {}
          },
          "rank": 1,
          "phaseType": "agentBasedDeployment",
          "name": "Agent job",
          "refName": null,
          "workflowTasks": [
            {
              "environment": {},
              "taskId": "72a1931b-effb-4d2e-8fd8-f8472a07cb62",
              "version": "4.*",
              "name": "Remove Azure Resources",
              "refName": "",
              "enabled": true,
              "alwaysRun": false,
              "continueOnError": false,
              "timeoutInMinutes": 0,
              "definitionType": "task",
              "overrideInputs": {},
              "condition": "succeeded()",
              "inputs": {
                "ConnectedServiceNameARM": "",
                "ScriptType": "FilePath",
                "ScriptPath": "$(System.DefaultWorkingDirectory)/_Coupons-CI/drop/IaC/scripts/Undeploy.ps1",
                "Inline": "# You can write your azure powershell scripts inline here. \n# You can also pass predefined and custom variables to this script using arguments",
                "ScriptArguments": "-ResourceGroupName $(resourcegroup) -WebVmName $(appprefix)-app -DataVmName $(appprefix)-data -JumpboxVmName $(appprefix)-jbjbox -JumpboxVmScalesetName $(appprefix)-jb",
                "errorActionPreference": "stop",
                "FailOnStandardError": "false",
                "TargetAzurePs": "LatestVersion",
                "CustomTargetAzurePs": ""
              }
            }
          ]
        }
      ],
      "environmentOptions": {
        "emailNotificationType": "OnlyOnFailure",
        "emailRecipients": "release.environment.owner;release.creator",
        "skipArtifactsDownload": false,
        "timeoutInMinutes": 0,
        "enableAccessToken": false,
        "publishDeploymentStatus": true,
        "badgeEnabled": false,
        "autoLinkWorkItems": false,
        "pullRequestDeploymentEnabled": false
      },
      "demands": [],
      "conditions": [
        {
          "name": "Release to QA",
          "conditionType": "environmentState",
          "value": "4"
        }
      ],
      "executionPolicy": {
        "concurrencyCount": 1,
        "queueDepthCount": 0
      },
      "schedules": [],
      "currentRelease": {
        "id": 0,
        "url": "https://vsrm.dev.azure.com/abcdsse/eb1ae3df-fc9c-424e-817f-f42f8315de2d/_apis/Release/releases/0",
        "_links": {}
      },
      "retentionPolicy": {
        "daysToKeep": 30,
        "releasesToKeep": 3,
        "retainBuild": true
      },
      "processParameters": {},
      "properties": {
        "LinkBoardsWorkItems": {
          "$type": "System.String",
          "$value": "False"
        }
      },
      "preDeploymentGates": {
        "id": 0,
        "gatesOptions": null,
        "gates": []
      },
      "postDeploymentGates": {
        "id": 0,
        "gatesOptions": null,
        "gates": []
      },
      "environmentTriggers": [],
      "badgeUrl": ""
    },
    {
      "id": 38,
      "name": "Release to STG",
      "rank": 6,
      "owner": {
        "displayName": "$OwnerDisplayName$",
        "url": "",
        "_links": "{}",
        "id": "$OwnerId$",
        "uniqueName": "$OwnerUniqueName$",
        "imageUrl": "",
        "descriptor": ""
      },
      "variables": {},
      "variableGroups": [
        "$Coupons-IaaS-STG$"
      ],
      "preDeployApprovals": {
        "approvals": [
          {
            "rank": 1,
            "isAutomated": true,
            "isNotificationOn": false,
            "id": 262
          }
        ],
        "approvalOptions": {
          "requiredApproverCount": null,
          "releaseCreatorCanBeApprover": false,
          "autoTriggeredAndPreviousEnvironmentApprovedCanBeSkipped": false,
          "enforceIdentityRevalidation": false,
          "timeoutInMinutes": 0,
          "executionOrder": "beforeGates"
        }
      },
      "deployStep": {
        "id": 111
      },
      "postDeployApprovals": {
        "approvals": [
          {
            "rank": 1,
            "isAutomated": true,
            "isNotificationOn": false,
            "id": 122
          }
        ],
        "approvalOptions": {
          "requiredApproverCount": null,
          "releaseCreatorCanBeApprover": false,
          "autoTriggeredAndPreviousEnvironmentApprovedCanBeSkipped": false,
          "enforceIdentityRevalidation": false,
          "timeoutInMinutes": 0,
          "executionOrder": "afterSuccessfulGates"
        }
      },
      "deployPhases": [
        {
          "deploymentInput": {
            "parallelExecution": {
              "parallelExecutionType": "none"
            },
            "agentSpecification": {
              "identifier": "vs2017-win2016"
            },
            "skipArtifactsDownload": false,
            "artifactsDownloadInput": {
              "downloadInputs": []
            },
            "queueId": "$Azure Pipelines$",
            "demands": [],
            "enableAccessToken": false,
            "timeoutInMinutes": 0,
            "jobCancelTimeoutInMinutes": 1,
            "condition": "succeeded()",
            "overrideInputs": {}
          },
          "rank": 1,
          "phaseType": "agentBasedDeployment",
          "name": "Deploy application",
          "refName": null,
          "workflowTasks": [
            {
              "environment": {},
              "taskId": "28011c7a-abbe-4dd7-a7a7-4426610a40c6",
              "version": "1.*",
              "name": "Coupons Environment Setup",
              "refName": "",
              "enabled": true,
              "alwaysRun": true,
              "continueOnError": true,
              "timeoutInMinutes": 0,
              "definitionType": "metaTask",
              "overrideInputs": {},
              "condition": "succeededOrFailed()",
              "inputs": {
                "appImageID": "$(appImageID)",
                "AppInsightsOutput": "$(AppInsightsOutput)",
                "appprefix": "$(appprefix)",
                "appSubnet": "$(appSubnet)",
                "appvmarmoutput": "$(appvmarmoutput)",
                "appVnet": "$(appVnet)",
                "databasepassword": "$(databasepassword)",
                "databaseusername": "$(databaseusername)",
                "dataImageID": "$(dataImageID)",
                "dataprivateip": "$(dataprivateip)",
                "dataSubnet": "$(dataSubnet)",
                "dataVnet": "$(dataVnet)",
                "diagnosticStorageAccountName": "$(diagnosticStorageAccountName)",
                "instrumentation_key": "$(instrumentation_key)",
                "keyVaultName": "$(keyVaultName)",
                "location": "$(location)",
                "logAnalyticsWorkspaceName": "$(logAnalyticsWorkspaceName)",
                "logAnalyticsWorkspaceResourceGroup": "$(logAnalyticsWorkspaceResourceGroup)",
                "objectId": "$(objectId)",
                "resourcegroup": "$(resourcegroup)",
                "servicePrincipalId": "$(servicePrincipalId)",
                "servicePrincipalPass": "$(servicePrincipalPass)",
                "storageAccount": "$(storageAccount)",
                "subscriptionid": "$(subscriptionid)",
                "tenantId": "$(tenantId)",
                "vaultsku": "$(vaultsku)",
                "vmadmin": "$(vmadmin)",
                "vmpassword": "$(vmpassword)"
              }
            },
            {
              "environment": {},
              "taskId": "e213ff0f-5d5c-4791-802d-52ea3e7be1f1",
              "version": "2.*",
              "name": "Warmup Tomcat Manager",
              "refName": "",
              "enabled": true,
              "alwaysRun": false,
              "continueOnError": false,
              "timeoutInMinutes": 0,
              "definitionType": "task",
              "overrideInputs": {},
              "condition": "succeeded()",
              "inputs": {
                "targetType": "inline",
                "filePath": "",
                "arguments": "",
                "script": "$baseUrl = \"http://$(apppublicip):8080/manager/text\"\n$User = \"manager\"\n$PWord = ConvertTo-SecureString -String \"manager@123\" -AsPlainText -Force\n$Credential = New-Object -TypeName System.Management.Automation.PSCredential -ArgumentList $User, $PWord\n\nWrite-Host $baseUrl\n\n$retries = 5\nwhile ($retries -gt 0) \n{\n    try\n    {    \n        Invoke-RestMethod -Method Get -Uri \"$baseUrl/list\" -Credential $Credential -TimeoutSec 90\n        Invoke-RestMethod -Method Get -Uri \"$baseUrl/serverinfo\" -Credential $Credential -TimeoutSec 90\n        Invoke-RestMethod -Method Get -Uri \"$baseUrl/stop?path=/examples\" -Credential $Credential -TimeoutSec 90\n        Invoke-RestMethod -Method Get -Uri \"$baseUrl/start?path=/examples\" -Credential $Credential -TimeoutSec 90\n        break;\n    }\n    catch\n    {\n        Write-Host 'Error' $_.Exception\n       \n        $retries--\n        if($retries -le 0)\n        {\n            throw\n        }\n\n        Start-Sleep -Seconds 10\n    }\n }\n",
                "errorActionPreference": "stop",
                "failOnStderr": "false",
                "ignoreLASTEXITCODE": "false",
                "pwsh": "false",
                "workingDirectory": ""
              }
            },
            {
              "environment": {},
              "taskId": "5d93dbe2-e57f-4b7c-a872-1e6b80a01904",
              "version": "0.*",
              "name": "Deploy application to a Tomcat server",
              "refName": "",
              "enabled": true,
              "alwaysRun": false,
              "continueOnError": true,
              "timeoutInMinutes": 0,
              "definitionType": "task",
              "overrideInputs": {},
              "condition": "succeeded()",
              "inputs": {
                "TomcatUrl": "http://$(apppublicip):8080",
                "Username": "manager",
                "Password": "manager@123",
                "Warfile": "$(System.DefaultWorkingDirectory)/_Coupons-CI/drop/target/ROOT.war",
                "Context": "/",
                "ServerVersion": "7OrAbove"
              }
            }
          ]
        }
      ],
      "environmentOptions": {
        "emailNotificationType": "OnlyOnFailure",
        "emailRecipients": "release.environment.owner;release.creator",
        "skipArtifactsDownload": false,
        "timeoutInMinutes": 0,
        "enableAccessToken": false,
        "publishDeploymentStatus": true,
        "badgeEnabled": false,
        "autoLinkWorkItems": false,
        "pullRequestDeploymentEnabled": false
      },
      "demands": [],
      "conditions": [
        {
          "name": "Release to SIT",
          "conditionType": "environmentState",
          "value": "4"
        }
      ],
      "executionPolicy": {
        "concurrencyCount": 1,
        "queueDepthCount": 0
      },
      "schedules": [],
      "currentRelease": {
        "id": 65,
        "url": "https://vsrm.dev.azure.com/abcdsse/eb1ae3df-fc9c-424e-817f-f42f8315de2d/_apis/Release/releases/65",
        "_links": {}
      },
      "retentionPolicy": {
        "daysToKeep": 30,
        "releasesToKeep": 3,
        "retainBuild": true
      },
      "processParameters": {},
      "properties": {
        "LinkBoardsWorkItems": {
          "$type": "System.String",
          "$value": "False"
        }
      },
      "preDeploymentGates": {
        "id": 0,
        "gatesOptions": null,
        "gates": []
      },
      "postDeploymentGates": {
        "id": 0,
        "gatesOptions": null,
        "gates": []
      },
      "environmentTriggers": [],
      "badgeUrl": ""
    },
    {
      "id": 39,
      "name": "Undeploy SIT",
      "rank": 7,
      "owner": {
        "displayName": "$OwnerDisplayName$",
        "url": "",
        "_links": "{}",
        "id": "$OwnerId$",
        "uniqueName": "$OwnerUniqueName$",
        "imageUrl": "",
        "descriptor": ""
      },
      "variables": {},
      "variableGroups": [
        "$Coupons-IaaS-SIT$"
      ],
      "preDeployApprovals": {
        "approvals": [
          {
            "rank": 1,
            "isAutomated": false,
            "isNotificationOn": false,
            "approver": {
              "displayName": null,
              "id": "3a718057-7af6-49c0-9abb-be956be6cc3d"
            },
            "id": 103
          }
        ],
        "approvalOptions": {
          "requiredApproverCount": null,
          "releaseCreatorCanBeApprover": true,
          "autoTriggeredAndPreviousEnvironmentApprovedCanBeSkipped": false,
          "enforceIdentityRevalidation": false,
          "timeoutInMinutes": 0,
          "executionOrder": "beforeGates"
        }
      },
      "deployStep": {
        "id": 110
      },
      "postDeployApprovals": {
        "approvals": [
          {
            "rank": 1,
            "isAutomated": true,
            "isNotificationOn": false,
            "id": 123
          }
        ],
        "approvalOptions": {
          "requiredApproverCount": null,
          "releaseCreatorCanBeApprover": false,
          "autoTriggeredAndPreviousEnvironmentApprovedCanBeSkipped": false,
          "enforceIdentityRevalidation": false,
          "timeoutInMinutes": 0,
          "executionOrder": "afterSuccessfulGates"
        }
      },
      "deployPhases": [
        {
          "deploymentInput": {
            "parallelExecution": {
              "parallelExecutionType": "none"
            },
            "agentSpecification": {
              "identifier": "vs2017-win2016"
            },
            "skipArtifactsDownload": false,
            "artifactsDownloadInput": {
              "downloadInputs": []
            },
            "queueId": "$Azure Pipelines$",
            "demands": [],
            "enableAccessToken": false,
            "timeoutInMinutes": 0,
            "jobCancelTimeoutInMinutes": 1,
            "condition": "succeeded()",
            "overrideInputs": {}
          },
          "rank": 1,
          "phaseType": "agentBasedDeployment",
          "name": "Agent job",
          "refName": null,
          "workflowTasks": [
            {
              "environment": {},
              "taskId": "72a1931b-effb-4d2e-8fd8-f8472a07cb62",
              "version": "4.*",
              "name": "Azure PowerShell script: FilePath",
              "refName": "",
              "enabled": true,
              "alwaysRun": false,
              "continueOnError": false,
              "timeoutInMinutes": 0,
              "definitionType": "task",
              "overrideInputs": {},
              "condition": "succeeded()",
              "inputs": {
                "ConnectedServiceNameARM": "",
                "ScriptType": "FilePath",
                "ScriptPath": "$(System.DefaultWorkingDirectory)/_Coupons-CI/drop/IaC/scripts/Undeploy.ps1",
                "Inline": "# You can write your azure powershell scripts inline here. \n# You can also pass predefined and custom variables to this script using arguments",
                "ScriptArguments": "-ResourceGroupName $(resourcegroup) -WebVmName $(appprefix)-app -DataVmName $(appprefix)-data -JumpboxVmName $(appprefix)-jbjbox -JumpboxVmScalesetName $(appprefix)-jb",
                "errorActionPreference": "stop",
                "FailOnStandardError": "false",
                "TargetAzurePs": "LatestVersion",
                "CustomTargetAzurePs": ""
              }
            }
          ]
        }
      ],
      "environmentOptions": {
        "emailNotificationType": "OnlyOnFailure",
        "emailRecipients": "release.environment.owner;release.creator",
        "skipArtifactsDownload": false,
        "timeoutInMinutes": 0,
        "enableAccessToken": false,
        "publishDeploymentStatus": true,
        "badgeEnabled": false,
        "autoLinkWorkItems": false,
        "pullRequestDeploymentEnabled": false
      },
      "demands": [],
      "conditions": [
        {
          "name": "Release to SIT",
          "conditionType": "environmentState",
          "value": "4"
        }
      ],
      "executionPolicy": {
        "concurrencyCount": 1,
        "queueDepthCount": 0
      },
      "schedules": [],
      "currentRelease": {
        "id": 0,
        "url": "https://vsrm.dev.azure.com/abcdsse/eb1ae3df-fc9c-424e-817f-f42f8315de2d/_apis/Release/releases/0",
        "_links": {}
      },
      "retentionPolicy": {
        "daysToKeep": 30,
        "releasesToKeep": 3,
        "retainBuild": true
      },
      "processParameters": {},
      "properties": {
        "LinkBoardsWorkItems": {
          "$type": "System.String",
          "$value": "False"
        }
      },
      "preDeploymentGates": {
        "id": 0,
        "gatesOptions": null,
        "gates": []
      },
      "postDeploymentGates": {
        "id": 0,
        "gatesOptions": null,
        "gates": []
      },
      "environmentTriggers": [],
      "badgeUrl": ""
    },
    {
      "id": 40,
      "name": "Release to PRD",
      "rank": 8,
      "owner": {
        "displayName": "$OwnerDisplayName$",
        "url": "",
        "_links": "{}",
        "id": "$OwnerId$",
        "uniqueName": "$OwnerUniqueName$",
        "imageUrl": "",
        "descriptor": ""
      },
      "variables": {},
      "variableGroups": [
        "$Coupons-IaaS-PRD$"
      ],
      "preDeployApprovals": {
        "approvals": [
          {
            "rank": 1,
            "isAutomated": false,
            "isNotificationOn": false,
            "approver": {
              "displayName": null,
              "id": "3a718057-7af6-49c0-9abb-be956be6cc3d"
            },
            "id": 104
          }
        ],
        "approvalOptions": {
          "requiredApproverCount": null,
          "releaseCreatorCanBeApprover": true,
          "autoTriggeredAndPreviousEnvironmentApprovedCanBeSkipped": false,
          "enforceIdentityRevalidation": false,
          "timeoutInMinutes": 0,
          "executionOrder": "beforeGates"
        }
      },
      "deployStep": {
        "id": 109
      },
      "postDeployApprovals": {
        "approvals": [
          {
            "rank": 1,
            "isAutomated": true,
            "isNotificationOn": false,
            "id": 124
          }
        ],
        "approvalOptions": {
          "requiredApproverCount": null,
          "releaseCreatorCanBeApprover": false,
          "autoTriggeredAndPreviousEnvironmentApprovedCanBeSkipped": false,
          "enforceIdentityRevalidation": false,
          "timeoutInMinutes": 0,
          "executionOrder": "afterSuccessfulGates"
        }
      },
      "deployPhases": [
        {
          "deploymentInput": {
            "parallelExecution": {
              "parallelExecutionType": "none"
            },
            "agentSpecification": {
              "identifier": "vs2017-win2016"
            },
            "skipArtifactsDownload": false,
            "artifactsDownloadInput": {
              "downloadInputs": []
            },
            "queueId": "$Azure Pipelines$",
            "demands": [],
            "enableAccessToken": false,
            "timeoutInMinutes": 0,
            "jobCancelTimeoutInMinutes": 1,
            "condition": "succeeded()",
            "overrideInputs": {}
          },
          "rank": 1,
          "phaseType": "agentBasedDeployment",
          "name": "Deploy application",
          "refName": null,
          "workflowTasks": [
            {
              "environment": {},
              "taskId": "28011c7a-abbe-4dd7-a7a7-4426610a40c6",
              "version": "1.*",
              "name": "Coupons Environment Setup",
              "refName": "",
              "enabled": true,
              "alwaysRun": true,
              "continueOnError": true,
              "timeoutInMinutes": 0,
              "definitionType": "metaTask",
              "overrideInputs": {},
              "condition": "succeededOrFailed()",
              "inputs": {
                "appImageID": "$(appImageID)",
                "AppInsightsOutput": "$(AppInsightsOutput)",
                "appprefix": "$(appprefix)",
                "appSubnet": "$(appSubnet)",
                "appvmarmoutput": "$(appvmarmoutput)",
                "appVnet": "$(appVnet)",
                "databasepassword": "$(databasepassword)",
                "databaseusername": "$(databaseusername)",
                "dataImageID": "$(dataImageID)",
                "dataprivateip": "$(dataprivateip)",
                "dataSubnet": "$(dataSubnet)",
                "dataVnet": "$(dataVnet)",
                "diagnosticStorageAccountName": "$(diagnosticStorageAccountName)",
                "instrumentation_key": "$(instrumentation_key)",
                "keyVaultName": "$(keyVaultName)",
                "location": "$(location)",
                "logAnalyticsWorkspaceName": "$(logAnalyticsWorkspaceName)",
                "logAnalyticsWorkspaceResourceGroup": "$(logAnalyticsWorkspaceResourceGroup)",
                "objectId": "$(objectId)",
                "resourcegroup": "$(resourcegroup)",
                "servicePrincipalId": "$(servicePrincipalId)",
                "servicePrincipalPass": "$(servicePrincipalPass)",
                "storageAccount": "$(storageAccount)",
                "subscriptionid": "$(subscriptionid)",
                "tenantId": "$(tenantId)",
                "vaultsku": "$(vaultsku)",
                "vmadmin": "$(vmadmin)",
                "vmpassword": "$(vmpassword)"
              }
            },
            {
              "environment": {},
              "taskId": "e213ff0f-5d5c-4791-802d-52ea3e7be1f1",
              "version": "2.*",
              "name": "Warmup Tomcat Manager",
              "refName": "",
              "enabled": true,
              "alwaysRun": false,
              "continueOnError": false,
              "timeoutInMinutes": 0,
              "definitionType": "task",
              "overrideInputs": {},
              "condition": "succeeded()",
              "inputs": {
                "targetType": "inline",
                "filePath": "",
                "arguments": "",
                "script": "$baseUrl = \"http://$(apppublicip):8080/manager/text\"\n$User = \"manager\"\n$PWord = ConvertTo-SecureString -String \"manager@123\" -AsPlainText -Force\n$Credential = New-Object -TypeName System.Management.Automation.PSCredential -ArgumentList $User, $PWord\n\nWrite-Host $baseUrl\n\n$retries = 5\nwhile ($retries -gt 0) \n{\n    try\n    {    \n        Invoke-RestMethod -Method Get -Uri \"$baseUrl/list\" -Credential $Credential -TimeoutSec 90\n        Invoke-RestMethod -Method Get -Uri \"$baseUrl/serverinfo\" -Credential $Credential -TimeoutSec 90\n        Invoke-RestMethod -Method Get -Uri \"$baseUrl/stop?path=/examples\" -Credential $Credential -TimeoutSec 90\n        Invoke-RestMethod -Method Get -Uri \"$baseUrl/start?path=/examples\" -Credential $Credential -TimeoutSec 90\n        break;\n    }\n    catch\n    {\n        Write-Host 'Error' $_.Exception\n       \n        $retries--\n        if($retries -le 0)\n        {\n            throw\n        }\n\n        Start-Sleep -Seconds 10\n    }\n }\n",
                "errorActionPreference": "stop",
                "failOnStderr": "false",
                "ignoreLASTEXITCODE": "false",
                "pwsh": "false",
                "workingDirectory": ""
              }
            },
            {
              "environment": {},
              "taskId": "5d93dbe2-e57f-4b7c-a872-1e6b80a01904",
              "version": "0.*",
              "name": "Deploy application to a Tomcat server",
              "refName": "",
              "enabled": true,
              "alwaysRun": false,
              "continueOnError": true,
              "timeoutInMinutes": 0,
              "definitionType": "task",
              "overrideInputs": {},
              "condition": "succeeded()",
              "inputs": {
                "TomcatUrl": "http://$(apppublicip):8080",
                "Username": "manager",
                "Password": "manager@123",
                "Warfile": "$(System.DefaultWorkingDirectory)/_Coupons-CI/drop/target/ROOT.war",
                "Context": "/",
                "ServerVersion": "7OrAbove"
              }
            }
          ]
        }
      ],
      "environmentOptions": {
        "emailNotificationType": "OnlyOnFailure",
        "emailRecipients": "release.environment.owner;release.creator",
        "skipArtifactsDownload": false,
        "timeoutInMinutes": 0,
        "enableAccessToken": false,
        "publishDeploymentStatus": true,
        "badgeEnabled": false,
        "autoLinkWorkItems": false,
        "pullRequestDeploymentEnabled": false
      },
      "demands": [],
      "conditions": [
        {
          "name": "Release to STG",
          "conditionType": "environmentState",
          "value": "4"
        }
      ],
      "executionPolicy": {
        "concurrencyCount": 1,
        "queueDepthCount": 0
      },
      "schedules": [],
      "currentRelease": {
        "id": 65,
        "url": "https://vsrm.dev.azure.com/abcdsse/eb1ae3df-fc9c-424e-817f-f42f8315de2d/_apis/Release/releases/65",
        "_links": {}
      },
      "retentionPolicy": {
        "daysToKeep": 30,
        "releasesToKeep": 3,
        "retainBuild": true
      },
      "processParameters": {},
      "properties": {
        "LinkBoardsWorkItems": {
          "$type": "System.String",
          "$value": "False"
        }
      },
      "preDeploymentGates": {
        "id": 0,
        "gatesOptions": null,
        "gates": []
      },
      "postDeploymentGates": {
        "id": 0,
        "gatesOptions": null,
        "gates": []
      },
      "environmentTriggers": [],
      "badgeUrl": ""
    },
    {
      "id": 41,
      "name": "Undeploy STG",
      "rank": 9,
      "owner": {
        "displayName": "$OwnerDisplayName$",
        "url": "",
        "_links": "{}",
        "id": "$OwnerId$",
        "uniqueName": "$OwnerUniqueName$",
        "imageUrl": "",
        "descriptor": ""
      },
      "variables": {},
      "variableGroups": [
        "$Coupons-IaaS-STG$"
      ],
      "preDeployApprovals": {
        "approvals": [
          {
            "rank": 1,
            "isAutomated": false,
            "isNotificationOn": false,
            "approver": {
              "displayName": null,
              "id": "3a718057-7af6-49c0-9abb-be956be6cc3d"
            },
            "id": 105
          }
        ],
        "approvalOptions": {
          "requiredApproverCount": null,
          "releaseCreatorCanBeApprover": true,
          "autoTriggeredAndPreviousEnvironmentApprovedCanBeSkipped": false,
          "enforceIdentityRevalidation": false,
          "timeoutInMinutes": 0,
          "executionOrder": "beforeGates"
        }
      },
      "deployStep": {
        "id": 108
      },
      "postDeployApprovals": {
        "approvals": [
          {
            "rank": 1,
            "isAutomated": true,
            "isNotificationOn": false,
            "id": 125
          }
        ],
        "approvalOptions": {
          "requiredApproverCount": null,
          "releaseCreatorCanBeApprover": false,
          "autoTriggeredAndPreviousEnvironmentApprovedCanBeSkipped": false,
          "enforceIdentityRevalidation": false,
          "timeoutInMinutes": 0,
          "executionOrder": "afterSuccessfulGates"
        }
      },
      "deployPhases": [
        {
          "deploymentInput": {
            "parallelExecution": {
              "parallelExecutionType": "none"
            },
            "agentSpecification": {
              "identifier": "vs2017-win2016"
            },
            "skipArtifactsDownload": false,
            "artifactsDownloadInput": {
              "downloadInputs": []
            },
            "queueId": "$Azure Pipelines$",
            "demands": [],
            "enableAccessToken": false,
            "timeoutInMinutes": 0,
            "jobCancelTimeoutInMinutes": 1,
            "condition": "succeeded()",
            "overrideInputs": {}
          },
          "rank": 1,
          "phaseType": "agentBasedDeployment",
          "name": "Agent job",
          "refName": null,
          "workflowTasks": [
            {
              "environment": {},
              "taskId": "72a1931b-effb-4d2e-8fd8-f8472a07cb62",
              "version": "4.*",
              "name": "Azure PowerShell script: FilePath",
              "refName": "",
              "enabled": true,
              "alwaysRun": false,
              "continueOnError": false,
              "timeoutInMinutes": 0,
              "definitionType": "task",
              "overrideInputs": {},
              "condition": "succeeded()",
              "inputs": {
                "ConnectedServiceNameARM": "",
                "ScriptType": "FilePath",
                "ScriptPath": "$(System.DefaultWorkingDirectory)/_Coupons-CI/drop/IaC/scripts/Undeploy.ps1",
                "Inline": "# You can write your azure powershell scripts inline here. \n# You can also pass predefined and custom variables to this script using arguments",
                "ScriptArguments": "-ResourceGroupName $(resourcegroup) -WebVmName $(appprefix)-app -DataVmName $(appprefix)-data -JumpboxVmName $(appprefix)-jbjbox -JumpboxVmScalesetName $(appprefix)-jb",
                "errorActionPreference": "stop",
                "FailOnStandardError": "false",
                "TargetAzurePs": "LatestVersion",
                "CustomTargetAzurePs": ""
              }
            }
          ]
        }
      ],
      "environmentOptions": {
        "emailNotificationType": "OnlyOnFailure",
        "emailRecipients": "release.environment.owner;release.creator",
        "skipArtifactsDownload": false,
        "timeoutInMinutes": 0,
        "enableAccessToken": false,
        "publishDeploymentStatus": true,
        "badgeEnabled": false,
        "autoLinkWorkItems": false,
        "pullRequestDeploymentEnabled": false
      },
      "demands": [],
      "conditions": [
        {
          "name": "Release to STG",
          "conditionType": "environmentState",
          "value": "4"
        }
      ],
      "executionPolicy": {
        "concurrencyCount": 1,
        "queueDepthCount": 0
      },
      "schedules": [],
      "currentRelease": {
        "id": 0,
        "url": "https://vsrm.dev.azure.com/abcdsse/eb1ae3df-fc9c-424e-817f-f42f8315de2d/_apis/Release/releases/0",
        "_links": {}
      },
      "retentionPolicy": {
        "daysToKeep": 30,
        "releasesToKeep": 3,
        "retainBuild": true
      },
      "processParameters": {},
      "properties": {
        "LinkBoardsWorkItems": {
          "$type": "System.String",
          "$value": "False"
        }
      },
      "preDeploymentGates": {
        "id": 0,
        "gatesOptions": null,
        "gates": []
      },
      "postDeploymentGates": {
        "id": 0,
        "gatesOptions": null,
        "gates": []
      },
      "environmentTriggers": [],
      "badgeUrl": ""
    },
    {
      "id": 42,
      "name": "Undeploy PRD",
      "rank": 10,
      "owner": {
        "displayName": "$OwnerDisplayName$",
        "url": "",
        "_links": "{}",
        "id": "$OwnerId$",
        "uniqueName": "$OwnerUniqueName$",
        "imageUrl": "",
        "descriptor": ""
      },
      "variables": {},
      "variableGroups": [
        "$Coupons-IaaS-PRD$"
      ],
      "preDeployApprovals": {
        "approvals": [
          {
            "rank": 1,
            "isAutomated": true,
            "isNotificationOn": false,
            "id": 106
          }
        ],
        "approvalOptions": {
          "requiredApproverCount": null,
          "releaseCreatorCanBeApprover": false,
          "autoTriggeredAndPreviousEnvironmentApprovedCanBeSkipped": false,
          "enforceIdentityRevalidation": false,
          "timeoutInMinutes": 0,
          "executionOrder": "beforeGates"
        }
      },
      "deployStep": {
        "id": 107
      },
      "postDeployApprovals": {
        "approvals": [
          {
            "rank": 1,
            "isAutomated": true,
            "isNotificationOn": false,
            "id": 126
          }
        ],
        "approvalOptions": {
          "requiredApproverCount": null,
          "releaseCreatorCanBeApprover": false,
          "autoTriggeredAndPreviousEnvironmentApprovedCanBeSkipped": false,
          "enforceIdentityRevalidation": false,
          "timeoutInMinutes": 0,
          "executionOrder": "afterSuccessfulGates"
        }
      },
      "deployPhases": [
        {
          "deploymentInput": {
            "parallelExecution": {
              "parallelExecutionType": "none"
            },
            "agentSpecification": {
              "identifier": "vs2017-win2016"
            },
            "skipArtifactsDownload": false,
            "artifactsDownloadInput": {
              "downloadInputs": []
            },
            "queueId": "$Azure Pipelines$",
            "demands": [],
            "enableAccessToken": false,
            "timeoutInMinutes": 0,
            "jobCancelTimeoutInMinutes": 1,
            "condition": "succeeded()",
            "overrideInputs": {}
          },
          "rank": 1,
          "phaseType": "agentBasedDeployment",
          "name": "Agent job",
          "refName": null,
          "workflowTasks": [
            {
              "environment": {},
              "taskId": "72a1931b-effb-4d2e-8fd8-f8472a07cb62",
              "version": "4.*",
              "name": "Azure PowerShell script: FilePath",
              "refName": "",
              "enabled": true,
              "alwaysRun": false,
              "continueOnError": false,
              "timeoutInMinutes": 0,
              "definitionType": "task",
              "overrideInputs": {},
              "condition": "succeeded()",
              "inputs": {
                "ConnectedServiceNameARM": "",
                "ScriptType": "FilePath",
                "ScriptPath": "$(System.DefaultWorkingDirectory)/_Coupons-CI/drop/IaC/scripts/Undeploy.ps1",
                "Inline": "# You can write your azure powershell scripts inline here. \n# You can also pass predefined and custom variables to this script using arguments",
                "ScriptArguments": "-ResourceGroupName $(resourcegroup) -WebVmName $(appprefix)-app -DataVmName $(appprefix)-data -JumpboxVmName $(appprefix)-jbjbox -JumpboxVmScalesetName $(appprefix)-jb",
                "errorActionPreference": "stop",
                "FailOnStandardError": "false",
                "TargetAzurePs": "LatestVersion",
                "CustomTargetAzurePs": ""
              }
            }
          ]
        }
      ],
      "environmentOptions": {
        "emailNotificationType": "OnlyOnFailure",
        "emailRecipients": "release.environment.owner;release.creator",
        "skipArtifactsDownload": false,
        "timeoutInMinutes": 0,
        "enableAccessToken": false,
        "publishDeploymentStatus": true,
        "badgeEnabled": false,
        "autoLinkWorkItems": false,
        "pullRequestDeploymentEnabled": false
      },
      "demands": [],
      "conditions": [
        {
          "name": "Release to PRD",
          "conditionType": "environmentState",
          "value": "4"
        }
      ],
      "executionPolicy": {
        "concurrencyCount": 1,
        "queueDepthCount": 0
      },
      "schedules": [],
      "currentRelease": {
        "id": 0,
        "url": "https://vsrm.dev.azure.com/abcdsse/eb1ae3df-fc9c-424e-817f-f42f8315de2d/_apis/Release/releases/0",
        "_links": {}
      },
      "retentionPolicy": {
        "daysToKeep": 30,
        "releasesToKeep": 3,
        "retainBuild": true
      },
      "processParameters": {},
      "properties": {
        "LinkBoardsWorkItems": {
          "$type": "System.String",
          "$value": "False"
        }
      },
      "preDeploymentGates": {
        "id": 0,
        "gatesOptions": null,
        "gates": []
      },
      "postDeploymentGates": {
        "id": 0,
        "gatesOptions": null,
        "gates": []
      },
      "environmentTriggers": [],
      "badgeUrl": ""
    }
  ],
  "artifacts": [
    {
      "sourceId": "$ProjectId$:$Coupons-CI-CQ-CS-CO-id$",
      "type": "Build",
      "alias": "_Coupons-CI",
      "definitionReference": {
        "artifactSourceDefinitionUrl": "{}",
        "defaultVersionBranch": {
          "id": "",
          "name": ""
        },
        "defaultVersionSpecific": {
          "id": "",
          "name": ""
        },
        "defaultVersionTags": {
          "id": "",
          "name": ""
        },
        "defaultVersionType": {
          "id": "latestType",
          "name": "Latest"
        },
        "definition": {
          "id": "$Coupons-CI-CQ-CS-CO-id$",
          "name": "Coupons-CI-CQ-CS-CO"
        },
        "definitions": {
          "id": "",
          "name": ""
        },
        "IsMultiDefinitionType": {
          "id": "False",
          "name": "False"
        },
        "project": {
          "id": "$ProjectId$",
          "name": "$ProjectName$"
        },
        "repository": {
          "id": "",
          "name": ""
        }
      },
      "isPrimary": true,
      "isRetained": false
    }
  ],
  "triggers": [],
  "releaseNameFormat": "Release-$(rev:r)",
  "tags": [],
  "properties": {
    "DefinitionCreationSource": {
      "$type": "System.String",
      "$value": "ReleaseClone"
    },
    "IntegrateBoardsWorkItems": {
      "$type": "System.String",
      "$value": "False"
    },
    "IntegrateJiraWorkItems": {
      "$type": "System.String",
      "$value": "false"
    }
  },
  "id": "",
  "name": "Coupons-CD-CQ-CS-CO",
  "path": "\\DevOps-Dojo-Coupons-CD (for reference)",
  "projectReference": null,
  "url": "",
  "_links": "{}"
}