{
  "source": "userInterface",
  "revision": 4,
  "description": null,
  "createdBy": "{}",
  "createdOn": "",
  "modifiedBy": "{}",
  "modifiedOn": "",
  "isDeleted": false,
  "lastRelease": {
    "id": 39,
    "name": "Release-18",
    "artifacts": [],
    "_links": {},
    "description": "",
    "releaseDefinition": {
      "id": 3,
      "projectReference": null,
      "_links": {}
    },
    "createdOn": "2019-10-22T05:22:47.323Z",
    "createdBy": {
      "displayName": "aak",
      "url": "https://spsprodcus2.vssps.visualstudio.com/Ab558cd06-5b68-466b-95bd-7b709e2862f0/_apis/Identities/cb9715f6-e4a0-6958-99d4-f54dba591bb5",
      "_links": {
        "avatar": {
          "href": "https://dev.azure.com/abcdsse/_apis/GraphProfile/MemberAvatars/bnd.dXBuOjI3YzRmN2RmLWZhZDctNDA4Mi1iM2I0LTg4YmY0Zjk0MmE0N1xhYWtAbWljcm9zb2Z0LmNvbQ"
        }
      },
      "id": "cb9715f6-e4a0-6958-99d4-f54dba591bb5",
      "uniqueName": "aak@microsoft.com",
      "imageUrl": "https://dev.azure.com/abcdsse/_apis/GraphProfile/MemberAvatars/bnd.dXBuOjI3YzRmN2RmLWZhZDctNDA4Mi1iM2I0LTg4YmY0Zjk0MmE0N1xhYWtAbWljcm9zb2Z0LmNvbQ",
      "descriptor": "bnd.dXBuOjI3YzRmN2RmLWZhZDctNDA4Mi1iM2I0LTg4YmY0Zjk0MmE0N1xhYWtAbWljcm9zb2Z0LmNvbQ"
    }
  },
  "variables": {},
  "variableGroups": [
    "$All-Stages-Coupon$"
  ],
  "environments": [
    {
      "id": 13,
      "name": "Release to DEV",
      "rank": 1,
      "owner": {
        "displayName": "$OwnerDisplayName$",
        "url": "",
        "_links": "{}",
        "id": "$OwnerId$",
        "uniqueName": "$OwnerUniqueName$",
        "imageUrl": "",
        "descriptor": ""
      },
      "variables": {},
      "variableGroups": [
        "$Coupons-IaaS-Dev$"
      ],
      "preDeployApprovals": {
        "approvals": [
          {
            "rank": 1,
            "isAutomated": true,
            "isNotificationOn": false,
            "id": 37
          }
        ],
        "approvalOptions": {
          "requiredApproverCount": null,
          "releaseCreatorCanBeApprover": false,
          "autoTriggeredAndPreviousEnvironmentApprovedCanBeSkipped": false,
          "enforceIdentityRevalidation": false,
          "timeoutInMinutes": 0,
          "executionOrder": "beforeGates"
        }
      },
      "deployStep": {
        "id": 56
      },
      "postDeployApprovals": {
        "approvals": [
          {
            "rank": 1,
            "isAutomated": true,
            "isNotificationOn": false,
            "id": 57
          }
        ],
        "approvalOptions": {
          "requiredApproverCount": null,
          "releaseCreatorCanBeApprover": false,
          "autoTriggeredAndPreviousEnvironmentApprovedCanBeSkipped": false,
          "enforceIdentityRevalidation": false,
          "timeoutInMinutes": 0,
          "executionOrder": "afterSuccessfulGates"
        }
      },
      "deployPhases": [
        {
          "deploymentInput": {
            "parallelExecution": {
              "parallelExecutionType": "none"
            },
            "agentSpecification": {
              "identifier": "vs2017-win2016"
            },
            "skipArtifactsDownload": false,
            "artifactsDownloadInput": {
              "downloadInputs": []
            },
            "queueId": "$Azure Pipelines$",
            "demands": [],
            "enableAccessToken": false,
            "timeoutInMinutes": 0,
            "jobCancelTimeoutInMinutes": 1,
            "condition": "succeeded()",
            "overrideInputs": {}
          },
          "rank": 1,
          "phaseType": "agentBasedDeployment",
          "name": "Deploy application",
          "refName": null,
          "workflowTasks": [
            {
              "environment": {},
              "taskId": "fdb5a98d-3737-4116-b5d2-9adadeb459ef",
              "version": "1.*",
              "name": "Coupons environment Setup",
              "refName": "",
              "enabled": true,
              "alwaysRun": true,
              "continueOnError": true,
              "timeoutInMinutes": 0,
              "definitionType": "metaTask",
              "overrideInputs": {},
              "condition": "succeededOrFailed()",
              "inputs": {
                "appImageID": "$(appImageID)",
                "appprefix": "$(appprefix)",
                "appSubnet": "$(appSubnet)",
                "appVnet": "$(appVnet)",
                "databasepassword": "$(databasepassword)",
                "databaseusername": "$(databaseusername)",
                "dataImageID": "$(dataImageID)",
                "dataprivateip": "$(dataprivateip)",
                "dataSubnet": "$(dataSubnet)",
                "dataVnet": "$(dataVnet)",
                "location": "$(location)",
                "resourcegroup": "$(resourcegroup)",
                "storageAccount": "$(storageAccount)",
                "vmadmin": "$(vmadmin)",
                "vmpassword": "$(vmpassword)"
              }
            },
            {
              "environment": {},
              "taskId": "e213ff0f-5d5c-4791-802d-52ea3e7be1f1",
              "version": "2.*",
              "name": "Warmup Tomcat Manager",
              "refName": "",
              "enabled": true,
              "alwaysRun": false,
              "continueOnError": false,
              "timeoutInMinutes": 0,
              "definitionType": "task",
              "overrideInputs": {},
              "condition": "succeeded()",
              "inputs": {
                "targetType": "inline",
                "filePath": "",
                "arguments": "",
                "script": "$baseUrl = \"http://$(apppublicip):8080/manager/text\"\n$User = \"manager\"\n$PWord = ConvertTo-SecureString -String \"manager@123\" -AsPlainText -Force\n$Credential = New-Object -TypeName System.Management.Automation.PSCredential -ArgumentList $User, $PWord\n\nWrite-Host $baseUrl\n\n$retries = 5\nwhile ($retries -gt 0) \n{\n    try\n    {    \n        Invoke-RestMethod -Method Get -Uri \"$baseUrl/list\" -Credential $Credential -TimeoutSec 90\n        Invoke-RestMethod -Method Get -Uri \"$baseUrl/serverinfo\" -Credential $Credential -TimeoutSec 90\n        Invoke-RestMethod -Method Get -Uri \"$baseUrl/stop?path=/examples\" -Credential $Credential -TimeoutSec 90\n        Invoke-RestMethod -Method Get -Uri \"$baseUrl/start?path=/examples\" -Credential $Credential -TimeoutSec 90\n        break;\n    }\n    catch\n    {\n        Write-Host 'Error' $_.Exception\n       \n        $retries--\n        if($retries -le 0)\n        {\n            throw\n        }\n\n        Start-Sleep -Seconds 10\n    }\n }\n",
                "errorActionPreference": "stop",
                "failOnStderr": "false",
                "ignoreLASTEXITCODE": "false",
                "pwsh": "false",
                "workingDirectory": ""
              }
            },
            {
              "environment": {},
              "taskId": "5d93dbe2-e57f-4b7c-a872-1e6b80a01904",
              "version": "0.*",
              "name": "Deploy application to a Tomcat server",
              "refName": "",
              "enabled": true,
              "alwaysRun": false,
              "continueOnError": true,
              "timeoutInMinutes": 0,
              "definitionType": "task",
              "overrideInputs": {},
              "condition": "succeeded()",
              "inputs": {
                "TomcatUrl": "http://$(apppublicip):8080",
                "Username": "manager",
                "Password": "manager@123",
                "Warfile": "$(System.DefaultWorkingDirectory)/_Coupons-CI/drop/target/ROOT.war",
                "Context": "/",
                "ServerVersion": "7OrAbove"
              }
            }
          ]
        }
      ],
      "environmentOptions": {
        "emailNotificationType": "OnlyOnFailure",
        "emailRecipients": "release.environment.owner;release.creator",
        "skipArtifactsDownload": false,
        "timeoutInMinutes": 0,
        "enableAccessToken": false,
        "publishDeploymentStatus": true,
        "badgeEnabled": false,
        "autoLinkWorkItems": false,
        "pullRequestDeploymentEnabled": false
      },
      "demands": [],
      "conditions": [
        {
          "name": "ReleaseStarted",
          "conditionType": "event",
          "value": ""
        }
      ],
      "executionPolicy": {
        "concurrencyCount": 1,
        "queueDepthCount": 0
      },
      "schedules": [],
      "currentRelease": {
        "id": 39,
        "url": "https://vsrm.dev.azure.com/abcdsse/eb1ae3df-fc9c-424e-817f-f42f8315de2d/_apis/Release/releases/39",
        "_links": {}
      },
      "retentionPolicy": {
        "daysToKeep": 30,
        "releasesToKeep": 3,
        "retainBuild": true
      },
      "processParameters": {},
      "properties": {
        "LinkBoardsWorkItems": {
          "$type": "System.String",
          "$value": "False"
        }
      },
      "preDeploymentGates": {
        "id": 0,
        "gatesOptions": null,
        "gates": []
      },
      "postDeploymentGates": {
        "id": 0,
        "gatesOptions": null,
        "gates": []
      },
      "environmentTriggers": [],
      "badgeUrl": ""
    },
    {
      "id": 14,
      "name": "Release to QA",
      "rank": 2,
      "owner": {
        "displayName": "$OwnerDisplayName$",
        "url": "",
        "_links": "{}",
        "id": "$OwnerId$",
        "uniqueName": "$OwnerUniqueName$",
        "imageUrl": "",
        "descriptor": ""
      },
      "variables": {},
      "variableGroups": [
        "$Coupons-IaaS-QA$"
      ],
      "preDeployApprovals": {
        "approvals": [
          {
            "rank": 1,
            "isAutomated": false,
            "isNotificationOn": false,
            "approver": {
              "displayName": "[mytest]\\mytest Team",
              "url": "https://spsprodcus2.vssps.visualstudio.com/Ab558cd06-5b68-466b-95bd-7b709e2862f0/_apis/Identities/f4817093-c23a-409b-b126-0262ca79ead8",
              "_links": {
                "avatar": {
                  "href": "https://dev.azure.com/abcdsse/_apis/GraphProfile/MemberAvatars/vssgp.Uy0xLTktMTU1MTM3NDI0NS0zNzU2MjAyNzMxLTI2MzM3ODA4MDItMjE3MjY0NjQ0Ny0yMTk5MjQ4NDI5LTEtMjU5MDMwNDIyMC00NTE0NTkyMy0yNDU0MDU5NTk5LTEyMjk4MjM4NTE"
                }
              },
              "id": "f4817093-c23a-409b-b126-0262ca79ead8",
              "uniqueName": "vstfs:///Classification/TeamProject/eb1ae3df-fc9c-424e-817f-f42f8315de2d\\mytest Team",
              "imageUrl": "https://dev.azure.com/abcdsse/_apis/GraphProfile/MemberAvatars/vssgp.Uy0xLTktMTU1MTM3NDI0NS0zNzU2MjAyNzMxLTI2MzM3ODA4MDItMjE3MjY0NjQ0Ny0yMTk5MjQ4NDI5LTEtMjU5MDMwNDIyMC00NTE0NTkyMy0yNDU0MDU5NTk5LTEyMjk4MjM4NTE",
              "isContainer": true,
              "descriptor": "vssgp.Uy0xLTktMTU1MTM3NDI0NS0zNzU2MjAyNzMxLTI2MzM3ODA4MDItMjE3MjY0NjQ0Ny0yMTk5MjQ4NDI5LTEtMjU5MDMwNDIyMC00NTE0NTkyMy0yNDU0MDU5NTk5LTEyMjk4MjM4NTE"
            },
            "id": 259
          }
        ],
        "approvalOptions": {
          "requiredApproverCount": null,
          "releaseCreatorCanBeApprover": true,
          "autoTriggeredAndPreviousEnvironmentApprovedCanBeSkipped": false,
          "enforceIdentityRevalidation": false,
          "timeoutInMinutes": 0,
          "executionOrder": "beforeGates"
        }
      },
      "deployStep": {
        "id": 54
      },
      "postDeployApprovals": {
        "approvals": [
          {
            "rank": 1,
            "isAutomated": true,
            "isNotificationOn": false,
            "id": 59
          }
        ],
        "approvalOptions": {
          "requiredApproverCount": null,
          "releaseCreatorCanBeApprover": false,
          "autoTriggeredAndPreviousEnvironmentApprovedCanBeSkipped": false,
          "enforceIdentityRevalidation": false,
          "timeoutInMinutes": 0,
          "executionOrder": "afterSuccessfulGates"
        }
      },
      "deployPhases": [
        {
          "deploymentInput": {
            "parallelExecution": {
              "parallelExecutionType": "none"
            },
            "agentSpecification": {
              "identifier": "vs2017-win2016"
            },
            "skipArtifactsDownload": false,
            "artifactsDownloadInput": {
              "downloadInputs": []
            },
            "queueId": "$Azure Pipelines$",
            "demands": [],
            "enableAccessToken": false,
            "timeoutInMinutes": 0,
            "jobCancelTimeoutInMinutes": 1,
            "condition": "succeeded()",
            "overrideInputs": {}
          },
          "rank": 1,
          "phaseType": "agentBasedDeployment",
          "name": "Deploy application",
          "refName": null,
          "workflowTasks": [
            {
              "environment": {},
              "taskId": "fdb5a98d-3737-4116-b5d2-9adadeb459ef",
              "version": "1.*",
              "name": "Coupons Environment set ",
              "refName": "",
              "enabled": true,
              "alwaysRun": true,
              "continueOnError": true,
              "timeoutInMinutes": 0,
              "definitionType": "metaTask",
              "overrideInputs": {},
              "condition": "succeededOrFailed()",
              "inputs": {
                "appImageID": "$(appImageID)",
                "appprefix": "$(appprefix)",
                "appSubnet": "$(appSubnet)",
                "appVnet": "$(appVnet)",
                "databasepassword": "$(databasepassword)",
                "databaseusername": "$(databaseusername)",
                "dataImageID": "$(dataImageID)",
                "dataprivateip": "$(dataprivateip)",
                "dataSubnet": "$(dataSubnet)",
                "dataVnet": "$(dataVnet)",
                "location": "$(location)",
                "resourcegroup": "$(resourcegroup)",
                "storageAccount": "$(storageAccount)",
                "vmadmin": "$(vmadmin)",
                "vmpassword": "$(vmpassword)"
              }
            },
            {
              "environment": {},
              "taskId": "e213ff0f-5d5c-4791-802d-52ea3e7be1f1",
              "version": "2.*",
              "name": "Warmup Tomcat Manager",
              "refName": "",
              "enabled": true,
              "alwaysRun": false,
              "continueOnError": false,
              "timeoutInMinutes": 0,
              "definitionType": "task",
              "overrideInputs": {},
              "condition": "succeeded()",
              "inputs": {
                "targetType": "inline",
                "filePath": "",
                "arguments": "",
                "script": "$baseUrl = \"http://$(apppublicip):8080/manager/text\"\n$User = \"manager\"\n$PWord = ConvertTo-SecureString -String \"manager@123\" -AsPlainText -Force\n$Credential = New-Object -TypeName System.Management.Automation.PSCredential -ArgumentList $User, $PWord\n\nWrite-Host $baseUrl\n\n$retries = 5\nwhile ($retries -gt 0) \n{\n    try\n    {    \n        Invoke-RestMethod -Method Get -Uri \"$baseUrl/list\" -Credential $Credential -TimeoutSec 90\n        Invoke-RestMethod -Method Get -Uri \"$baseUrl/serverinfo\" -Credential $Credential -TimeoutSec 90\n        Invoke-RestMethod -Method Get -Uri \"$baseUrl/stop?path=/examples\" -Credential $Credential -TimeoutSec 90\n        Invoke-RestMethod -Method Get -Uri \"$baseUrl/start?path=/examples\" -Credential $Credential -TimeoutSec 90\n        break;\n    }\n    catch\n    {\n        Write-Host 'Error' $_.Exception\n       \n        $retries--\n        if($retries -le 0)\n        {\n            throw\n        }\n\n        Start-Sleep -Seconds 10\n    }\n }\n",
                "errorActionPreference": "stop",
                "failOnStderr": "false",
                "ignoreLASTEXITCODE": "false",
                "pwsh": "false",
                "workingDirectory": ""
              }
            },
            {
              "environment": {},
              "taskId": "5d93dbe2-e57f-4b7c-a872-1e6b80a01904",
              "version": "0.*",
              "name": "Deploy application to a Tomcat server",
              "refName": "",
              "enabled": true,
              "alwaysRun": false,
              "continueOnError": true,
              "timeoutInMinutes": 0,
              "definitionType": "task",
              "overrideInputs": {},
              "condition": "succeeded()",
              "inputs": {
                "TomcatUrl": "http://$(apppublicip):8080",
                "Username": "manager",
                "Password": "manager@123",
                "Warfile": "$(System.DefaultWorkingDirectory)/_Coupons-CI/drop/target/ROOT.war",
                "Context": "/",
                "ServerVersion": "7OrAbove"
              }
            }
          ]
        }
      ],
      "environmentOptions": {
        "emailNotificationType": "OnlyOnFailure",
        "emailRecipients": "release.environment.owner;release.creator",
        "skipArtifactsDownload": false,
        "timeoutInMinutes": 0,
        "enableAccessToken": false,
        "publishDeploymentStatus": true,
        "badgeEnabled": false,
        "autoLinkWorkItems": false,
        "pullRequestDeploymentEnabled": false
      },
      "demands": [],
      "conditions": [
        {
          "name": "Release to DEV",
          "conditionType": "environmentState",
          "value": "4"
        }
      ],
      "executionPolicy": {
        "concurrencyCount": 1,
        "queueDepthCount": 0
      },
      "schedules": [],
      "currentRelease": {
        "id": 39,
        "url": "https://vsrm.dev.azure.com/abcdsse/eb1ae3df-fc9c-424e-817f-f42f8315de2d/_apis/Release/releases/39",
        "_links": {}
      },
      "retentionPolicy": {
        "daysToKeep": 30,
        "releasesToKeep": 3,
        "retainBuild": true
      },
      "processParameters": {},
      "properties": {
        "LinkBoardsWorkItems": {
          "$type": "System.String",
          "$value": "False"
        }
      },
      "preDeploymentGates": {
        "id": 0,
        "gatesOptions": null,
        "gates": []
      },
      "postDeploymentGates": {
        "id": 0,
        "gatesOptions": null,
        "gates": []
      },
      "environmentTriggers": [],
      "badgeUrl": ""
    },
    {
      "id": 15,
      "name": "Undeploy DEV",
      "rank": 3,
      "owner": {
        "displayName": "$OwnerDisplayName$",
        "url": "",
        "_links": "{}",
        "id": "$OwnerId$",
        "uniqueName": "$OwnerUniqueName$",
        "imageUrl": "",
        "descriptor": ""
      },
      "variables": {},
      "variableGroups": [
        "$Coupons-IaaS-Dev$"
      ],
      "preDeployApprovals": {
        "approvals": [
          {
            "rank": 1,
            "isAutomated": true,
            "isNotificationOn": false,
            "id": 38
          }
        ],
        "approvalOptions": {
          "requiredApproverCount": null,
          "releaseCreatorCanBeApprover": false,
          "autoTriggeredAndPreviousEnvironmentApprovedCanBeSkipped": false,
          "enforceIdentityRevalidation": false,
          "timeoutInMinutes": 0,
          "executionOrder": "beforeGates"
        }
      },
      "deployStep": {
        "id": 55
      },
      "postDeployApprovals": {
        "approvals": [
          {
            "rank": 1,
            "isAutomated": true,
            "isNotificationOn": false,
            "id": 58
          }
        ],
        "approvalOptions": {
          "requiredApproverCount": null,
          "releaseCreatorCanBeApprover": false,
          "autoTriggeredAndPreviousEnvironmentApprovedCanBeSkipped": false,
          "enforceIdentityRevalidation": false,
          "timeoutInMinutes": 0,
          "executionOrder": "afterSuccessfulGates"
        }
      },
      "deployPhases": [
        {
          "deploymentInput": {
            "parallelExecution": {
              "parallelExecutionType": "none"
            },
            "agentSpecification": {
              "identifier": "vs2017-win2016"
            },
            "skipArtifactsDownload": false,
            "artifactsDownloadInput": {
              "downloadInputs": []
            },
            "queueId": "$Azure Pipelines$",
            "demands": [],
            "enableAccessToken": false,
            "timeoutInMinutes": 0,
            "jobCancelTimeoutInMinutes": 1,
            "condition": "succeeded()",
            "overrideInputs": {}
          },
          "rank": 1,
          "phaseType": "agentBasedDeployment",
          "name": "Agent job",
          "refName": null,
          "workflowTasks": [
            {
              "environment": {},
              "taskId": "72a1931b-effb-4d2e-8fd8-f8472a07cb62",
              "version": "4.*",
              "name": "Remove Azure Resources",
              "refName": "",
              "enabled": true,
              "alwaysRun": false,
              "continueOnError": false,
              "timeoutInMinutes": 0,
              "definitionType": "task",
              "overrideInputs": {},
              "condition": "succeeded()",
              "inputs": {
                "ConnectedServiceNameARM": "",
                "ScriptType": "FilePath",
                "ScriptPath": "$(System.DefaultWorkingDirectory)/_Coupons-CI/drop/IaC/scripts/Undeploy.ps1",
                "Inline": "# You can write your azure powershell scripts inline here. \n# You can also pass predefined and custom variables to this script using arguments",
                "ScriptArguments": "-ResourceGroupName $(resourcegroup) -WebVmName $(appprefix)-app -DataVmName $(appprefix)-data -JumpboxVmName $(appprefix)-jbjbox -JumpboxVmScalesetName $(appprefix)-jb",
                "errorActionPreference": "stop",
                "FailOnStandardError": "false",
                "TargetAzurePs": "LatestVersion",
                "CustomTargetAzurePs": ""
              }
            }
          ]
        }
      ],
      "environmentOptions": {
        "emailNotificationType": "OnlyOnFailure",
        "emailRecipients": "release.environment.owner;release.creator",
        "skipArtifactsDownload": false,
        "timeoutInMinutes": 0,
        "enableAccessToken": false,
        "publishDeploymentStatus": true,
        "badgeEnabled": false,
        "autoLinkWorkItems": false,
        "pullRequestDeploymentEnabled": false
      },
      "demands": [],
      "conditions": [
        {
          "name": "Release to DEV",
          "conditionType": "environmentState",
          "value": "4"
        }
      ],
      "executionPolicy": {
        "concurrencyCount": 1,
        "queueDepthCount": 0
      },
      "schedules": [],
      "currentRelease": {
        "id": 0,
        "url": "https://vsrm.dev.azure.com/abcdsse/eb1ae3df-fc9c-424e-817f-f42f8315de2d/_apis/Release/releases/0",
        "_links": {}
      },
      "retentionPolicy": {
        "daysToKeep": 30,
        "releasesToKeep": 3,
        "retainBuild": true
      },
      "processParameters": {},
      "properties": {
        "LinkBoardsWorkItems": {
          "$type": "System.String",
          "$value": "False"
        }
      },
      "preDeploymentGates": {
        "id": 0,
        "gatesOptions": null,
        "gates": []
      },
      "postDeploymentGates": {
        "id": 0,
        "gatesOptions": null,
        "gates": []
      },
      "environmentTriggers": [],
      "badgeUrl": ""
    },
    {
      "id": 16,
      "name": "Release to SIT",
      "rank": 4,
      "owner": {
        "displayName": "$OwnerDisplayName$",
        "url": "",
        "_links": "{}",
        "id": "$OwnerId$",
        "uniqueName": "$OwnerUniqueName$",
        "imageUrl": "",
        "descriptor": ""
      },
      "variables": {},
      "variableGroups": [
        "$Coupons-IaaS-SIT$"
      ],
      "preDeployApprovals": {
        "approvals": [
          {
            "rank": 1,
            "isAutomated": true,
            "isNotificationOn": false,
            "id": 40
          }
        ],
        "approvalOptions": {
          "requiredApproverCount": null,
          "releaseCreatorCanBeApprover": false,
          "autoTriggeredAndPreviousEnvironmentApprovedCanBeSkipped": false,
          "enforceIdentityRevalidation": false,
          "timeoutInMinutes": 0,
          "executionOrder": "beforeGates"
        }
      },
      "deployStep": {
        "id": 53
      },
      "postDeployApprovals": {
        "approvals": [
          {
            "rank": 1,
            "isAutomated": true,
            "isNotificationOn": false,
            "id": 60
          }
        ],
        "approvalOptions": {
          "requiredApproverCount": null,
          "releaseCreatorCanBeApprover": false,
          "autoTriggeredAndPreviousEnvironmentApprovedCanBeSkipped": false,
          "enforceIdentityRevalidation": false,
          "timeoutInMinutes": 0,
          "executionOrder": "afterSuccessfulGates"
        }
      },
      "deployPhases": [
        {
          "deploymentInput": {
            "parallelExecution": {
              "parallelExecutionType": "none"
            },
            "agentSpecification": {
              "identifier": "vs2017-win2016"
            },
            "skipArtifactsDownload": false,
            "artifactsDownloadInput": {
              "downloadInputs": []
            },
            "queueId": "$Azure Pipelines$",
            "demands": [],
            "enableAccessToken": false,
            "timeoutInMinutes": 0,
            "jobCancelTimeoutInMinutes": 1,
            "condition": "succeeded()",
            "overrideInputs": {}
          },
          "rank": 1,
          "phaseType": "agentBasedDeployment",
          "name": "Deploy application",
          "refName": null,
          "workflowTasks": [
            {
              "environment": {},
              "taskId": "fdb5a98d-3737-4116-b5d2-9adadeb459ef",
              "version": "1.*",
              "name": "Coupons Environment setup",
              "refName": "",
              "enabled": true,
              "alwaysRun": true,
              "continueOnError": true,
              "timeoutInMinutes": 0,
              "definitionType": "metaTask",
              "overrideInputs": {},
              "condition": "succeededOrFailed()",
              "inputs": {
                "appImageID": "$(appImageID)",
                "appprefix": "$(appprefix)",
                "appSubnet": "$(appSubnet)",
                "appVnet": "$(appVnet)",
                "databasepassword": "$(databasepassword)",
                "databaseusername": "$(databaseusername)",
                "dataImageID": "$(dataImageID)",
                "dataprivateip": "$(dataprivateip)",
                "dataSubnet": "$(dataSubnet)",
                "dataVnet": "$(dataVnet)",
                "location": "$(location)",
                "resourcegroup": "$(resourcegroup)",
                "storageAccount": "$(storageAccount)",
                "vmadmin": "$(vmadmin)",
                "vmpassword": "$(vmpassword)"
              }
            },
            {
              "environment": {},
              "taskId": "e213ff0f-5d5c-4791-802d-52ea3e7be1f1",
              "version": "2.*",
              "name": "Warmup Tomcat Manager",
              "refName": "",
              "enabled": true,
              "alwaysRun": false,
              "continueOnError": false,
              "timeoutInMinutes": 0,
              "definitionType": "task",
              "overrideInputs": {},
              "condition": "succeeded()",
              "inputs": {
                "targetType": "inline",
                "filePath": "",
                "arguments": "",
                "script": "$baseUrl = \"http://$(apppublicip):8080/manager/text\"\n$User = \"manager\"\n$PWord = ConvertTo-SecureString -String \"manager@123\" -AsPlainText -Force\n$Credential = New-Object -TypeName System.Management.Automation.PSCredential -ArgumentList $User, $PWord\n\nWrite-Host $baseUrl\n\n$retries = 5\nwhile ($retries -gt 0) \n{\n    try\n    {    \n        Invoke-RestMethod -Method Get -Uri \"$baseUrl/list\" -Credential $Credential -TimeoutSec 90\n        Invoke-RestMethod -Method Get -Uri \"$baseUrl/serverinfo\" -Credential $Credential -TimeoutSec 90\n        Invoke-RestMethod -Method Get -Uri \"$baseUrl/stop?path=/examples\" -Credential $Credential -TimeoutSec 90\n        Invoke-RestMethod -Method Get -Uri \"$baseUrl/start?path=/examples\" -Credential $Credential -TimeoutSec 90\n        break;\n    }\n    catch\n    {\n        Write-Host 'Error' $_.Exception\n       \n        $retries--\n        if($retries -le 0)\n        {\n            throw\n        }\n\n        Start-Sleep -Seconds 10\n    }\n }\n",
                "errorActionPreference": "stop",
                "failOnStderr": "false",
                "ignoreLASTEXITCODE": "false",
                "pwsh": "false",
                "workingDirectory": ""
              }
            },
            {
              "environment": {},
              "taskId": "5d93dbe2-e57f-4b7c-a872-1e6b80a01904",
              "version": "0.*",
              "name": "Deploy application to a Tomcat server",
              "refName": "",
              "enabled": true,
              "alwaysRun": false,
              "continueOnError": true,
              "timeoutInMinutes": 0,
              "definitionType": "task",
              "overrideInputs": {},
              "condition": "succeeded()",
              "inputs": {
                "TomcatUrl": "http://$(apppublicip):8080",
                "Username": "manager",
                "Password": "manager@123",
                "Warfile": "$(System.DefaultWorkingDirectory)/_Coupons-CI/drop/target/ROOT.war",
                "Context": "/",
                "ServerVersion": "7OrAbove"
              }
            }
          ]
        }
      ],
      "environmentOptions": {
        "emailNotificationType": "OnlyOnFailure",
        "emailRecipients": "release.environment.owner;release.creator",
        "skipArtifactsDownload": false,
        "timeoutInMinutes": 0,
        "enableAccessToken": false,
        "publishDeploymentStatus": true,
        "badgeEnabled": false,
        "autoLinkWorkItems": false,
        "pullRequestDeploymentEnabled": false
      },
      "demands": [],
      "conditions": [
        {
          "name": "Release to QA",
          "conditionType": "environmentState",
          "value": "4"
        }
      ],
      "executionPolicy": {
        "concurrencyCount": 1,
        "queueDepthCount": 0
      },
      "schedules": [],
      "currentRelease": {
        "id": 39,
        "url": "https://vsrm.dev.azure.com/abcdsse/eb1ae3df-fc9c-424e-817f-f42f8315de2d/_apis/Release/releases/39",
        "_links": {}
      },
      "retentionPolicy": {
        "daysToKeep": 30,
        "releasesToKeep": 3,
        "retainBuild": true
      },
      "processParameters": {},
      "properties": {
        "LinkBoardsWorkItems": {
          "$type": "System.String",
          "$value": "False"
        }
      },
      "preDeploymentGates": {
        "id": 0,
        "gatesOptions": null,
        "gates": []
      },
      "postDeploymentGates": {
        "id": 0,
        "gatesOptions": null,
        "gates": []
      },
      "environmentTriggers": [],
      "badgeUrl": ""
    },
    {
      "id": 17,
      "name": "Undeploy QA",
      "rank": 5,
      "owner": {
        "displayName": "$OwnerDisplayName$",
        "url": "",
        "_links": "{}",
        "id": "$OwnerId$",
        "uniqueName": "$OwnerUniqueName$",
        "imageUrl": "",
        "descriptor": ""
      },
      "variables": {},
      "variableGroups": [
        "$Coupons-IaaS-QA$"
      ],
      "preDeployApprovals": {
        "approvals": [
          {
            "rank": 1,
            "isAutomated": true,
            "isNotificationOn": false,
            "id": 41
          }
        ],
        "approvalOptions": {
          "requiredApproverCount": null,
          "releaseCreatorCanBeApprover": false,
          "autoTriggeredAndPreviousEnvironmentApprovedCanBeSkipped": false,
          "enforceIdentityRevalidation": false,
          "timeoutInMinutes": 0,
          "executionOrder": "beforeGates"
        }
      },
      "deployStep": {
        "id": 52
      },
      "postDeployApprovals": {
        "approvals": [
          {
            "rank": 1,
            "isAutomated": true,
            "isNotificationOn": false,
            "id": 61
          }
        ],
        "approvalOptions": {
          "requiredApproverCount": null,
          "releaseCreatorCanBeApprover": false,
          "autoTriggeredAndPreviousEnvironmentApprovedCanBeSkipped": false,
          "enforceIdentityRevalidation": false,
          "timeoutInMinutes": 0,
          "executionOrder": "afterSuccessfulGates"
        }
      },
      "deployPhases": [
        {
          "deploymentInput": {
            "parallelExecution": {
              "parallelExecutionType": "none"
            },
            "agentSpecification": {
              "identifier": "vs2017-win2016"
            },
            "skipArtifactsDownload": false,
            "artifactsDownloadInput": {
              "downloadInputs": []
            },
            "queueId": "$Azure Pipelines$",
            "demands": [],
            "enableAccessToken": false,
            "timeoutInMinutes": 0,
            "jobCancelTimeoutInMinutes": 1,
            "condition": "succeeded()",
            "overrideInputs": {}
          },
          "rank": 1,
          "phaseType": "agentBasedDeployment",
          "name": "Agent job",
          "refName": null,
          "workflowTasks": [
            {
              "environment": {},
              "taskId": "72a1931b-effb-4d2e-8fd8-f8472a07cb62",
              "version": "4.*",
              "name": "Remove Azure Resources",
              "refName": "",
              "enabled": true,
              "alwaysRun": false,
              "continueOnError": false,
              "timeoutInMinutes": 0,
              "definitionType": "task",
              "overrideInputs": {},
              "condition": "succeeded()",
              "inputs": {
                "ConnectedServiceNameARM": "",
                "ScriptType": "FilePath",
                "ScriptPath": "$(System.DefaultWorkingDirectory)/_Coupons-CI/drop/IaC/scripts/Undeploy.ps1",
                "Inline": "# You can write your azure powershell scripts inline here. \n# You can also pass predefined and custom variables to this script using arguments",
                "ScriptArguments": "-ResourceGroupName $(resourcegroup) -WebVmName $(appprefix)-app -DataVmName $(appprefix)-data -JumpboxVmName $(appprefix)-jbjbox -JumpboxVmScalesetName $(appprefix)-jb",
                "errorActionPreference": "stop",
                "FailOnStandardError": "false",
                "TargetAzurePs": "LatestVersion",
                "CustomTargetAzurePs": ""
              }
            }
          ]
        }
      ],
      "environmentOptions": {
        "emailNotificationType": "OnlyOnFailure",
        "emailRecipients": "release.environment.owner;release.creator",
        "skipArtifactsDownload": false,
        "timeoutInMinutes": 0,
        "enableAccessToken": false,
        "publishDeploymentStatus": true,
        "badgeEnabled": false,
        "autoLinkWorkItems": false,
        "pullRequestDeploymentEnabled": false
      },
      "demands": [],
      "conditions": [
        {
          "name": "Release to QA",
          "conditionType": "environmentState",
          "value": "4"
        }
      ],
      "executionPolicy": {
        "concurrencyCount": 1,
        "queueDepthCount": 0
      },
      "schedules": [],
      "currentRelease": {
        "id": 0,
        "url": "https://vsrm.dev.azure.com/abcdsse/eb1ae3df-fc9c-424e-817f-f42f8315de2d/_apis/Release/releases/0",
        "_links": {}
      },
      "retentionPolicy": {
        "daysToKeep": 30,
        "releasesToKeep": 3,
        "retainBuild": true
      },
      "processParameters": {},
      "properties": {
        "LinkBoardsWorkItems": {
          "$type": "System.String",
          "$value": "False"
        }
      },
      "preDeploymentGates": {
        "id": 0,
        "gatesOptions": null,
        "gates": []
      },
      "postDeploymentGates": {
        "id": 0,
        "gatesOptions": null,
        "gates": []
      },
      "environmentTriggers": [],
      "badgeUrl": ""
    },
    {
      "id": 18,
      "name": "Release to STG",
      "rank": 6,
      "owner": {
        "displayName": "$OwnerDisplayName$",
        "url": "",
        "_links": "{}",
        "id": "$OwnerId$",
        "uniqueName": "$OwnerUniqueName$",
        "imageUrl": "",
        "descriptor": ""
      },
      "variables": {},
      "variableGroups": [
        "$Coupons-IaaS-STG$"
      ],
      "preDeployApprovals": {
        "approvals": [
          {
            "rank": 1,
            "isAutomated": true,
            "isNotificationOn": false,
            "id": 42
          }
        ],
        "approvalOptions": {
          "requiredApproverCount": null,
          "releaseCreatorCanBeApprover": false,
          "autoTriggeredAndPreviousEnvironmentApprovedCanBeSkipped": false,
          "enforceIdentityRevalidation": false,
          "timeoutInMinutes": 0,
          "executionOrder": "beforeGates"
        }
      },
      "deployStep": {
        "id": 51
      },
      "postDeployApprovals": {
        "approvals": [
          {
            "rank": 1,
            "isAutomated": true,
            "isNotificationOn": false,
            "id": 62
          }
        ],
        "approvalOptions": {
          "requiredApproverCount": null,
          "releaseCreatorCanBeApprover": false,
          "autoTriggeredAndPreviousEnvironmentApprovedCanBeSkipped": false,
          "enforceIdentityRevalidation": false,
          "timeoutInMinutes": 0,
          "executionOrder": "afterSuccessfulGates"
        }
      },
      "deployPhases": [
        {
          "deploymentInput": {
            "parallelExecution": {
              "parallelExecutionType": "none"
            },
            "agentSpecification": {
              "identifier": "vs2017-win2016"
            },
            "skipArtifactsDownload": false,
            "artifactsDownloadInput": {
              "downloadInputs": []
            },
            "queueId": "$Azure Pipelines$",
            "demands": [],
            "enableAccessToken": false,
            "timeoutInMinutes": 0,
            "jobCancelTimeoutInMinutes": 1,
            "condition": "succeeded()",
            "overrideInputs": {}
          },
          "rank": 1,
          "phaseType": "agentBasedDeployment",
          "name": "Deploy application",
          "refName": null,
          "workflowTasks": [
            {
              "environment": {},
              "taskId": "fdb5a98d-3737-4116-b5d2-9adadeb459ef",
              "version": "1.*",
              "name": "Coupons Environment setup",
              "refName": "",
              "enabled": true,
              "alwaysRun": true,
              "continueOnError": true,
              "timeoutInMinutes": 0,
              "definitionType": "metaTask",
              "overrideInputs": {},
              "condition": "succeededOrFailed()",
              "inputs": {
                "appImageID": "$(appImageID)",
                "appprefix": "$(appprefix)",
                "appSubnet": "$(appSubnet)",
                "appVnet": "$(appVnet)",
                "databasepassword": "$(databasepassword)",
                "databaseusername": "$(databaseusername)",
                "dataImageID": "$(dataImageID)",
                "dataprivateip": "$(dataprivateip)",
                "dataSubnet": "$(dataSubnet)",
                "dataVnet": "$(dataVnet)",
                "location": "$(location)",
                "resourcegroup": "$(resourcegroup)",
                "storageAccount": "$(storageAccount)",
                "vmadmin": "$(vmadmin)",
                "vmpassword": "$(vmpassword)"
              }
            },
            {
              "environment": {},
              "taskId": "e213ff0f-5d5c-4791-802d-52ea3e7be1f1",
              "version": "2.*",
              "name": "Warmup Tomcat Manager",
              "refName": "",
              "enabled": true,
              "alwaysRun": false,
              "continueOnError": false,
              "timeoutInMinutes": 0,
              "definitionType": "task",
              "overrideInputs": {},
              "condition": "succeeded()",
              "inputs": {
                "targetType": "inline",
                "filePath": "",
                "arguments": "",
                "script": "$baseUrl = \"http://$(apppublicip):8080/manager/text\"\n$User = \"manager\"\n$PWord = ConvertTo-SecureString -String \"manager@123\" -AsPlainText -Force\n$Credential = New-Object -TypeName System.Management.Automation.PSCredential -ArgumentList $User, $PWord\n\nWrite-Host $baseUrl\n\n$retries = 5\nwhile ($retries -gt 0) \n{\n    try\n    {    \n        Invoke-RestMethod -Method Get -Uri \"$baseUrl/list\" -Credential $Credential -TimeoutSec 90\n        Invoke-RestMethod -Method Get -Uri \"$baseUrl/serverinfo\" -Credential $Credential -TimeoutSec 90\n        Invoke-RestMethod -Method Get -Uri \"$baseUrl/stop?path=/examples\" -Credential $Credential -TimeoutSec 90\n        Invoke-RestMethod -Method Get -Uri \"$baseUrl/start?path=/examples\" -Credential $Credential -TimeoutSec 90\n        break;\n    }\n    catch\n    {\n        Write-Host 'Error' $_.Exception\n       \n        $retries--\n        if($retries -le 0)\n        {\n            throw\n        }\n\n        Start-Sleep -Seconds 10\n    }\n }\n",
                "errorActionPreference": "stop",
                "failOnStderr": "false",
                "ignoreLASTEXITCODE": "false",
                "pwsh": "false",
                "workingDirectory": ""
              }
            },
            {
              "environment": {},
              "taskId": "5d93dbe2-e57f-4b7c-a872-1e6b80a01904",
              "version": "0.*",
              "name": "Deploy application to a Tomcat server",
              "refName": "",
              "enabled": true,
              "alwaysRun": false,
              "continueOnError": true,
              "timeoutInMinutes": 0,
              "definitionType": "task",
              "overrideInputs": {},
              "condition": "succeeded()",
              "inputs": {
                "TomcatUrl": "http://$(apppublicip):8080",
                "Username": "manager",
                "Password": "manager@123",
                "Warfile": "$(System.DefaultWorkingDirectory)/_Coupons-CI/drop/target/ROOT.war",
                "Context": "/",
                "ServerVersion": "7OrAbove"
              }
            }
          ]
        }
      ],
      "environmentOptions": {
        "emailNotificationType": "OnlyOnFailure",
        "emailRecipients": "release.environment.owner;release.creator",
        "skipArtifactsDownload": false,
        "timeoutInMinutes": 0,
        "enableAccessToken": false,
        "publishDeploymentStatus": true,
        "badgeEnabled": false,
        "autoLinkWorkItems": false,
        "pullRequestDeploymentEnabled": false
      },
      "demands": [],
      "conditions": [
        {
          "name": "Release to SIT",
          "conditionType": "environmentState",
          "value": "4"
        }
      ],
      "executionPolicy": {
        "concurrencyCount": 1,
        "queueDepthCount": 0
      },
      "schedules": [],
      "currentRelease": {
        "id": 39,
        "url": "https://vsrm.dev.azure.com/abcdsse/eb1ae3df-fc9c-424e-817f-f42f8315de2d/_apis/Release/releases/39",
        "_links": {}
      },
      "retentionPolicy": {
        "daysToKeep": 30,
        "releasesToKeep": 3,
        "retainBuild": true
      },
      "processParameters": {},
      "properties": {
        "LinkBoardsWorkItems": {
          "$type": "System.String",
          "$value": "False"
        }
      },
      "preDeploymentGates": {
        "id": 0,
        "gatesOptions": null,
        "gates": []
      },
      "postDeploymentGates": {
        "id": 0,
        "gatesOptions": null,
        "gates": []
      },
      "environmentTriggers": [],
      "badgeUrl": ""
    },
    {
      "id": 19,
      "name": "Undeploy SIT",
      "rank": 7,
      "owner": {
        "displayName": "$OwnerDisplayName$",
        "url": "",
        "_links": "{}",
        "id": "$OwnerId$",
        "uniqueName": "$OwnerUniqueName$",
        "imageUrl": "",
        "descriptor": ""
      },
      "variables": {},
      "variableGroups": [
        "$Coupons-IaaS-SIT$"
      ],
      "preDeployApprovals": {
        "approvals": [
          {
            "rank": 1,
            "isAutomated": true,
            "isNotificationOn": false,
            "id": 44
          }
        ],
        "approvalOptions": {
          "requiredApproverCount": null,
          "releaseCreatorCanBeApprover": false,
          "autoTriggeredAndPreviousEnvironmentApprovedCanBeSkipped": false,
          "enforceIdentityRevalidation": false,
          "timeoutInMinutes": 0,
          "executionOrder": "beforeGates"
        }
      },
      "deployStep": {
        "id": 49
      },
      "postDeployApprovals": {
        "approvals": [
          {
            "rank": 1,
            "isAutomated": true,
            "isNotificationOn": false,
            "id": 64
          }
        ],
        "approvalOptions": {
          "requiredApproverCount": null,
          "releaseCreatorCanBeApprover": false,
          "autoTriggeredAndPreviousEnvironmentApprovedCanBeSkipped": false,
          "enforceIdentityRevalidation": false,
          "timeoutInMinutes": 0,
          "executionOrder": "afterSuccessfulGates"
        }
      },
      "deployPhases": [
        {
          "deploymentInput": {
            "parallelExecution": {
              "parallelExecutionType": "none"
            },
            "agentSpecification": {
              "identifier": "vs2017-win2016"
            },
            "skipArtifactsDownload": false,
            "artifactsDownloadInput": {
              "downloadInputs": []
            },
            "queueId": "$Azure Pipelines$",
            "demands": [],
            "enableAccessToken": false,
            "timeoutInMinutes": 0,
            "jobCancelTimeoutInMinutes": 1,
            "condition": "succeeded()",
            "overrideInputs": {}
          },
          "rank": 1,
          "phaseType": "agentBasedDeployment",
          "name": "Agent job",
          "refName": null,
          "workflowTasks": [
            {
              "environment": {},
              "taskId": "72a1931b-effb-4d2e-8fd8-f8472a07cb62",
              "version": "4.*",
              "name": "Azure PowerShell script: FilePath",
              "refName": "",
              "enabled": true,
              "alwaysRun": false,
              "continueOnError": false,
              "timeoutInMinutes": 0,
              "definitionType": "task",
              "overrideInputs": {},
              "condition": "succeeded()",
              "inputs": {
                "ConnectedServiceNameARM": "",
                "ScriptType": "FilePath",
                "ScriptPath": "$(System.DefaultWorkingDirectory)/_Coupons-CI/drop/IaC/scripts/Undeploy.ps1",
                "Inline": "# You can write your azure powershell scripts inline here. \n# You can also pass predefined and custom variables to this script using arguments",
                "ScriptArguments": "-ResourceGroupName $(resourcegroup) -WebVmName $(appprefix)-app -DataVmName $(appprefix)-data -JumpboxVmName $(appprefix)-jbjbox -JumpboxVmScalesetName $(appprefix)-jb",
                "errorActionPreference": "stop",
                "FailOnStandardError": "false",
                "TargetAzurePs": "LatestVersion",
                "CustomTargetAzurePs": ""
              }
            }
          ]
        }
      ],
      "environmentOptions": {
        "emailNotificationType": "OnlyOnFailure",
        "emailRecipients": "release.environment.owner;release.creator",
        "skipArtifactsDownload": false,
        "timeoutInMinutes": 0,
        "enableAccessToken": false,
        "publishDeploymentStatus": true,
        "badgeEnabled": false,
        "autoLinkWorkItems": false,
        "pullRequestDeploymentEnabled": false
      },
      "demands": [],
      "conditions": [
        {
          "name": "Release to SIT",
          "conditionType": "environmentState",
          "value": "4"
        }
      ],
      "executionPolicy": {
        "concurrencyCount": 1,
        "queueDepthCount": 0
      },
      "schedules": [],
      "currentRelease": {
        "id": 0,
        "url": "https://vsrm.dev.azure.com/abcdsse/eb1ae3df-fc9c-424e-817f-f42f8315de2d/_apis/Release/releases/0",
        "_links": {}
      },
      "retentionPolicy": {
        "daysToKeep": 30,
        "releasesToKeep": 3,
        "retainBuild": true
      },
      "processParameters": {},
      "properties": {
        "LinkBoardsWorkItems": {
          "$type": "System.String",
          "$value": "False"
        }
      },
      "preDeploymentGates": {
        "id": 0,
        "gatesOptions": null,
        "gates": []
      },
      "postDeploymentGates": {
        "id": 0,
        "gatesOptions": null,
        "gates": []
      },
      "environmentTriggers": [],
      "badgeUrl": ""
    },
    {
      "id": 20,
      "name": "Release to PRD",
      "rank": 8,
      "owner": {
        "displayName": "$OwnerDisplayName$",
        "url": "",
        "_links": "{}",
        "id": "$OwnerId$",
        "uniqueName": "$OwnerUniqueName$",
        "imageUrl": "",
        "descriptor": ""
      },
      "variables": {},
      "variableGroups": [
        "$Coupons-IaaS-PRD$"
      ],
      "preDeployApprovals": {
        "approvals": [
          {
            "rank": 1,
            "isAutomated": false,
            "isNotificationOn": false,
            "approver": {
              "displayName": "[mytest]\\mytest Team",
              "url": "https://spsprodcus2.vssps.visualstudio.com/Ab558cd06-5b68-466b-95bd-7b709e2862f0/_apis/Identities/f4817093-c23a-409b-b126-0262ca79ead8",
              "_links": {
                "avatar": {
                  "href": "https://dev.azure.com/abcdsse/_apis/GraphProfile/MemberAvatars/vssgp.Uy0xLTktMTU1MTM3NDI0NS0zNzU2MjAyNzMxLTI2MzM3ODA4MDItMjE3MjY0NjQ0Ny0yMTk5MjQ4NDI5LTEtMjU5MDMwNDIyMC00NTE0NTkyMy0yNDU0MDU5NTk5LTEyMjk4MjM4NTE"
                }
              },
              "id": "f4817093-c23a-409b-b126-0262ca79ead8",
              "uniqueName": "vstfs:///Classification/TeamProject/eb1ae3df-fc9c-424e-817f-f42f8315de2d\\mytest Team",
              "imageUrl": "https://dev.azure.com/abcdsse/_apis/GraphProfile/MemberAvatars/vssgp.Uy0xLTktMTU1MTM3NDI0NS0zNzU2MjAyNzMxLTI2MzM3ODA4MDItMjE3MjY0NjQ0Ny0yMTk5MjQ4NDI5LTEtMjU5MDMwNDIyMC00NTE0NTkyMy0yNDU0MDU5NTk5LTEyMjk4MjM4NTE",
              "isContainer": true,
              "descriptor": "vssgp.Uy0xLTktMTU1MTM3NDI0NS0zNzU2MjAyNzMxLTI2MzM3ODA4MDItMjE3MjY0NjQ0Ny0yMTk5MjQ4NDI5LTEtMjU5MDMwNDIyMC00NTE0NTkyMy0yNDU0MDU5NTk5LTEyMjk4MjM4NTE"
            },
            "id": 260
          }
        ],
        "approvalOptions": {
          "requiredApproverCount": null,
          "releaseCreatorCanBeApprover": true,
          "autoTriggeredAndPreviousEnvironmentApprovedCanBeSkipped": false,
          "enforceIdentityRevalidation": false,
          "timeoutInMinutes": 0,
          "executionOrder": "beforeGates"
        }
      },
      "deployStep": {
        "id": 50
      },
      "postDeployApprovals": {
        "approvals": [
          {
            "rank": 1,
            "isAutomated": true,
            "isNotificationOn": false,
            "id": 63
          }
        ],
        "approvalOptions": {
          "requiredApproverCount": null,
          "releaseCreatorCanBeApprover": false,
          "autoTriggeredAndPreviousEnvironmentApprovedCanBeSkipped": false,
          "enforceIdentityRevalidation": false,
          "timeoutInMinutes": 0,
          "executionOrder": "afterSuccessfulGates"
        }
      },
      "deployPhases": [
        {
          "deploymentInput": {
            "parallelExecution": {
              "parallelExecutionType": "none"
            },
            "agentSpecification": {
              "identifier": "vs2017-win2016"
            },
            "skipArtifactsDownload": false,
            "artifactsDownloadInput": {
              "downloadInputs": []
            },
            "queueId": "$Azure Pipelines$",
            "demands": [],
            "enableAccessToken": false,
            "timeoutInMinutes": 0,
            "jobCancelTimeoutInMinutes": 1,
            "condition": "succeeded()",
            "overrideInputs": {}
          },
          "rank": 1,
          "phaseType": "agentBasedDeployment",
          "name": "Deploy application",
          "refName": null,
          "workflowTasks": [
            {
              "environment": {},
              "taskId": "fdb5a98d-3737-4116-b5d2-9adadeb459ef",
              "version": "1.*",
              "name": "Coupons Environment setup",
              "refName": "",
              "enabled": true,
              "alwaysRun": true,
              "continueOnError": true,
              "timeoutInMinutes": 0,
              "definitionType": "metaTask",
              "overrideInputs": {},
              "condition": "succeededOrFailed()",
              "inputs": {
                "appImageID": "$(appImageID)",
                "appprefix": "$(appprefix)",
                "appSubnet": "$(appSubnet)",
                "appVnet": "$(appVnet)",
                "databasepassword": "$(databasepassword)",
                "databaseusername": "$(databaseusername)",
                "dataImageID": "$(dataImageID)",
                "dataprivateip": "$(dataprivateip)",
                "dataSubnet": "$(dataSubnet)",
                "dataVnet": "$(dataVnet)",
                "location": "$(location)",
                "resourcegroup": "$(resourcegroup)",
                "storageAccount": "$(storageAccount)",
                "vmadmin": "$(vmadmin)",
                "vmpassword": "$(vmpassword)"
              }
            },
            {
              "environment": {},
              "taskId": "e213ff0f-5d5c-4791-802d-52ea3e7be1f1",
              "version": "2.*",
              "name": "Warmup Tomcat Manager",
              "refName": "",
              "enabled": true,
              "alwaysRun": false,
              "continueOnError": false,
              "timeoutInMinutes": 0,
              "definitionType": "task",
              "overrideInputs": {},
              "condition": "succeeded()",
              "inputs": {
                "targetType": "inline",
                "filePath": "",
                "arguments": "",
                "script": "$baseUrl = \"http://$(apppublicip):8080/manager/text\"\n$User = \"manager\"\n$PWord = ConvertTo-SecureString -String \"manager@123\" -AsPlainText -Force\n$Credential = New-Object -TypeName System.Management.Automation.PSCredential -ArgumentList $User, $PWord\n\nWrite-Host $baseUrl\n\n$retries = 5\nwhile ($retries -gt 0) \n{\n    try\n    {    \n        Invoke-RestMethod -Method Get -Uri \"$baseUrl/list\" -Credential $Credential -TimeoutSec 90\n        Invoke-RestMethod -Method Get -Uri \"$baseUrl/serverinfo\" -Credential $Credential -TimeoutSec 90\n        Invoke-RestMethod -Method Get -Uri \"$baseUrl/stop?path=/examples\" -Credential $Credential -TimeoutSec 90\n        Invoke-RestMethod -Method Get -Uri \"$baseUrl/start?path=/examples\" -Credential $Credential -TimeoutSec 90\n        break;\n    }\n    catch\n    {\n        Write-Host 'Error' $_.Exception\n       \n        $retries--\n        if($retries -le 0)\n        {\n            throw\n        }\n\n        Start-Sleep -Seconds 10\n    }\n }\n",
                "errorActionPreference": "stop",
                "failOnStderr": "false",
                "ignoreLASTEXITCODE": "false",
                "pwsh": "false",
                "workingDirectory": ""
              }
            },
            {
              "environment": {},
              "taskId": "5d93dbe2-e57f-4b7c-a872-1e6b80a01904",
              "version": "0.*",
              "name": "Deploy application to a Tomcat server",
              "refName": "",
              "enabled": true,
              "alwaysRun": false,
              "continueOnError": true,
              "timeoutInMinutes": 0,
              "definitionType": "task",
              "overrideInputs": {},
              "condition": "succeeded()",
              "inputs": {
                "TomcatUrl": "http://$(apppublicip):8080",
                "Username": "manager",
                "Password": "manager@123",
                "Warfile": "$(System.DefaultWorkingDirectory)/_Coupons-CI/drop/target/ROOT.war",
                "Context": "/",
                "ServerVersion": "7OrAbove"
              }
            }
          ]
        }
      ],
      "environmentOptions": {
        "emailNotificationType": "OnlyOnFailure",
        "emailRecipients": "release.environment.owner;release.creator",
        "skipArtifactsDownload": false,
        "timeoutInMinutes": 0,
        "enableAccessToken": false,
        "publishDeploymentStatus": true,
        "badgeEnabled": false,
        "autoLinkWorkItems": false,
        "pullRequestDeploymentEnabled": false
      },
      "demands": [],
      "conditions": [
        {
          "name": "Release to STG",
          "conditionType": "environmentState",
          "value": "4"
        }
      ],
      "executionPolicy": {
        "concurrencyCount": 1,
        "queueDepthCount": 0
      },
      "schedules": [],
      "currentRelease": {
        "id": 39,
        "url": "https://vsrm.dev.azure.com/abcdsse/eb1ae3df-fc9c-424e-817f-f42f8315de2d/_apis/Release/releases/39",
        "_links": {}
      },
      "retentionPolicy": {
        "daysToKeep": 30,
        "releasesToKeep": 3,
        "retainBuild": true
      },
      "processParameters": {},
      "properties": {
        "LinkBoardsWorkItems": {
          "$type": "System.String",
          "$value": "False"
        }
      },
      "preDeploymentGates": {
        "id": 0,
        "gatesOptions": null,
        "gates": []
      },
      "postDeploymentGates": {
        "id": 0,
        "gatesOptions": null,
        "gates": []
      },
      "environmentTriggers": [],
      "badgeUrl": ""
    },
    {
      "id": 21,
      "name": "Undeploy STG",
      "rank": 9,
      "owner": {
        "displayName": "$OwnerDisplayName$",
        "url": "",
        "_links": "{}",
        "id": "$OwnerId$",
        "uniqueName": "$OwnerUniqueName$",
        "imageUrl": "",
        "descriptor": ""
      },
      "variables": {},
      "variableGroups": [
        "$Coupons-IaaS-STG$"
      ],
      "preDeployApprovals": {
        "approvals": [
          {
            "rank": 1,
            "isAutomated": true,
            "isNotificationOn": false,
            "id": 45
          }
        ],
        "approvalOptions": {
          "requiredApproverCount": null,
          "releaseCreatorCanBeApprover": false,
          "autoTriggeredAndPreviousEnvironmentApprovedCanBeSkipped": false,
          "enforceIdentityRevalidation": false,
          "timeoutInMinutes": 0,
          "executionOrder": "beforeGates"
        }
      },
      "deployStep": {
        "id": 48
      },
      "postDeployApprovals": {
        "approvals": [
          {
            "rank": 1,
            "isAutomated": true,
            "isNotificationOn": false,
            "id": 65
          }
        ],
        "approvalOptions": {
          "requiredApproverCount": null,
          "releaseCreatorCanBeApprover": false,
          "autoTriggeredAndPreviousEnvironmentApprovedCanBeSkipped": false,
          "enforceIdentityRevalidation": false,
          "timeoutInMinutes": 0,
          "executionOrder": "afterSuccessfulGates"
        }
      },
      "deployPhases": [
        {
          "deploymentInput": {
            "parallelExecution": {
              "parallelExecutionType": "none"
            },
            "agentSpecification": {
              "identifier": "vs2017-win2016"
            },
            "skipArtifactsDownload": false,
            "artifactsDownloadInput": {
              "downloadInputs": []
            },
            "queueId": "$Azure Pipelines$",
            "demands": [],
            "enableAccessToken": false,
            "timeoutInMinutes": 0,
            "jobCancelTimeoutInMinutes": 1,
            "condition": "succeeded()",
            "overrideInputs": {}
          },
          "rank": 1,
          "phaseType": "agentBasedDeployment",
          "name": "Agent job",
          "refName": null,
          "workflowTasks": [
            {
              "environment": {},
              "taskId": "72a1931b-effb-4d2e-8fd8-f8472a07cb62",
              "version": "4.*",
              "name": "Azure PowerShell script: FilePath",
              "refName": "",
              "enabled": true,
              "alwaysRun": false,
              "continueOnError": false,
              "timeoutInMinutes": 0,
              "definitionType": "task",
              "overrideInputs": {},
              "condition": "succeeded()",
              "inputs": {
                "ConnectedServiceNameARM": "",
                "ScriptType": "FilePath",
                "ScriptPath": "$(System.DefaultWorkingDirectory)/_Coupons-CI/drop/IaC/scripts/Undeploy.ps1",
                "Inline": "# You can write your azure powershell scripts inline here. \n# You can also pass predefined and custom variables to this script using arguments",
                "ScriptArguments": "-ResourceGroupName $(resourcegroup) -WebVmName $(appprefix)-app -DataVmName $(appprefix)-data -JumpboxVmName $(appprefix)-jbjbox -JumpboxVmScalesetName $(appprefix)-jb",
                "errorActionPreference": "stop",
                "FailOnStandardError": "false",
                "TargetAzurePs": "LatestVersion",
                "CustomTargetAzurePs": ""
              }
            }
          ]
        }
      ],
      "environmentOptions": {
        "emailNotificationType": "OnlyOnFailure",
        "emailRecipients": "release.environment.owner;release.creator",
        "skipArtifactsDownload": false,
        "timeoutInMinutes": 0,
        "enableAccessToken": false,
        "publishDeploymentStatus": true,
        "badgeEnabled": false,
        "autoLinkWorkItems": false,
        "pullRequestDeploymentEnabled": false
      },
      "demands": [],
      "conditions": [
        {
          "name": "Release to STG",
          "conditionType": "environmentState",
          "value": "4"
        }
      ],
      "executionPolicy": {
        "concurrencyCount": 1,
        "queueDepthCount": 0
      },
      "schedules": [],
      "currentRelease": {
        "id": 0,
        "url": "https://vsrm.dev.azure.com/abcdsse/eb1ae3df-fc9c-424e-817f-f42f8315de2d/_apis/Release/releases/0",
        "_links": {}
      },
      "retentionPolicy": {
        "daysToKeep": 30,
        "releasesToKeep": 3,
        "retainBuild": true
      },
      "processParameters": {},
      "properties": {
        "LinkBoardsWorkItems": {
          "$type": "System.String",
          "$value": "False"
        }
      },
      "preDeploymentGates": {
        "id": 0,
        "gatesOptions": null,
        "gates": []
      },
      "postDeploymentGates": {
        "id": 0,
        "gatesOptions": null,
        "gates": []
      },
      "environmentTriggers": [],
      "badgeUrl": ""
    },
    {
      "id": 22,
      "name": "Undeploy PRD",
      "rank": 10,
      "owner": {
        "displayName": "$OwnerDisplayName$",
        "url": "",
        "_links": "{}",
        "id": "$OwnerId$",
        "uniqueName": "$OwnerUniqueName$",
        "imageUrl": "",
        "descriptor": ""
      },
      "variables": {},
      "variableGroups": [
        "$Coupons-IaaS-PRD$"
      ],
      "preDeployApprovals": {
        "approvals": [
          {
            "rank": 1,
            "isAutomated": true,
            "isNotificationOn": false,
            "id": 46
          }
        ],
        "approvalOptions": {
          "requiredApproverCount": null,
          "releaseCreatorCanBeApprover": false,
          "autoTriggeredAndPreviousEnvironmentApprovedCanBeSkipped": false,
          "enforceIdentityRevalidation": false,
          "timeoutInMinutes": 0,
          "executionOrder": "beforeGates"
        }
      },
      "deployStep": {
        "id": 47
      },
      "postDeployApprovals": {
        "approvals": [
          {
            "rank": 1,
            "isAutomated": true,
            "isNotificationOn": false,
            "id": 66
          }
        ],
        "approvalOptions": {
          "requiredApproverCount": null,
          "releaseCreatorCanBeApprover": false,
          "autoTriggeredAndPreviousEnvironmentApprovedCanBeSkipped": false,
          "enforceIdentityRevalidation": false,
          "timeoutInMinutes": 0,
          "executionOrder": "afterSuccessfulGates"
        }
      },
      "deployPhases": [
        {
          "deploymentInput": {
            "parallelExecution": {
              "parallelExecutionType": "none"
            },
            "agentSpecification": {
              "identifier": "vs2017-win2016"
            },
            "skipArtifactsDownload": false,
            "artifactsDownloadInput": {
              "downloadInputs": [
                {
                  "alias": "_Coupons-CI",
                  "artifactType": "Build",
                  "artifactDownloadMode": "All",
                  "artifactItems": []
                }
              ]
            },
            "queueId": "$Azure Pipelines$",
            "demands": [],
            "enableAccessToken": false,
            "timeoutInMinutes": 0,
            "jobCancelTimeoutInMinutes": 1,
            "condition": "succeeded()",
            "overrideInputs": {}
          },
          "rank": 1,
          "phaseType": "agentBasedDeployment",
          "name": "Agent job",
          "refName": null,
          "workflowTasks": [
            {
              "environment": {},
              "taskId": "72a1931b-effb-4d2e-8fd8-f8472a07cb62",
              "version": "4.*",
              "name": "Azure PowerShell script: FilePath",
              "refName": "",
              "enabled": true,
              "alwaysRun": false,
              "continueOnError": false,
              "timeoutInMinutes": 0,
              "definitionType": "task",
              "overrideInputs": {},
              "condition": "succeeded()",
              "inputs": {
                "ConnectedServiceNameARM": "",
                "ScriptType": "FilePath",
                "ScriptPath": "$(System.DefaultWorkingDirectory)/_Coupons-CI/drop/IaC/scripts/Undeploy.ps1",
                "Inline": "# You can write your azure powershell scripts inline here. \n# You can also pass predefined and custom variables to this script using arguments",
                "ScriptArguments": "-ResourceGroupName $(resourcegroup) -WebVmName $(appprefix)-app -DataVmName $(appprefix)-data -JumpboxVmName $(appprefix)-jbjbox -JumpboxVmScalesetName $(appprefix)-jb",
                "errorActionPreference": "stop",
                "FailOnStandardError": "false",
                "TargetAzurePs": "LatestVersion",
                "CustomTargetAzurePs": ""
              }
            }
          ]
        }
      ],
      "environmentOptions": {
        "emailNotificationType": "OnlyOnFailure",
        "emailRecipients": "release.environment.owner;release.creator",
        "skipArtifactsDownload": false,
        "timeoutInMinutes": 0,
        "enableAccessToken": false,
        "publishDeploymentStatus": true,
        "badgeEnabled": false,
        "autoLinkWorkItems": false,
        "pullRequestDeploymentEnabled": false
      },
      "demands": [],
      "conditions": [
        {
          "name": "Release to PRD",
          "conditionType": "environmentState",
          "value": "4"
        }
      ],
      "executionPolicy": {
        "concurrencyCount": 1,
        "queueDepthCount": 0
      },
      "schedules": [],
      "currentRelease": {
        "id": 0,
        "url": "https://vsrm.dev.azure.com/abcdsse/eb1ae3df-fc9c-424e-817f-f42f8315de2d/_apis/Release/releases/0",
        "_links": {}
      },
      "retentionPolicy": {
        "daysToKeep": 30,
        "releasesToKeep": 3,
        "retainBuild": true
      },
      "processParameters": {},
      "properties": {
        "LinkBoardsWorkItems": {
          "$type": "System.String",
          "$value": "False"
        }
      },
      "preDeploymentGates": {
        "id": 0,
        "gatesOptions": null,
        "gates": []
      },
      "postDeploymentGates": {
        "id": 0,
        "gatesOptions": null,
        "gates": []
      },
      "environmentTriggers": [],
      "badgeUrl": ""
    }
  ],
  "artifacts": [
    {
      "sourceId": "$ProjectId$:$Coupons-CI-Base-id$",
      "type": "Build",
      "alias": "_Coupons-CI",
      "definitionReference": {
        "artifactSourceDefinitionUrl": "{}",
        "defaultVersionBranch": {
          "id": "",
          "name": ""
        },
        "defaultVersionSpecific": {
          "id": "",
          "name": ""
        },
        "defaultVersionTags": {
          "id": "",
          "name": ""
        },
        "defaultVersionType": {
          "id": "latestType",
          "name": "Latest"
        },
        "definition": {
          "id": "$Coupons-CI-Base-id$",
          "name": "Coupons-CI-Base"
        },
        "definitions": {
          "id": "",
          "name": ""
        },
        "IsMultiDefinitionType": {
          "id": "False",
          "name": "False"
        },
        "project": {
          "id": "$ProjectId$",
          "name": "$ProjectName$"
        },
        "repository": {
          "id": "",
          "name": ""
        }
      },
      "isPrimary": true,
      "isRetained": false
    }
  ],
  "triggers": [],
  "releaseNameFormat": "Release-$(rev:r)",
  "tags": [],
  "properties": {
    "DefinitionCreationSource": {
      "$type": "System.String",
      "$value": "ReleaseImport"
    },
    "IntegrateBoardsWorkItems": {
      "$type": "System.String",
      "$value": "False"
    },
    "IntegrateJiraWorkItems": {
      "$type": "System.String",
      "$value": "false"
    }
  },
  "id": "",
  "name": "Coupons-CD",
  "path": "\\DevOps-Dojo-Coupons-CD (for reference)",
  "projectReference": null,
  "url": "",
  "_links": "{}"
}