{
  "source": "userInterface",
  "revision": 5,
  "description": null,
  "createdBy": "{}",
  "createdOn": "",
  "modifiedBy": "{}",
  "modifiedOn": "",
  "isDeleted": false,
  "lastRelease": {
    "id": 74,
    "name": "Release-5",
    "artifacts": [],
    "_links": {},
    "description": "",
    "releaseDefinition": {
      "id": 6,
      "projectReference": null,
      "_links": {}
    },
    "createdOn": "2019-11-28T13:48:14.92Z",
    "createdBy": {
      "displayName": "Coach",
      "url": "https://spsprodcus2.vssps.visualstudio.com/Ab558cd06-5b68-466b-95bd-7b709e2862f0/_apis/Identities/6227bc16-1ac7-6b4f-8e63-f1cf27344f7f",
      "_links": {
        "avatar": {
          "href": "https://dev.azure.com/abcdsse/_apis/GraphProfile/MemberAvatars/aad.YmMyYzJmZmUtZTVhZC03YzU3LWI4Y2MtYTZjNzNlMDFhMDA1"
        }
      },
      "id": "6227bc16-1ac7-6b4f-8e63-f1cf27344f7f",
      "uniqueName": "Coach@DOJOAAWB.onmicrosoft.com",
      "imageUrl": "https://dev.azure.com/abcdsse/_apis/GraphProfile/MemberAvatars/aad.YmMyYzJmZmUtZTVhZC03YzU3LWI4Y2MtYTZjNzNlMDFhMDA1",
      "descriptor": "aad.YmMyYzJmZmUtZTVhZC03YzU3LWI4Y2MtYTZjNzNlMDFhMDA1"
    }
  },
  "variables": {},
  "variableGroups": [
    "$All-Stages-Coupon$"
  ],
  "environments": [
    {
      "id": 43,
      "name": "Release to DEV",
      "rank": 1,
      "owner": {
        "displayName": "$OwnerDisplayName$",
        "url": "",
        "_links": "{}",
        "id": "$OwnerId$",
        "uniqueName": "$OwnerUniqueName$",
        "imageUrl": "",
        "descriptor": ""
      },
      "variables": {},
      "variableGroups": [
        "$Coupons-IaaS-Dev$"
      ],
      "preDeployApprovals": {
        "approvals": [
          {
            "rank": 1,
            "isAutomated": true,
            "isNotificationOn": false,
            "id": 127
          }
        ],
        "approvalOptions": {
          "requiredApproverCount": null,
          "releaseCreatorCanBeApprover": false,
          "autoTriggeredAndPreviousEnvironmentApprovedCanBeSkipped": false,
          "enforceIdentityRevalidation": false,
          "timeoutInMinutes": 0,
          "executionOrder": "beforeGates"
        }
      },
      "deployStep": {
        "id": 146
      },
      "postDeployApprovals": {
        "approvals": [
          {
            "rank": 1,
            "isAutomated": true,
            "isNotificationOn": false,
            "id": 147
          }
        ],
        "approvalOptions": {
          "requiredApproverCount": null,
          "releaseCreatorCanBeApprover": false,
          "autoTriggeredAndPreviousEnvironmentApprovedCanBeSkipped": false,
          "enforceIdentityRevalidation": false,
          "timeoutInMinutes": 0,
          "executionOrder": "afterSuccessfulGates"
        }
      },
      "deployPhases": [
        {
          "deploymentInput": {
            "parallelExecution": {
              "parallelExecutionType": "none"
            },
            "agentSpecification": {
              "identifier": "vs2017-win2016"
            },
            "skipArtifactsDownload": false,
            "artifactsDownloadInput": {
              "downloadInputs": []
            },
            "queueId": "$Azure Pipelines$",
            "demands": [],
            "enableAccessToken": false,
            "timeoutInMinutes": 0,
            "jobCancelTimeoutInMinutes": 1,
            "condition": "succeeded()",
            "overrideInputs": {}
          },
          "rank": 1,
          "phaseType": "agentBasedDeployment",
          "name": "Deploy application",
          "refName": null,
          "workflowTasks": [
            {
              "environment": {},
              "taskId": "fdb5a98d-3737-4116-b5d2-9adadeb459ef",
              "version": "1.*",
              "name": "Coupons Environment setup",
              "refName": "",
              "enabled": true,
              "alwaysRun": true,
              "continueOnError": true,
              "timeoutInMinutes": 0,
              "definitionType": "metaTask",
              "overrideInputs": {},
              "condition": "succeededOrFailed()",
              "inputs": {
                "appImageID": "$(appImageID)",
                "appprefix": "$(appprefix)",
                "appSubnet": "$(appSubnet)",
                "appVnet": "$(appVnet)",
                "databasepassword": "$(databasepassword)",
                "databaseusername": "$(databaseusername)",
                "dataImageID": "$(dataImageID)",
                "dataprivateip": "$(dataprivateip)",
                "dataSubnet": "$(dataSubnet)",
                "dataVnet": "$(dataVnet)",
                "location": "$(location)",
                "resourcegroup": "$(resourcegroup)",
                "storageAccount": "$(storageAccount)",
                "vmadmin": "$(vmadmin)",
                "vmpassword": "$(vmpassword)"
              }
            },
            {
              "environment": {},
              "taskId": "e213ff0f-5d5c-4791-802d-52ea3e7be1f1",
              "version": "2.*",
              "name": "Warmup Tomcat Manager",
              "refName": "",
              "enabled": true,
              "alwaysRun": false,
              "continueOnError": false,
              "timeoutInMinutes": 0,
              "definitionType": "task",
              "overrideInputs": {},
              "condition": "succeeded()",
              "inputs": {
                "targetType": "inline",
                "filePath": "",
                "arguments": "",
                "script": "$baseUrl = \"http://$(apppublicip):8080/manager/text\"\n$User = \"manager\"\n$PWord = ConvertTo-SecureString -String \"manager@123\" -AsPlainText -Force\n$Credential = New-Object -TypeName System.Management.Automation.PSCredential -ArgumentList $User, $PWord\n\nWrite-Host $baseUrl\n\n$retries = 5\nwhile ($retries -gt 0) \n{\n    try\n    {    \n        Invoke-RestMethod -Method Get -Uri \"$baseUrl/list\" -Credential $Credential -TimeoutSec 90\n        Invoke-RestMethod -Method Get -Uri \"$baseUrl/serverinfo\" -Credential $Credential -TimeoutSec 90\n        Invoke-RestMethod -Method Get -Uri \"$baseUrl/stop?path=/examples\" -Credential $Credential -TimeoutSec 90\n        Invoke-RestMethod -Method Get -Uri \"$baseUrl/start?path=/examples\" -Credential $Credential -TimeoutSec 90\n        break;\n    }\n    catch\n    {\n        Write-Host 'Error' $_.Exception\n       \n        $retries--\n        if($retries -le 0)\n        {\n            throw\n        }\n\n        Start-Sleep -Seconds 10\n    }\n }\n",
                "errorActionPreference": "stop",
                "failOnStderr": "false",
                "ignoreLASTEXITCODE": "false",
                "pwsh": "false",
                "workingDirectory": ""
              }
            },
            {
              "environment": {},
              "taskId": "5d93dbe2-e57f-4b7c-a872-1e6b80a01904",
              "version": "0.*",
              "name": "Deploy application to a Tomcat server",
              "refName": "",
              "enabled": true,
              "alwaysRun": false,
              "continueOnError": true,
              "timeoutInMinutes": 0,
              "definitionType": "task",
              "overrideInputs": {},
              "condition": "succeeded()",
              "inputs": {
                "TomcatUrl": "http://$(apppublicip):8080",
                "Username": "manager",
                "Password": "manager@123",
                "Warfile": "$(System.DefaultWorkingDirectory)/_Coupons-CI/drop/target/ROOT.war",
                "Context": "/",
                "ServerVersion": "7OrAbove"
              }
            }
          ]
        }
      ],
      "environmentOptions": {
        "emailNotificationType": "OnlyOnFailure",
        "emailRecipients": "release.environment.owner;release.creator",
        "skipArtifactsDownload": false,
        "timeoutInMinutes": 0,
        "enableAccessToken": false,
        "publishDeploymentStatus": true,
        "badgeEnabled": false,
        "autoLinkWorkItems": false,
        "pullRequestDeploymentEnabled": false
      },
      "demands": [],
      "conditions": [
        {
          "name": "ReleaseStarted",
          "conditionType": "event",
          "value": ""
        }
      ],
      "executionPolicy": {
        "concurrencyCount": 1,
        "queueDepthCount": 0
      },
      "schedules": [],
      "currentRelease": {
        "id": 41,
        "url": "https://vsrm.dev.azure.com/abcdsse/eb1ae3df-fc9c-424e-817f-f42f8315de2d/_apis/Release/releases/41",
        "_links": {}
      },
      "retentionPolicy": {
        "daysToKeep": 30,
        "releasesToKeep": 3,
        "retainBuild": true
      },
      "processParameters": {},
      "properties": {
        "LinkBoardsWorkItems": {
          "$type": "System.String",
          "$value": "False"
        }
      },
      "preDeploymentGates": {
        "id": 0,
        "gatesOptions": null,
        "gates": []
      },
      "postDeploymentGates": {
        "id": 0,
        "gatesOptions": null,
        "gates": []
      },
      "environmentTriggers": [],
      "badgeUrl": ""
    },
    {
      "id": 44,
      "name": "Release to QA",
      "rank": 2,
      "owner": {
        "displayName": "$OwnerDisplayName$",
        "url": "",
        "_links": "{}",
        "id": "$OwnerId$",
        "uniqueName": "$OwnerUniqueName$",
        "imageUrl": "",
        "descriptor": ""
      },
      "variables": {},
      "variableGroups": [
        "$Coupons-IaaS-QA$"
      ],
      "preDeployApprovals": {
        "approvals": [
          {
            "rank": 1,
            "isAutomated": false,
            "isNotificationOn": false,
            "approver": {
              "displayName": "[mytest]\\mytest Team",
              "url": "https://spsprodcus2.vssps.visualstudio.com/Ab558cd06-5b68-466b-95bd-7b709e2862f0/_apis/Identities/f4817093-c23a-409b-b126-0262ca79ead8",
              "_links": {
                "avatar": {
                  "href": "https://dev.azure.com/abcdsse/_apis/GraphProfile/MemberAvatars/vssgp.Uy0xLTktMTU1MTM3NDI0NS0zNzU2MjAyNzMxLTI2MzM3ODA4MDItMjE3MjY0NjQ0Ny0yMTk5MjQ4NDI5LTEtMjU5MDMwNDIyMC00NTE0NTkyMy0yNDU0MDU5NTk5LTEyMjk4MjM4NTE"
                }
              },
              "id": "f4817093-c23a-409b-b126-0262ca79ead8",
              "uniqueName": "vstfs:///Classification/TeamProject/eb1ae3df-fc9c-424e-817f-f42f8315de2d\\mytest Team",
              "imageUrl": "https://dev.azure.com/abcdsse/_apis/GraphProfile/MemberAvatars/vssgp.Uy0xLTktMTU1MTM3NDI0NS0zNzU2MjAyNzMxLTI2MzM3ODA4MDItMjE3MjY0NjQ0Ny0yMTk5MjQ4NDI5LTEtMjU5MDMwNDIyMC00NTE0NTkyMy0yNDU0MDU5NTk5LTEyMjk4MjM4NTE",
              "isContainer": true,
              "descriptor": "vssgp.Uy0xLTktMTU1MTM3NDI0NS0zNzU2MjAyNzMxLTI2MzM3ODA4MDItMjE3MjY0NjQ0Ny0yMTk5MjQ4NDI5LTEtMjU5MDMwNDIyMC00NTE0NTkyMy0yNDU0MDU5NTk5LTEyMjk4MjM4NTE"
            },
            "id": 257
          }
        ],
        "approvalOptions": {
          "requiredApproverCount": null,
          "releaseCreatorCanBeApprover": true,
          "autoTriggeredAndPreviousEnvironmentApprovedCanBeSkipped": false,
          "enforceIdentityRevalidation": false,
          "timeoutInMinutes": 0,
          "executionOrder": "beforeGates"
        }
      },
      "deployStep": {
        "id": 145
      },
      "postDeployApprovals": {
        "approvals": [
          {
            "rank": 1,
            "isAutomated": true,
            "isNotificationOn": false,
            "id": 148
          }
        ],
        "approvalOptions": {
          "requiredApproverCount": null,
          "releaseCreatorCanBeApprover": false,
          "autoTriggeredAndPreviousEnvironmentApprovedCanBeSkipped": false,
          "enforceIdentityRevalidation": false,
          "timeoutInMinutes": 0,
          "executionOrder": "afterSuccessfulGates"
        }
      },
      "deployPhases": [
        {
          "deploymentInput": {
            "parallelExecution": {
              "parallelExecutionType": "none"
            },
            "agentSpecification": {
              "identifier": "vs2017-win2016"
            },
            "skipArtifactsDownload": false,
            "artifactsDownloadInput": {
              "downloadInputs": []
            },
            "queueId": "$Azure Pipelines$",
            "demands": [],
            "enableAccessToken": false,
            "timeoutInMinutes": 0,
            "jobCancelTimeoutInMinutes": 1,
            "condition": "succeeded()",
            "overrideInputs": {}
          },
          "rank": 1,
          "phaseType": "agentBasedDeployment",
          "name": "Deploy application",
          "refName": null,
          "workflowTasks": [
            {
              "environment": {},
              "taskId": "fdb5a98d-3737-4116-b5d2-9adadeb459ef",
              "version": "1.*",
              "name": "Coupons Environment setup",
              "refName": "",
              "enabled": true,
              "alwaysRun": true,
              "continueOnError": true,
              "timeoutInMinutes": 0,
              "definitionType": "metaTask",
              "overrideInputs": {},
              "condition": "succeededOrFailed()",
              "inputs": {
                "appImageID": "$(appImageID)",
                "appprefix": "$(appprefix)",
                "appSubnet": "$(appSubnet)",
                "appVnet": "$(appVnet)",
                "databasepassword": "$(databasepassword)",
                "databaseusername": "$(databaseusername)",
                "dataImageID": "$(dataImageID)",
                "dataprivateip": "$(dataprivateip)",
                "dataSubnet": "$(dataSubnet)",
                "dataVnet": "$(dataVnet)",
                "location": "$(location)",
                "resourcegroup": "$(resourcegroup)",
                "storageAccount": "$(storageAccount)",
                "vmadmin": "$(vmadmin)",
                "vmpassword": "$(vmpassword)"
              }
            },
            {
              "environment": {},
              "taskId": "e213ff0f-5d5c-4791-802d-52ea3e7be1f1",
              "version": "2.*",
              "name": "Warmup Tomcat Manager",
              "refName": "",
              "enabled": true,
              "alwaysRun": false,
              "continueOnError": false,
              "timeoutInMinutes": 0,
              "definitionType": "task",
              "overrideInputs": {},
              "condition": "succeeded()",
              "inputs": {
                "targetType": "inline",
                "filePath": "",
                "arguments": "",
                "script": "$baseUrl = \"http://$(apppublicip):8080/manager/text\"\n$User = \"manager\"\n$PWord = ConvertTo-SecureString -String \"manager@123\" -AsPlainText -Force\n$Credential = New-Object -TypeName System.Management.Automation.PSCredential -ArgumentList $User, $PWord\n\nWrite-Host $baseUrl\n\n$retries = 5\nwhile ($retries -gt 0) \n{\n    try\n    {    \n        Invoke-RestMethod -Method Get -Uri \"$baseUrl/list\" -Credential $Credential -TimeoutSec 90\n        Invoke-RestMethod -Method Get -Uri \"$baseUrl/serverinfo\" -Credential $Credential -TimeoutSec 90\n        Invoke-RestMethod -Method Get -Uri \"$baseUrl/stop?path=/examples\" -Credential $Credential -TimeoutSec 90\n        Invoke-RestMethod -Method Get -Uri \"$baseUrl/start?path=/examples\" -Credential $Credential -TimeoutSec 90\n        break;\n    }\n    catch\n    {\n        Write-Host 'Error' $_.Exception\n       \n        $retries--\n        if($retries -le 0)\n        {\n            throw\n        }\n\n        Start-Sleep -Seconds 10\n    }\n }\n",
                "errorActionPreference": "stop",
                "failOnStderr": "false",
                "ignoreLASTEXITCODE": "false",
                "pwsh": "false",
                "workingDirectory": ""
              }
            },
            {
              "environment": {},
              "taskId": "5d93dbe2-e57f-4b7c-a872-1e6b80a01904",
              "version": "0.*",
              "name": "Deploy application to a Tomcat server",
              "refName": "",
              "enabled": true,
              "alwaysRun": false,
              "continueOnError": true,
              "timeoutInMinutes": 0,
              "definitionType": "task",
              "overrideInputs": {},
              "condition": "succeeded()",
              "inputs": {
                "TomcatUrl": "http://$(apppublicip):8080",
                "Username": "manager",
                "Password": "manager@123",
                "Warfile": "$(System.DefaultWorkingDirectory)/_Coupons-CI/drop/target/ROOT.war",
                "Context": "/",
                "ServerVersion": "7OrAbove"
              }
            },
            {
              "environment": {},
              "taskId": "e213ff0f-5d5c-4791-802d-52ea3e7be1f1",
              "version": "2.*",
              "name": "Update test settings",
              "refName": "",
              "enabled": true,
              "alwaysRun": false,
              "continueOnError": false,
              "timeoutInMinutes": 0,
              "definitionType": "task",
              "overrideInputs": {},
              "condition": "succeeded()",
              "inputs": {
                "targetType": "filePath",
                "filePath": "$(System.DefaultWorkingDirectory)/_Coupons-CI/drop/IaC/scripts/UpdateVariablesAtRunTime.ps1",
                "arguments": "-configPath $(System.DefaultWorkingDirectory)/_Coupons-CI/drop/src/main/resources/application.properties  -mysqlUserName $(databaseusername)  -mysqlPassword $(databasepassword)   -sourceUrl \"jdbc:mysql://$(datapublicip):3306/hotel_coupon?verifyServerCertificate=false&useSSL=false&requireSSL=false\"  -appUrl \"http://$(apppublicip):8080\"",
                "script": "# Write your PowerShell commands here.\n\nWrite-Host \"Hello World\"\n",
                "errorActionPreference": "stop",
                "failOnStderr": "false",
                "ignoreLASTEXITCODE": "false",
                "pwsh": "false",
                "workingDirectory": ""
              }
            },
            {
              "environment": {},
              "taskId": "ac4ee482-65da-4485-a532-7b085873e532",
              "version": "3.*",
              "name": "BDD test",
              "refName": "",
              "enabled": true,
              "alwaysRun": false,
              "continueOnError": false,
              "timeoutInMinutes": 0,
              "definitionType": "task",
              "overrideInputs": {},
              "condition": "succeeded()",
              "inputs": {
                "mavenPOMFile": "$(System.DefaultWorkingDirectory)/_Coupons-CI/drop/pom.xml",
                "goals": "verify -Dit.test=CouponControllerBDDIT verify",
                "options": "",
                "publishJUnitResults": "true",
                "testResultsFiles": "**/failsafe-reports/TEST-com.example.fabrikam.HotelCoupon.IntegrationTest.CouponControllerBDDIT.xml",
                "testRunTitle": "",
                "codeCoverageTool": "None",
                "classFilter": "",
                "classFilesDirectories": "",
                "srcDirectories": "",
                "failIfCoverageEmpty": "false",
                "javaHomeSelection": "JDKVersion",
                "jdkVersion": "default",
                "jdkUserInputPath": "",
                "jdkArchitecture": "x64",
                "mavenVersionSelection": "Default",
                "mavenPath": "",
                "mavenSetM2Home": "false",
                "mavenOpts": "-Xmx1024m",
                "mavenFeedAuthenticate": "false",
                "skipEffectivePom": "false",
                "sqAnalysisEnabled": "false",
                "sqMavenPluginVersionChoice": "latest",
                "checkstyleAnalysisEnabled": "false",
                "pmdAnalysisEnabled": "false",
                "findbugsAnalysisEnabled": "false"
              }
            }
          ]
        }
      ],
      "environmentOptions": {
        "emailNotificationType": "OnlyOnFailure",
        "emailRecipients": "release.environment.owner;release.creator",
        "skipArtifactsDownload": false,
        "timeoutInMinutes": 0,
        "enableAccessToken": false,
        "publishDeploymentStatus": true,
        "badgeEnabled": false,
        "autoLinkWorkItems": false,
        "pullRequestDeploymentEnabled": false
      },
      "demands": [],
      "conditions": [
        {
          "name": "Release to DEV",
          "conditionType": "environmentState",
          "value": "4"
        }
      ],
      "executionPolicy": {
        "concurrencyCount": 1,
        "queueDepthCount": 0
      },
      "schedules": [],
      "currentRelease": {
        "id": 53,
        "url": "https://vsrm.dev.azure.com/abcdsse/eb1ae3df-fc9c-424e-817f-f42f8315de2d/_apis/Release/releases/53",
        "_links": {}
      },
      "retentionPolicy": {
        "daysToKeep": 30,
        "releasesToKeep": 3,
        "retainBuild": true
      },
      "processParameters": {},
      "properties": {
        "LinkBoardsWorkItems": {
          "$type": "System.String",
          "$value": "False"
        }
      },
      "preDeploymentGates": {
        "id": 0,
        "gatesOptions": null,
        "gates": []
      },
      "postDeploymentGates": {
        "id": 0,
        "gatesOptions": null,
        "gates": []
      },
      "environmentTriggers": [],
      "badgeUrl": ""
    },
    {
      "id": 45,
      "name": "Undeploy DEV",
      "rank": 3,
      "owner": {
        "displayName": "$OwnerDisplayName$",
        "url": "",
        "_links": "{}",
        "id": "$OwnerId$",
        "uniqueName": "$OwnerUniqueName$",
        "imageUrl": "",
        "descriptor": ""
      },
      "variables": {},
      "variableGroups": [
        "$Coupons-IaaS-Dev$"
      ],
      "preDeployApprovals": {
        "approvals": [
          {
            "rank": 1,
            "isAutomated": false,
            "isNotificationOn": false,
            "approver": {
              "displayName": null,
              "id": "3a718057-7af6-49c0-9abb-be956be6cc3d"
            },
            "id": 129
          }
        ],
        "approvalOptions": {
          "requiredApproverCount": null,
          "releaseCreatorCanBeApprover": true,
          "autoTriggeredAndPreviousEnvironmentApprovedCanBeSkipped": false,
          "enforceIdentityRevalidation": false,
          "timeoutInMinutes": 0,
          "executionOrder": "beforeGates"
        }
      },
      "deployStep": {
        "id": 144
      },
      "postDeployApprovals": {
        "approvals": [
          {
            "rank": 1,
            "isAutomated": true,
            "isNotificationOn": false,
            "id": 149
          }
        ],
        "approvalOptions": {
          "requiredApproverCount": null,
          "releaseCreatorCanBeApprover": false,
          "autoTriggeredAndPreviousEnvironmentApprovedCanBeSkipped": false,
          "enforceIdentityRevalidation": false,
          "timeoutInMinutes": 0,
          "executionOrder": "afterSuccessfulGates"
        }
      },
      "deployPhases": [
        {
          "deploymentInput": {
            "parallelExecution": {
              "parallelExecutionType": "none"
            },
            "agentSpecification": {
              "identifier": "vs2017-win2016"
            },
            "skipArtifactsDownload": false,
            "artifactsDownloadInput": {
              "downloadInputs": []
            },
            "queueId": "$Azure Pipelines$",
            "demands": [],
            "enableAccessToken": false,
            "timeoutInMinutes": 0,
            "jobCancelTimeoutInMinutes": 1,
            "condition": "succeeded()",
            "overrideInputs": {}
          },
          "rank": 1,
          "phaseType": "agentBasedDeployment",
          "name": "Agent job",
          "refName": null,
          "workflowTasks": [
            {
              "environment": {},
              "taskId": "72a1931b-effb-4d2e-8fd8-f8472a07cb62",
              "version": "4.*",
              "name": "Remove Azure Resources",
              "refName": "",
              "enabled": true,
              "alwaysRun": false,
              "continueOnError": false,
              "timeoutInMinutes": 0,
              "definitionType": "task",
              "overrideInputs": {},
              "condition": "succeeded()",
              "inputs": {
                "ConnectedServiceNameARM": "",
                "ScriptType": "FilePath",
                "ScriptPath": "$(System.DefaultWorkingDirectory)/_Coupons-CI/drop/IaC/scripts/Undeploy.ps1",
                "Inline": "# You can write your azure powershell scripts inline here. \n# You can also pass predefined and custom variables to this script using arguments",
                "ScriptArguments": "-ResourceGroupName $(resourcegroup) -WebVmName $(appprefix)-app -DataVmName $(appprefix)-data -JumpboxVmName $(appprefix)-jbjbox -JumpboxVmScalesetName $(appprefix)-jb",
                "errorActionPreference": "stop",
                "FailOnStandardError": "false",
                "TargetAzurePs": "LatestVersion",
                "CustomTargetAzurePs": ""
              }
            }
          ]
        }
      ],
      "environmentOptions": {
        "emailNotificationType": "OnlyOnFailure",
        "emailRecipients": "release.environment.owner;release.creator",
        "skipArtifactsDownload": false,
        "timeoutInMinutes": 0,
        "enableAccessToken": false,
        "publishDeploymentStatus": true,
        "badgeEnabled": false,
        "autoLinkWorkItems": false,
        "pullRequestDeploymentEnabled": false
      },
      "demands": [],
      "conditions": [
        {
          "name": "Release to DEV",
          "conditionType": "environmentState",
          "value": "4"
        }
      ],
      "executionPolicy": {
        "concurrencyCount": 1,
        "queueDepthCount": 0
      },
      "schedules": [],
      "currentRelease": {
        "id": 0,
        "url": "https://vsrm.dev.azure.com/abcdsse/eb1ae3df-fc9c-424e-817f-f42f8315de2d/_apis/Release/releases/0",
        "_links": {}
      },
      "retentionPolicy": {
        "daysToKeep": 30,
        "releasesToKeep": 3,
        "retainBuild": true
      },
      "processParameters": {},
      "properties": {
        "LinkBoardsWorkItems": {
          "$type": "System.String",
          "$value": "False"
        }
      },
      "preDeploymentGates": {
        "id": 0,
        "gatesOptions": null,
        "gates": []
      },
      "postDeploymentGates": {
        "id": 0,
        "gatesOptions": null,
        "gates": []
      },
      "environmentTriggers": [],
      "badgeUrl": ""
    },
    {
      "id": 46,
      "name": "Release to SIT",
      "rank": 4,
      "owner": {
        "displayName": "$OwnerDisplayName$",
        "url": "",
        "_links": "{}",
        "id": "$OwnerId$",
        "uniqueName": "$OwnerUniqueName$",
        "imageUrl": "",
        "descriptor": ""
      },
      "variables": {},
      "variableGroups": [
        "$Coupons-IaaS-SIT$"
      ],
      "preDeployApprovals": {
        "approvals": [
          {
            "rank": 1,
            "isAutomated": true,
            "isNotificationOn": false,
            "id": 130
          }
        ],
        "approvalOptions": {
          "requiredApproverCount": null,
          "releaseCreatorCanBeApprover": false,
          "autoTriggeredAndPreviousEnvironmentApprovedCanBeSkipped": false,
          "enforceIdentityRevalidation": false,
          "timeoutInMinutes": 0,
          "executionOrder": "beforeGates"
        }
      },
      "deployStep": {
        "id": 143
      },
      "postDeployApprovals": {
        "approvals": [
          {
            "rank": 1,
            "isAutomated": true,
            "isNotificationOn": false,
            "id": 150
          }
        ],
        "approvalOptions": {
          "requiredApproverCount": null,
          "releaseCreatorCanBeApprover": false,
          "autoTriggeredAndPreviousEnvironmentApprovedCanBeSkipped": false,
          "enforceIdentityRevalidation": false,
          "timeoutInMinutes": 0,
          "executionOrder": "afterSuccessfulGates"
        }
      },
      "deployPhases": [
        {
          "deploymentInput": {
            "parallelExecution": {
              "parallelExecutionType": "none"
            },
            "agentSpecification": {
              "identifier": "vs2017-win2016"
            },
            "skipArtifactsDownload": false,
            "artifactsDownloadInput": {
              "downloadInputs": []
            },
            "queueId": "$Azure Pipelines$",
            "demands": [],
            "enableAccessToken": false,
            "timeoutInMinutes": 0,
            "jobCancelTimeoutInMinutes": 1,
            "condition": "succeeded()",
            "overrideInputs": {}
          },
          "rank": 1,
          "phaseType": "agentBasedDeployment",
          "name": "Deploy application",
          "refName": null,
          "workflowTasks": [
            {
              "environment": {},
              "taskId": "fdb5a98d-3737-4116-b5d2-9adadeb459ef",
              "version": "1.*",
              "name": "Coupons Environment setup",
              "refName": "",
              "enabled": true,
              "alwaysRun": true,
              "continueOnError": true,
              "timeoutInMinutes": 0,
              "definitionType": "metaTask",
              "overrideInputs": {},
              "condition": "succeededOrFailed()",
              "inputs": {
                "appImageID": "$(appImageID)",
                "appprefix": "$(appprefix)",
                "appSubnet": "$(appSubnet)",
                "appVnet": "$(appVnet)",
                "databasepassword": "$(databasepassword)",
                "databaseusername": "$(databaseusername)",
                "dataImageID": "$(dataImageID)",
                "dataprivateip": "$(dataprivateip)",
                "dataSubnet": "$(dataSubnet)",
                "dataVnet": "$(dataVnet)",
                "location": "$(location)",
                "resourcegroup": "$(resourcegroup)",
                "storageAccount": "$(storageAccount)",
                "vmadmin": "$(vmadmin)",
                "vmpassword": "$(vmpassword)"
              }
            },
            {
              "environment": {},
              "taskId": "e213ff0f-5d5c-4791-802d-52ea3e7be1f1",
              "version": "2.*",
              "name": "Warmup Tomcat Manager",
              "refName": "",
              "enabled": true,
              "alwaysRun": false,
              "continueOnError": false,
              "timeoutInMinutes": 0,
              "definitionType": "task",
              "overrideInputs": {},
              "condition": "succeeded()",
              "inputs": {
                "targetType": "inline",
                "filePath": "",
                "arguments": "",
                "script": "$baseUrl = \"http://$(apppublicip):8080/manager/text\"\n$User = \"manager\"\n$PWord = ConvertTo-SecureString -String \"manager@123\" -AsPlainText -Force\n$Credential = New-Object -TypeName System.Management.Automation.PSCredential -ArgumentList $User, $PWord\n\nWrite-Host $baseUrl\n\n$retries = 5\nwhile ($retries -gt 0) \n{\n    try\n    {    \n        Invoke-RestMethod -Method Get -Uri \"$baseUrl/list\" -Credential $Credential -TimeoutSec 90\n        Invoke-RestMethod -Method Get -Uri \"$baseUrl/serverinfo\" -Credential $Credential -TimeoutSec 90\n        Invoke-RestMethod -Method Get -Uri \"$baseUrl/stop?path=/examples\" -Credential $Credential -TimeoutSec 90\n        Invoke-RestMethod -Method Get -Uri \"$baseUrl/start?path=/examples\" -Credential $Credential -TimeoutSec 90\n        break;\n    }\n    catch\n    {\n        Write-Host 'Error' $_.Exception\n       \n        $retries--\n        if($retries -le 0)\n        {\n            throw\n        }\n\n        Start-Sleep -Seconds 10\n    }\n }\n",
                "errorActionPreference": "stop",
                "failOnStderr": "false",
                "ignoreLASTEXITCODE": "false",
                "pwsh": "false",
                "workingDirectory": ""
              }
            },
            {
              "environment": {},
              "taskId": "5d93dbe2-e57f-4b7c-a872-1e6b80a01904",
              "version": "0.*",
              "name": "Deploy application to a Tomcat server",
              "refName": "",
              "enabled": true,
              "alwaysRun": false,
              "continueOnError": true,
              "timeoutInMinutes": 0,
              "definitionType": "task",
              "overrideInputs": {},
              "condition": "succeeded()",
              "inputs": {
                "TomcatUrl": "http://$(apppublicip):8080",
                "Username": "manager",
                "Password": "manager@123",
                "Warfile": "$(System.DefaultWorkingDirectory)/_Coupons-CI/drop/target/ROOT.war",
                "Context": "/",
                "ServerVersion": "7OrAbove"
              }
            },
            {
              "environment": {},
              "taskId": "e213ff0f-5d5c-4791-802d-52ea3e7be1f1",
              "version": "2.*",
              "name": "Update test settings",
              "refName": "",
              "enabled": true,
              "alwaysRun": false,
              "continueOnError": false,
              "timeoutInMinutes": 0,
              "definitionType": "task",
              "overrideInputs": {},
              "condition": "succeeded()",
              "inputs": {
                "targetType": "filePath",
                "filePath": "$(System.DefaultWorkingDirectory)/_Coupons-CI/drop/IaC/scripts/UpdateVariablesAtRunTime.ps1",
                "arguments": "-configPath $(System.DefaultWorkingDirectory)/_Coupons-CI/drop/src/main/resources/application.properties  -mysqlUserName $(databaseusername)  -mysqlPassword $(databasepassword)   -sourceUrl \"jdbc:mysql://$(datapublicip):3306/hotel_coupon?verifyServerCertificate=false&useSSL=false&requireSSL=false\"  -appUrl \"http://$(apppublicip):8080\"",
                "script": "# Write your PowerShell commands here.\n\nWrite-Host \"Hello World\"\n",
                "errorActionPreference": "stop",
                "failOnStderr": "false",
                "ignoreLASTEXITCODE": "false",
                "pwsh": "false",
                "workingDirectory": ""
              }
            },
            {
              "environment": {},
              "taskId": "ac4ee482-65da-4485-a532-7b085873e532",
              "version": "3.*",
              "name": "UI tests",
              "refName": "",
              "enabled": true,
              "alwaysRun": false,
              "continueOnError": false,
              "timeoutInMinutes": 0,
              "definitionType": "task",
              "overrideInputs": {},
              "condition": "succeeded()",
              "inputs": {
                "mavenPOMFile": "$(System.DefaultWorkingDirectory)/_Coupons-CI/drop/pom.xml",
                "goals": "verify -Dit.test=LoginUIIT#testInQA* verify",
                "options": "",
                "publishJUnitResults": "true",
                "testResultsFiles": "**/failsafe-reports/TEST-com.example.fabrikam.HotelCoupon.IntegrationTest.LoginUIIT.xml",
                "testRunTitle": "",
                "codeCoverageTool": "None",
                "classFilter": "",
                "classFilesDirectories": "",
                "srcDirectories": "",
                "failIfCoverageEmpty": "false",
                "javaHomeSelection": "JDKVersion",
                "jdkVersion": "default",
                "jdkUserInputPath": "",
                "jdkArchitecture": "x64",
                "mavenVersionSelection": "Default",
                "mavenPath": "",
                "mavenSetM2Home": "false",
                "mavenOpts": "-Xmx1024m",
                "mavenFeedAuthenticate": "false",
                "skipEffectivePom": "false",
                "sqAnalysisEnabled": "false",
                "sqMavenPluginVersionChoice": "latest",
                "checkstyleAnalysisEnabled": "false",
                "pmdAnalysisEnabled": "false",
                "findbugsAnalysisEnabled": "false"
              }
            }
          ]
        }
      ],
      "environmentOptions": {
        "emailNotificationType": "OnlyOnFailure",
        "emailRecipients": "release.environment.owner;release.creator",
        "skipArtifactsDownload": false,
        "timeoutInMinutes": 0,
        "enableAccessToken": false,
        "publishDeploymentStatus": true,
        "badgeEnabled": false,
        "autoLinkWorkItems": false,
        "pullRequestDeploymentEnabled": false
      },
      "demands": [],
      "conditions": [
        {
          "name": "Release to QA",
          "conditionType": "environmentState",
          "value": "4"
        }
      ],
      "executionPolicy": {
        "concurrencyCount": 1,
        "queueDepthCount": 0
      },
      "schedules": [],
      "currentRelease": {
        "id": 74,
        "url": "https://vsrm.dev.azure.com/abcdsse/eb1ae3df-fc9c-424e-817f-f42f8315de2d/_apis/Release/releases/74",
        "_links": {}
      },
      "retentionPolicy": {
        "daysToKeep": 30,
        "releasesToKeep": 3,
        "retainBuild": true
      },
      "processParameters": {},
      "properties": {
        "LinkBoardsWorkItems": {
          "$type": "System.String",
          "$value": "False"
        }
      },
      "preDeploymentGates": {
        "id": 0,
        "gatesOptions": null,
        "gates": []
      },
      "postDeploymentGates": {
        "id": 0,
        "gatesOptions": null,
        "gates": []
      },
      "environmentTriggers": [],
      "badgeUrl": ""
    },
    {
      "id": 47,
      "name": "Undeploy QA",
      "rank": 5,
      "owner": {
        "displayName": "$OwnerDisplayName$",
        "url": "",
        "_links": "{}",
        "id": "$OwnerId$",
        "uniqueName": "$OwnerUniqueName$",
        "imageUrl": "",
        "descriptor": ""
      },
      "variables": {},
      "variableGroups": [
        "$Coupons-IaaS-QA$"
      ],
      "preDeployApprovals": {
        "approvals": [
          {
            "rank": 1,
            "isAutomated": false,
            "isNotificationOn": false,
            "approver": {
              "displayName": null,
              "id": "3a718057-7af6-49c0-9abb-be956be6cc3d"
            },
            "id": 131
          }
        ],
        "approvalOptions": {
          "requiredApproverCount": null,
          "releaseCreatorCanBeApprover": true,
          "autoTriggeredAndPreviousEnvironmentApprovedCanBeSkipped": false,
          "enforceIdentityRevalidation": false,
          "timeoutInMinutes": 0,
          "executionOrder": "beforeGates"
        }
      },
      "deployStep": {
        "id": 142
      },
      "postDeployApprovals": {
        "approvals": [
          {
            "rank": 1,
            "isAutomated": true,
            "isNotificationOn": false,
            "id": 151
          }
        ],
        "approvalOptions": {
          "requiredApproverCount": null,
          "releaseCreatorCanBeApprover": false,
          "autoTriggeredAndPreviousEnvironmentApprovedCanBeSkipped": false,
          "enforceIdentityRevalidation": false,
          "timeoutInMinutes": 0,
          "executionOrder": "afterSuccessfulGates"
        }
      },
      "deployPhases": [
        {
          "deploymentInput": {
            "parallelExecution": {
              "parallelExecutionType": "none"
            },
            "agentSpecification": {
              "identifier": "vs2017-win2016"
            },
            "skipArtifactsDownload": false,
            "artifactsDownloadInput": {
              "downloadInputs": []
            },
            "queueId": "$Azure Pipelines$",
            "demands": [],
            "enableAccessToken": false,
            "timeoutInMinutes": 0,
            "jobCancelTimeoutInMinutes": 1,
            "condition": "succeeded()",
            "overrideInputs": {}
          },
          "rank": 1,
          "phaseType": "agentBasedDeployment",
          "name": "Agent job",
          "refName": null,
          "workflowTasks": [
            {
              "environment": {},
              "taskId": "72a1931b-effb-4d2e-8fd8-f8472a07cb62",
              "version": "4.*",
              "name": "Remove Azure Resources",
              "refName": "",
              "enabled": true,
              "alwaysRun": false,
              "continueOnError": false,
              "timeoutInMinutes": 0,
              "definitionType": "task",
              "overrideInputs": {},
              "condition": "succeeded()",
              "inputs": {
                "ConnectedServiceNameARM": "",
                "ScriptType": "FilePath",
                "ScriptPath": "$(System.DefaultWorkingDirectory)/_Coupons-CI/drop/IaC/scripts/Undeploy.ps1",
                "Inline": "# You can write your azure powershell scripts inline here. \n# You can also pass predefined and custom variables to this script using arguments",
                "ScriptArguments": "-ResourceGroupName $(resourcegroup) -WebVmName $(appprefix)-app -DataVmName $(appprefix)-data -JumpboxVmName $(appprefix)-jbjbox -JumpboxVmScalesetName $(appprefix)-jb",
                "errorActionPreference": "stop",
                "FailOnStandardError": "false",
                "TargetAzurePs": "LatestVersion",
                "CustomTargetAzurePs": ""
              }
            }
          ]
        }
      ],
      "environmentOptions": {
        "emailNotificationType": "OnlyOnFailure",
        "emailRecipients": "release.environment.owner;release.creator",
        "skipArtifactsDownload": false,
        "timeoutInMinutes": 0,
        "enableAccessToken": false,
        "publishDeploymentStatus": true,
        "badgeEnabled": false,
        "autoLinkWorkItems": false,
        "pullRequestDeploymentEnabled": false
      },
      "demands": [],
      "conditions": [
        {
          "name": "Release to QA",
          "conditionType": "environmentState",
          "value": "4"
        }
      ],
      "executionPolicy": {
        "concurrencyCount": 1,
        "queueDepthCount": 0
      },
      "schedules": [],
      "currentRelease": {
        "id": 0,
        "url": "https://vsrm.dev.azure.com/abcdsse/eb1ae3df-fc9c-424e-817f-f42f8315de2d/_apis/Release/releases/0",
        "_links": {}
      },
      "retentionPolicy": {
        "daysToKeep": 30,
        "releasesToKeep": 3,
        "retainBuild": true
      },
      "processParameters": {},
      "properties": {
        "LinkBoardsWorkItems": {
          "$type": "System.String",
          "$value": "False"
        }
      },
      "preDeploymentGates": {
        "id": 0,
        "gatesOptions": null,
        "gates": []
      },
      "postDeploymentGates": {
        "id": 0,
        "gatesOptions": null,
        "gates": []
      },
      "environmentTriggers": [],
      "badgeUrl": ""
    },
    {
      "id": 48,
      "name": "Release to STG",
      "rank": 6,
      "owner": {
        "displayName": "$OwnerDisplayName$",
        "url": "",
        "_links": "{}",
        "id": "$OwnerId$",
        "uniqueName": "$OwnerUniqueName$",
        "imageUrl": "",
        "descriptor": ""
      },
      "variables": {},
      "variableGroups": [
        "$Coupons-IaaS-STG$"
      ],
      "preDeployApprovals": {
        "approvals": [
          {
            "rank": 1,
            "isAutomated": true,
            "isNotificationOn": false,
            "id": 132
          }
        ],
        "approvalOptions": {
          "requiredApproverCount": null,
          "releaseCreatorCanBeApprover": false,
          "autoTriggeredAndPreviousEnvironmentApprovedCanBeSkipped": false,
          "enforceIdentityRevalidation": false,
          "timeoutInMinutes": 0,
          "executionOrder": "beforeGates"
        }
      },
      "deployStep": {
        "id": 141
      },
      "postDeployApprovals": {
        "approvals": [
          {
            "rank": 1,
            "isAutomated": true,
            "isNotificationOn": false,
            "id": 152
          }
        ],
        "approvalOptions": {
          "requiredApproverCount": null,
          "releaseCreatorCanBeApprover": false,
          "autoTriggeredAndPreviousEnvironmentApprovedCanBeSkipped": false,
          "enforceIdentityRevalidation": false,
          "timeoutInMinutes": 0,
          "executionOrder": "afterSuccessfulGates"
        }
      },
      "deployPhases": [
        {
          "deploymentInput": {
            "parallelExecution": {
              "parallelExecutionType": "none"
            },
            "agentSpecification": {
              "identifier": "vs2017-win2016"
            },
            "skipArtifactsDownload": false,
            "artifactsDownloadInput": {
              "downloadInputs": []
            },
            "queueId": "$Azure Pipelines$",
            "demands": [],
            "enableAccessToken": false,
            "timeoutInMinutes": 0,
            "jobCancelTimeoutInMinutes": 1,
            "condition": "succeeded()",
            "overrideInputs": {}
          },
          "rank": 1,
          "phaseType": "agentBasedDeployment",
          "name": "Deploy application",
          "refName": null,
          "workflowTasks": [
            {
              "environment": {},
              "taskId": "fdb5a98d-3737-4116-b5d2-9adadeb459ef",
              "version": "1.*",
              "name": "Coupons Environment setup",
              "refName": "",
              "enabled": true,
              "alwaysRun": true,
              "continueOnError": true,
              "timeoutInMinutes": 0,
              "definitionType": "metaTask",
              "overrideInputs": {},
              "condition": "succeededOrFailed()",
              "inputs": {
                "appImageID": "$(appImageID)",
                "appprefix": "$(appprefix)",
                "appSubnet": "$(appSubnet)",
                "appVnet": "$(appVnet)",
                "databasepassword": "$(databasepassword)",
                "databaseusername": "$(databaseusername)",
                "dataImageID": "$(dataImageID)",
                "dataprivateip": "$(dataprivateip)",
                "dataSubnet": "$(dataSubnet)",
                "dataVnet": "$(dataVnet)",
                "location": "$(location)",
                "resourcegroup": "$(resourcegroup)",
                "storageAccount": "$(storageAccount)",
                "vmadmin": "$(vmadmin)",
                "vmpassword": "$(vmpassword)"
              }
            },
            {
              "environment": {},
              "taskId": "e213ff0f-5d5c-4791-802d-52ea3e7be1f1",
              "version": "2.*",
              "name": "Warmup Tomcat Manager",
              "refName": "",
              "enabled": true,
              "alwaysRun": false,
              "continueOnError": false,
              "timeoutInMinutes": 0,
              "definitionType": "task",
              "overrideInputs": {},
              "condition": "succeeded()",
              "inputs": {
                "targetType": "inline",
                "filePath": "",
                "arguments": "",
                "script": "$baseUrl = \"http://$(apppublicip):8080/manager/text\"\n$User = \"manager\"\n$PWord = ConvertTo-SecureString -String \"manager@123\" -AsPlainText -Force\n$Credential = New-Object -TypeName System.Management.Automation.PSCredential -ArgumentList $User, $PWord\n\nWrite-Host $baseUrl\n\n$retries = 5\nwhile ($retries -gt 0) \n{\n    try\n    {    \n        Invoke-RestMethod -Method Get -Uri \"$baseUrl/list\" -Credential $Credential -TimeoutSec 90\n        Invoke-RestMethod -Method Get -Uri \"$baseUrl/serverinfo\" -Credential $Credential -TimeoutSec 90\n        Invoke-RestMethod -Method Get -Uri \"$baseUrl/stop?path=/examples\" -Credential $Credential -TimeoutSec 90\n        Invoke-RestMethod -Method Get -Uri \"$baseUrl/start?path=/examples\" -Credential $Credential -TimeoutSec 90\n        break;\n    }\n    catch\n    {\n        Write-Host 'Error' $_.Exception\n       \n        $retries--\n        if($retries -le 0)\n        {\n            throw\n        }\n\n        Start-Sleep -Seconds 10\n    }\n }\n",
                "errorActionPreference": "stop",
                "failOnStderr": "false",
                "ignoreLASTEXITCODE": "false",
                "pwsh": "false",
                "workingDirectory": ""
              }
            },
            {
              "environment": {},
              "taskId": "5d93dbe2-e57f-4b7c-a872-1e6b80a01904",
              "version": "0.*",
              "name": "Deploy application to a Tomcat server",
              "refName": "",
              "enabled": true,
              "alwaysRun": false,
              "continueOnError": true,
              "timeoutInMinutes": 0,
              "definitionType": "task",
              "overrideInputs": {},
              "condition": "succeeded()",
              "inputs": {
                "TomcatUrl": "http://$(apppublicip):8080",
                "Username": "manager",
                "Password": "manager@123",
                "Warfile": "$(System.DefaultWorkingDirectory)/_Coupons-CI/drop/target/ROOT.war",
                "Context": "/",
                "ServerVersion": "7OrAbove"
              }
            }
          ]
        }
      ],
      "environmentOptions": {
        "emailNotificationType": "OnlyOnFailure",
        "emailRecipients": "release.environment.owner;release.creator",
        "skipArtifactsDownload": false,
        "timeoutInMinutes": 0,
        "enableAccessToken": false,
        "publishDeploymentStatus": true,
        "badgeEnabled": false,
        "autoLinkWorkItems": false,
        "pullRequestDeploymentEnabled": false
      },
      "demands": [],
      "conditions": [
        {
          "name": "Release to SIT",
          "conditionType": "environmentState",
          "value": "4"
        }
      ],
      "executionPolicy": {
        "concurrencyCount": 1,
        "queueDepthCount": 0
      },
      "schedules": [],
      "currentRelease": {
        "id": 53,
        "url": "https://vsrm.dev.azure.com/abcdsse/eb1ae3df-fc9c-424e-817f-f42f8315de2d/_apis/Release/releases/53",
        "_links": {}
      },
      "retentionPolicy": {
        "daysToKeep": 30,
        "releasesToKeep": 3,
        "retainBuild": true
      },
      "processParameters": {},
      "properties": {
        "LinkBoardsWorkItems": {
          "$type": "System.String",
          "$value": "False"
        }
      },
      "preDeploymentGates": {
        "id": 0,
        "gatesOptions": null,
        "gates": []
      },
      "postDeploymentGates": {
        "id": 0,
        "gatesOptions": null,
        "gates": []
      },
      "environmentTriggers": [],
      "badgeUrl": ""
    },
    {
      "id": 49,
      "name": "Undeploy SIT",
      "rank": 7,
      "owner": {
        "displayName": "$OwnerDisplayName$",
        "url": "",
        "_links": "{}",
        "id": "$OwnerId$",
        "uniqueName": "$OwnerUniqueName$",
        "imageUrl": "",
        "descriptor": ""
      },
      "variables": {},
      "variableGroups": [
        "$Coupons-IaaS-SIT$"
      ],
      "preDeployApprovals": {
        "approvals": [
          {
            "rank": 1,
            "isAutomated": false,
            "isNotificationOn": false,
            "approver": {
              "displayName": null,
              "id": "3a718057-7af6-49c0-9abb-be956be6cc3d"
            },
            "id": 133
          }
        ],
        "approvalOptions": {
          "requiredApproverCount": null,
          "releaseCreatorCanBeApprover": true,
          "autoTriggeredAndPreviousEnvironmentApprovedCanBeSkipped": false,
          "enforceIdentityRevalidation": false,
          "timeoutInMinutes": 0,
          "executionOrder": "beforeGates"
        }
      },
      "deployStep": {
        "id": 140
      },
      "postDeployApprovals": {
        "approvals": [
          {
            "rank": 1,
            "isAutomated": true,
            "isNotificationOn": false,
            "id": 153
          }
        ],
        "approvalOptions": {
          "requiredApproverCount": null,
          "releaseCreatorCanBeApprover": false,
          "autoTriggeredAndPreviousEnvironmentApprovedCanBeSkipped": false,
          "enforceIdentityRevalidation": false,
          "timeoutInMinutes": 0,
          "executionOrder": "afterSuccessfulGates"
        }
      },
      "deployPhases": [
        {
          "deploymentInput": {
            "parallelExecution": {
              "parallelExecutionType": "none"
            },
            "agentSpecification": {
              "identifier": "vs2017-win2016"
            },
            "skipArtifactsDownload": false,
            "artifactsDownloadInput": {
              "downloadInputs": []
            },
            "queueId": "$Azure Pipelines$",
            "demands": [],
            "enableAccessToken": false,
            "timeoutInMinutes": 0,
            "jobCancelTimeoutInMinutes": 1,
            "condition": "succeeded()",
            "overrideInputs": {}
          },
          "rank": 1,
          "phaseType": "agentBasedDeployment",
          "name": "Agent job",
          "refName": null,
          "workflowTasks": [
            {
              "environment": {},
              "taskId": "72a1931b-effb-4d2e-8fd8-f8472a07cb62",
              "version": "4.*",
              "name": "Azure PowerShell script: FilePath",
              "refName": "",
              "enabled": true,
              "alwaysRun": false,
              "continueOnError": false,
              "timeoutInMinutes": 0,
              "definitionType": "task",
              "overrideInputs": {},
              "condition": "succeeded()",
              "inputs": {
                "ConnectedServiceNameARM": "",
                "ScriptType": "FilePath",
                "ScriptPath": "$(System.DefaultWorkingDirectory)/_Coupons-CI/drop/IaC/scripts/Undeploy.ps1",
                "Inline": "# You can write your azure powershell scripts inline here. \n# You can also pass predefined and custom variables to this script using arguments",
                "ScriptArguments": "-ResourceGroupName $(resourcegroup) -WebVmName $(appprefix)-app -DataVmName $(appprefix)-data -JumpboxVmName $(appprefix)-jbjbox -JumpboxVmScalesetName $(appprefix)-jb",
                "errorActionPreference": "stop",
                "FailOnStandardError": "false",
                "TargetAzurePs": "LatestVersion",
                "CustomTargetAzurePs": ""
              }
            }
          ]
        }
      ],
      "environmentOptions": {
        "emailNotificationType": "OnlyOnFailure",
        "emailRecipients": "release.environment.owner;release.creator",
        "skipArtifactsDownload": false,
        "timeoutInMinutes": 0,
        "enableAccessToken": false,
        "publishDeploymentStatus": true,
        "badgeEnabled": false,
        "autoLinkWorkItems": false,
        "pullRequestDeploymentEnabled": false
      },
      "demands": [],
      "conditions": [
        {
          "name": "Release to SIT",
          "conditionType": "environmentState",
          "value": "4"
        }
      ],
      "executionPolicy": {
        "concurrencyCount": 1,
        "queueDepthCount": 0
      },
      "schedules": [],
      "currentRelease": {
        "id": 0,
        "url": "https://vsrm.dev.azure.com/abcdsse/eb1ae3df-fc9c-424e-817f-f42f8315de2d/_apis/Release/releases/0",
        "_links": {}
      },
      "retentionPolicy": {
        "daysToKeep": 30,
        "releasesToKeep": 3,
        "retainBuild": true
      },
      "processParameters": {},
      "properties": {
        "LinkBoardsWorkItems": {
          "$type": "System.String",
          "$value": "False"
        }
      },
      "preDeploymentGates": {
        "id": 0,
        "gatesOptions": null,
        "gates": []
      },
      "postDeploymentGates": {
        "id": 0,
        "gatesOptions": null,
        "gates": []
      },
      "environmentTriggers": [],
      "badgeUrl": ""
    },
    {
      "id": 50,
      "name": "Release to PRD",
      "rank": 8,
      "owner": {
        "displayName": "$OwnerDisplayName$",
        "url": "",
        "_links": "{}",
        "id": "$OwnerId$",
        "uniqueName": "$OwnerUniqueName$",
        "imageUrl": "",
        "descriptor": ""
      },
      "variables": {},
      "variableGroups": [
        "$Coupons-IaaS-PRD$"
      ],
      "preDeployApprovals": {
        "approvals": [
          {
            "rank": 1,
            "isAutomated": false,
            "isNotificationOn": false,
            "approver": {
              "displayName": "[mytest]\\mytest Team",
              "url": "https://spsprodcus2.vssps.visualstudio.com/Ab558cd06-5b68-466b-95bd-7b709e2862f0/_apis/Identities/f4817093-c23a-409b-b126-0262ca79ead8",
              "_links": {
                "avatar": {
                  "href": "https://dev.azure.com/abcdsse/_apis/GraphProfile/MemberAvatars/vssgp.Uy0xLTktMTU1MTM3NDI0NS0zNzU2MjAyNzMxLTI2MzM3ODA4MDItMjE3MjY0NjQ0Ny0yMTk5MjQ4NDI5LTEtMjU5MDMwNDIyMC00NTE0NTkyMy0yNDU0MDU5NTk5LTEyMjk4MjM4NTE"
                }
              },
              "id": "f4817093-c23a-409b-b126-0262ca79ead8",
              "uniqueName": "vstfs:///Classification/TeamProject/eb1ae3df-fc9c-424e-817f-f42f8315de2d\\mytest Team",
              "imageUrl": "https://dev.azure.com/abcdsse/_apis/GraphProfile/MemberAvatars/vssgp.Uy0xLTktMTU1MTM3NDI0NS0zNzU2MjAyNzMxLTI2MzM3ODA4MDItMjE3MjY0NjQ0Ny0yMTk5MjQ4NDI5LTEtMjU5MDMwNDIyMC00NTE0NTkyMy0yNDU0MDU5NTk5LTEyMjk4MjM4NTE",
              "isContainer": true,
              "descriptor": "vssgp.Uy0xLTktMTU1MTM3NDI0NS0zNzU2MjAyNzMxLTI2MzM3ODA4MDItMjE3MjY0NjQ0Ny0yMTk5MjQ4NDI5LTEtMjU5MDMwNDIyMC00NTE0NTkyMy0yNDU0MDU5NTk5LTEyMjk4MjM4NTE"
            },
            "id": 258
          }
        ],
        "approvalOptions": {
          "requiredApproverCount": null,
          "releaseCreatorCanBeApprover": true,
          "autoTriggeredAndPreviousEnvironmentApprovedCanBeSkipped": false,
          "enforceIdentityRevalidation": false,
          "timeoutInMinutes": 0,
          "executionOrder": "beforeGates"
        }
      },
      "deployStep": {
        "id": 139
      },
      "postDeployApprovals": {
        "approvals": [
          {
            "rank": 1,
            "isAutomated": true,
            "isNotificationOn": false,
            "id": 154
          }
        ],
        "approvalOptions": {
          "requiredApproverCount": null,
          "releaseCreatorCanBeApprover": false,
          "autoTriggeredAndPreviousEnvironmentApprovedCanBeSkipped": false,
          "enforceIdentityRevalidation": false,
          "timeoutInMinutes": 0,
          "executionOrder": "afterSuccessfulGates"
        }
      },
      "deployPhases": [
        {
          "deploymentInput": {
            "parallelExecution": {
              "parallelExecutionType": "none"
            },
            "agentSpecification": {
              "identifier": "vs2017-win2016"
            },
            "skipArtifactsDownload": false,
            "artifactsDownloadInput": {
              "downloadInputs": []
            },
            "queueId": "$Azure Pipelines$",
            "demands": [],
            "enableAccessToken": false,
            "timeoutInMinutes": 0,
            "jobCancelTimeoutInMinutes": 1,
            "condition": "succeeded()",
            "overrideInputs": {}
          },
          "rank": 1,
          "phaseType": "agentBasedDeployment",
          "name": "Deploy application",
          "refName": null,
          "workflowTasks": [
            {
              "environment": {},
              "taskId": "fdb5a98d-3737-4116-b5d2-9adadeb459ef",
              "version": "1.*",
              "name": "Coupons Environment setup",
              "refName": "",
              "enabled": true,
              "alwaysRun": true,
              "continueOnError": true,
              "timeoutInMinutes": 0,
              "definitionType": "metaTask",
              "overrideInputs": {},
              "condition": "succeededOrFailed()",
              "inputs": {
                "appImageID": "$(appImageID)",
                "appprefix": "$(appprefix)",
                "appSubnet": "$(appSubnet)",
                "appVnet": "$(appVnet)",
                "databasepassword": "$(databasepassword)",
                "databaseusername": "$(databaseusername)",
                "dataImageID": "$(dataImageID)",
                "dataprivateip": "$(dataprivateip)",
                "dataSubnet": "$(dataSubnet)",
                "dataVnet": "$(dataVnet)",
                "location": "$(location)",
                "resourcegroup": "$(resourcegroup)",
                "storageAccount": "$(storageAccount)",
                "vmadmin": "$(vmadmin)",
                "vmpassword": "$(vmpassword)"
              }
            },
            {
              "environment": {},
              "taskId": "e213ff0f-5d5c-4791-802d-52ea3e7be1f1",
              "version": "2.*",
              "name": "Warmup Tomcat Manager",
              "refName": "",
              "enabled": true,
              "alwaysRun": false,
              "continueOnError": false,
              "timeoutInMinutes": 0,
              "definitionType": "task",
              "overrideInputs": {},
              "condition": "succeeded()",
              "inputs": {
                "targetType": "inline",
                "filePath": "",
                "arguments": "",
                "script": "$baseUrl = \"http://$(apppublicip):8080/manager/text\"\n$User = \"manager\"\n$PWord = ConvertTo-SecureString -String \"manager@123\" -AsPlainText -Force\n$Credential = New-Object -TypeName System.Management.Automation.PSCredential -ArgumentList $User, $PWord\n\nWrite-Host $baseUrl\n\n$retries = 5\nwhile ($retries -gt 0) \n{\n    try\n    {    \n        Invoke-RestMethod -Method Get -Uri \"$baseUrl/list\" -Credential $Credential -TimeoutSec 90\n        Invoke-RestMethod -Method Get -Uri \"$baseUrl/serverinfo\" -Credential $Credential -TimeoutSec 90\n        Invoke-RestMethod -Method Get -Uri \"$baseUrl/stop?path=/examples\" -Credential $Credential -TimeoutSec 90\n        Invoke-RestMethod -Method Get -Uri \"$baseUrl/start?path=/examples\" -Credential $Credential -TimeoutSec 90\n        break;\n    }\n    catch\n    {\n        Write-Host 'Error' $_.Exception\n       \n        $retries--\n        if($retries -le 0)\n        {\n            throw\n        }\n\n        Start-Sleep -Seconds 10\n    }\n }\n",
                "errorActionPreference": "stop",
                "failOnStderr": "false",
                "ignoreLASTEXITCODE": "false",
                "pwsh": "false",
                "workingDirectory": ""
              }
            },
            {
              "environment": {},
              "taskId": "5d93dbe2-e57f-4b7c-a872-1e6b80a01904",
              "version": "0.*",
              "name": "Deploy application to a Tomcat server",
              "refName": "",
              "enabled": true,
              "alwaysRun": false,
              "continueOnError": true,
              "timeoutInMinutes": 0,
              "definitionType": "task",
              "overrideInputs": {},
              "condition": "succeeded()",
              "inputs": {
                "TomcatUrl": "http://$(apppublicip):8080",
                "Username": "manager",
                "Password": "manager@123",
                "Warfile": "$(System.DefaultWorkingDirectory)/_Coupons-CI/drop/target/ROOT.war",
                "Context": "/",
                "ServerVersion": "7OrAbove"
              }
            }
          ]
        }
      ],
      "environmentOptions": {
        "emailNotificationType": "OnlyOnFailure",
        "emailRecipients": "release.environment.owner;release.creator",
        "skipArtifactsDownload": false,
        "timeoutInMinutes": 0,
        "enableAccessToken": false,
        "publishDeploymentStatus": true,
        "badgeEnabled": false,
        "autoLinkWorkItems": false,
        "pullRequestDeploymentEnabled": false
      },
      "demands": [],
      "conditions": [
        {
          "name": "Release to STG",
          "conditionType": "environmentState",
          "value": "4"
        }
      ],
      "executionPolicy": {
        "concurrencyCount": 1,
        "queueDepthCount": 0
      },
      "schedules": [],
      "currentRelease": {
        "id": 0,
        "url": "https://vsrm.dev.azure.com/abcdsse/eb1ae3df-fc9c-424e-817f-f42f8315de2d/_apis/Release/releases/0",
        "_links": {}
      },
      "retentionPolicy": {
        "daysToKeep": 30,
        "releasesToKeep": 3,
        "retainBuild": true
      },
      "processParameters": {},
      "properties": {
        "LinkBoardsWorkItems": {
          "$type": "System.String",
          "$value": "False"
        }
      },
      "preDeploymentGates": {
        "id": 0,
        "gatesOptions": null,
        "gates": []
      },
      "postDeploymentGates": {
        "id": 0,
        "gatesOptions": null,
        "gates": []
      },
      "environmentTriggers": [],
      "badgeUrl": ""
    },
    {
      "id": 51,
      "name": "Undeploy STG",
      "rank": 9,
      "owner": {
        "displayName": "$OwnerDisplayName$",
        "url": "",
        "_links": "{}",
        "id": "$OwnerId$",
        "uniqueName": "$OwnerUniqueName$",
        "imageUrl": "",
        "descriptor": ""
      },
      "variables": {},
      "variableGroups": [
        "$Coupons-IaaS-STG$"
      ],
      "preDeployApprovals": {
        "approvals": [
          {
            "rank": 1,
            "isAutomated": false,
            "isNotificationOn": false,
            "approver": {
              "displayName": null,
              "id": "3a718057-7af6-49c0-9abb-be956be6cc3d"
            },
            "id": 135
          }
        ],
        "approvalOptions": {
          "requiredApproverCount": null,
          "releaseCreatorCanBeApprover": true,
          "autoTriggeredAndPreviousEnvironmentApprovedCanBeSkipped": false,
          "enforceIdentityRevalidation": false,
          "timeoutInMinutes": 0,
          "executionOrder": "beforeGates"
        }
      },
      "deployStep": {
        "id": 138
      },
      "postDeployApprovals": {
        "approvals": [
          {
            "rank": 1,
            "isAutomated": true,
            "isNotificationOn": false,
            "id": 155
          }
        ],
        "approvalOptions": {
          "requiredApproverCount": null,
          "releaseCreatorCanBeApprover": false,
          "autoTriggeredAndPreviousEnvironmentApprovedCanBeSkipped": false,
          "enforceIdentityRevalidation": false,
          "timeoutInMinutes": 0,
          "executionOrder": "afterSuccessfulGates"
        }
      },
      "deployPhases": [
        {
          "deploymentInput": {
            "parallelExecution": {
              "parallelExecutionType": "none"
            },
            "agentSpecification": {
              "identifier": "vs2017-win2016"
            },
            "skipArtifactsDownload": false,
            "artifactsDownloadInput": {
              "downloadInputs": []
            },
            "queueId": "$Azure Pipelines$",
            "demands": [],
            "enableAccessToken": false,
            "timeoutInMinutes": 0,
            "jobCancelTimeoutInMinutes": 1,
            "condition": "succeeded()",
            "overrideInputs": {}
          },
          "rank": 1,
          "phaseType": "agentBasedDeployment",
          "name": "Agent job",
          "refName": null,
          "workflowTasks": [
            {
              "environment": {},
              "taskId": "72a1931b-effb-4d2e-8fd8-f8472a07cb62",
              "version": "4.*",
              "name": "Azure PowerShell script: FilePath",
              "refName": "",
              "enabled": true,
              "alwaysRun": false,
              "continueOnError": false,
              "timeoutInMinutes": 0,
              "definitionType": "task",
              "overrideInputs": {},
              "condition": "succeeded()",
              "inputs": {
                "ConnectedServiceNameARM": "",
                "ScriptType": "FilePath",
                "ScriptPath": "$(System.DefaultWorkingDirectory)/_Coupons-CI/drop/IaC/scripts/Undeploy.ps1",
                "Inline": "# You can write your azure powershell scripts inline here. \n# You can also pass predefined and custom variables to this script using arguments",
                "ScriptArguments": "-ResourceGroupName $(resourcegroup) -WebVmName $(appprefix)-app -DataVmName $(appprefix)-data -JumpboxVmName $(appprefix)-jbjbox -JumpboxVmScalesetName $(appprefix)-jb",
                "errorActionPreference": "stop",
                "FailOnStandardError": "false",
                "TargetAzurePs": "LatestVersion",
                "CustomTargetAzurePs": ""
              }
            }
          ]
        }
      ],
      "environmentOptions": {
        "emailNotificationType": "OnlyOnFailure",
        "emailRecipients": "release.environment.owner;release.creator",
        "skipArtifactsDownload": false,
        "timeoutInMinutes": 0,
        "enableAccessToken": false,
        "publishDeploymentStatus": true,
        "badgeEnabled": false,
        "autoLinkWorkItems": false,
        "pullRequestDeploymentEnabled": false
      },
      "demands": [],
      "conditions": [
        {
          "name": "Release to STG",
          "conditionType": "environmentState",
          "value": "4"
        }
      ],
      "executionPolicy": {
        "concurrencyCount": 1,
        "queueDepthCount": 0
      },
      "schedules": [],
      "currentRelease": {
        "id": 0,
        "url": "https://vsrm.dev.azure.com/abcdsse/eb1ae3df-fc9c-424e-817f-f42f8315de2d/_apis/Release/releases/0",
        "_links": {}
      },
      "retentionPolicy": {
        "daysToKeep": 30,
        "releasesToKeep": 3,
        "retainBuild": true
      },
      "processParameters": {},
      "properties": {
        "LinkBoardsWorkItems": {
          "$type": "System.String",
          "$value": "False"
        }
      },
      "preDeploymentGates": {
        "id": 0,
        "gatesOptions": null,
        "gates": []
      },
      "postDeploymentGates": {
        "id": 0,
        "gatesOptions": null,
        "gates": []
      },
      "environmentTriggers": [],
      "badgeUrl": ""
    },
    {
      "id": 52,
      "name": "Undeploy PRD",
      "rank": 10,
      "owner": {
        "displayName": "$OwnerDisplayName$",
        "url": "",
        "_links": "{}",
        "id": "$OwnerId$",
        "uniqueName": "$OwnerUniqueName$",
        "imageUrl": "",
        "descriptor": ""
      },
      "variables": {},
      "variableGroups": [
        "$Coupons-IaaS-PRD$"
      ],
      "preDeployApprovals": {
        "approvals": [
          {
            "rank": 1,
            "isAutomated": false,
            "isNotificationOn": false,
            "approver": {
              "displayName": null,
              "id": "3a718057-7af6-49c0-9abb-be956be6cc3d"
            },
            "id": 136
          }
        ],
        "approvalOptions": {
          "requiredApproverCount": null,
          "releaseCreatorCanBeApprover": true,
          "autoTriggeredAndPreviousEnvironmentApprovedCanBeSkipped": false,
          "enforceIdentityRevalidation": false,
          "timeoutInMinutes": 0,
          "executionOrder": "beforeGates"
        }
      },
      "deployStep": {
        "id": 137
      },
      "postDeployApprovals": {
        "approvals": [
          {
            "rank": 1,
            "isAutomated": true,
            "isNotificationOn": false,
            "id": 156
          }
        ],
        "approvalOptions": {
          "requiredApproverCount": null,
          "releaseCreatorCanBeApprover": false,
          "autoTriggeredAndPreviousEnvironmentApprovedCanBeSkipped": false,
          "enforceIdentityRevalidation": false,
          "timeoutInMinutes": 0,
          "executionOrder": "afterSuccessfulGates"
        }
      },
      "deployPhases": [
        {
          "deploymentInput": {
            "parallelExecution": {
              "parallelExecutionType": "none"
            },
            "agentSpecification": {
              "identifier": "vs2017-win2016"
            },
            "skipArtifactsDownload": false,
            "artifactsDownloadInput": {
              "downloadInputs": []
            },
            "queueId": "$Azure Pipelines$",
            "demands": [],
            "enableAccessToken": false,
            "timeoutInMinutes": 0,
            "jobCancelTimeoutInMinutes": 1,
            "condition": "succeeded()",
            "overrideInputs": {}
          },
          "rank": 1,
          "phaseType": "agentBasedDeployment",
          "name": "Agent job",
          "refName": null,
          "workflowTasks": [
            {
              "environment": {},
              "taskId": "72a1931b-effb-4d2e-8fd8-f8472a07cb62",
              "version": "4.*",
              "name": "Azure PowerShell script: FilePath",
              "refName": "",
              "enabled": true,
              "alwaysRun": false,
              "continueOnError": false,
              "timeoutInMinutes": 0,
              "definitionType": "task",
              "overrideInputs": {},
              "condition": "succeeded()",
              "inputs": {
                "ConnectedServiceNameARM": "",
                "ScriptType": "FilePath",
                "ScriptPath": "$(System.DefaultWorkingDirectory)/_Coupons-CI/drop/IaC/scripts/Undeploy.ps1",
                "Inline": "# You can write your azure powershell scripts inline here. \n# You can also pass predefined and custom variables to this script using arguments",
                "ScriptArguments": "-ResourceGroupName $(resourcegroup) -WebVmName $(appprefix)-app -DataVmName $(appprefix)-data -JumpboxVmName $(appprefix)-jbjbox -JumpboxVmScalesetName $(appprefix)-jb",
                "errorActionPreference": "stop",
                "FailOnStandardError": "false",
                "TargetAzurePs": "LatestVersion",
                "CustomTargetAzurePs": ""
              }
            }
          ]
        }
      ],
      "environmentOptions": {
        "emailNotificationType": "OnlyOnFailure",
        "emailRecipients": "release.environment.owner;release.creator",
        "skipArtifactsDownload": false,
        "timeoutInMinutes": 0,
        "enableAccessToken": false,
        "publishDeploymentStatus": true,
        "badgeEnabled": false,
        "autoLinkWorkItems": false,
        "pullRequestDeploymentEnabled": false
      },
      "demands": [],
      "conditions": [
        {
          "name": "Release to PRD",
          "conditionType": "environmentState",
          "value": "4"
        }
      ],
      "executionPolicy": {
        "concurrencyCount": 1,
        "queueDepthCount": 0
      },
      "schedules": [],
      "currentRelease": {
        "id": 0,
        "url": "https://vsrm.dev.azure.com/abcdsse/eb1ae3df-fc9c-424e-817f-f42f8315de2d/_apis/Release/releases/0",
        "_links": {}
      },
      "retentionPolicy": {
        "daysToKeep": 30,
        "releasesToKeep": 3,
        "retainBuild": true
      },
      "processParameters": {},
      "properties": {
        "LinkBoardsWorkItems": {
          "$type": "System.String",
          "$value": "False"
        }
      },
      "preDeploymentGates": {
        "id": 0,
        "gatesOptions": null,
        "gates": []
      },
      "postDeploymentGates": {
        "id": 0,
        "gatesOptions": null,
        "gates": []
      },
      "environmentTriggers": [],
      "badgeUrl": ""
    }
  ],
  "artifacts": [
    {
      "sourceId": "$ProjectId$:$Coupons-CI-CQ-id$",
      "type": "Build",
      "alias": "_Coupons-CI",
      "definitionReference": {
        "artifactSourceDefinitionUrl": "{}",
        "defaultVersionBranch": {
          "id": "",
          "name": ""
        },
        "defaultVersionSpecific": {
          "id": "",
          "name": ""
        },
        "defaultVersionTags": {
          "id": "",
          "name": ""
        },
        "defaultVersionType": {
          "id": "latestType",
          "name": "Latest"
        },
        "definition": {
          "id": "$Coupons-CI-CQ-id$",
          "name": "Coupons-CI-CQ"
        },
        "definitions": {
          "id": "",
          "name": ""
        },
        "IsMultiDefinitionType": {
          "id": "False",
          "name": "False"
        },
        "project": {
          "id": "$ProjectId$",
          "name": "$ProjectName$"
        },
        "repository": {
          "id": "",
          "name": ""
        }
      },
      "isPrimary": true,
      "isRetained": false
    }
  ],
  "triggers": [],
  "releaseNameFormat": "Release-$(rev:r)",
  "tags": [],
  "properties": {
    "DefinitionCreationSource": {
      "$type": "System.String",
      "$value": "ReleaseClone"
    },
    "IntegrateBoardsWorkItems": {
      "$type": "System.String",
      "$value": "False"
    },
    "IntegrateJiraWorkItems": {
      "$type": "System.String",
      "$value": "false"
    }
  },
  "id": "",
  "name": "Coupons-CD-CQ",
  "path": "\\DevOps-Dojo-Coupons-CD (for reference)",
  "projectReference": null,
  "url": "",
  "_links": "{}"
}